,0
AT3G62530.1,ARM repeat superfamily protein
AT5G55450.1,Bifunctional inhibitor/lipid-transfer protein/seed storage 2S albumin superfamily protein
AT2G25450.1,2-oxoglutarate (2OG) and Fe(II)-dependent oxygenase superfamily protein
AT1G75780.1,tubulin beta-1 chain
AT3G22231.1;AT3G22235.1;AT3G22235.2,pathogen and circadian controlled 1;BEST Arabidopsis thaliana protein match is: pathogen and circadian controlled 1 (TAIR:AT3G22231.1);Has 122 Blast hits to 122 proteins in 11 species: Archae - 0;Bacteria - 0;Metazoa - 0;Fungi - 0;Plants - 122;Viruses - 0;Other Eukaryotes - 0 (source: NCBI BLink).;FUNCTIONS IN: molecular_function unknown;INVOLVED IN: biological_process unknown;BEST Arabidopsis thaliana protein match is: pathogen and circadian controlled 1 (TAIR:AT3G22231.1);Has 122 Blast hits to 122 proteins in 11 species: Archae - 0;Bacteria - 0;Metazoa - 0;Fungi - 0;Plants - 122;Viruses - 0;Other Eukaryotes - 0 (source: NCBI BLink).
AT4G31870.1,glutathione peroxidase 7
AT3G14210.1,epithiospecifier modifier 1
AT5G03350.1,Legume lectin family protein
AT4G24350.1,Phosphorylase superfamily protein
AT4G21650.1,Subtilase family protein
AT1G45474.1;AT1G45474.2,photosystem I light harvesting complex gene 5
AT3G57240.1,"beta-1,3-glucanase 3"
AT4G16990.2,"disease resistance protein (TIR-NBS class), putative"
AT3G14920.1,Peptide-N4-(N-acetyl-beta-glucosaminyl)asparagine amidase A protein
AT4G12390.1,pectin methylesterase inhibitor 1
AT5G07820.1,Plant calmodulin-binding protein-related
AT1G77480.1,Eukaryotic aspartyl protease family protein
AT2G29000.1,Leucine-rich repeat protein kinase family protein
AT2G35820.1,ureidoglycolate hydrolases
AT1G66940.1;AT1G66940.2;AT1G66940.3,protein kinase-related
AT4G12510.1;AT4G12520.1,Bifunctional inhibitor/lipid-transfer protein/seed storage 2S albumin superfamily protein
AT1G29810.1,Transcriptional coactivator/pterin dehydratase
AT1G61520.1;AT1G61520.3,photosystem I light harvesting complex gene 3
AT1G54010.1,GDSL-like Lipase/Acylhydrolase superfamily protein
AT1G19860.1,Zinc finger C-x8-C-x5-C-x3-H type family protein
AT3G62460.1,Putative endonuclease or glycosyl hydrolase
AT3G54890.1;AT3G54890.4,photosystem I light harvesting complex gene 1
AT4G10340.1,light harvesting complex of photosystem II 5
AT1G43890.1;AT1G43890.2;AT1G43890.3,RAB GTPASE HOMOLOG B18
AT3G09030.1,BTB/POZ domain-containing protein
AT3G60420.1,Phosphoglycerate mutase family protein
AT2G44870.1,unknown protein;FUNCTIONS IN: molecular_function unknown;INVOLVED IN: biological_process unknown;LOCATED IN: chloroplast;EXPRESSED IN: 22 plant structures;EXPRESSED DURING: 15 growth stages;Has 39 Blast hits to 39 proteins in 18 species: Archae - 0;Bacteria - 2;Metazoa - 0;Fungi - 0;Plants - 37;Viruses - 0;Other Eukaryotes - 0 (source: NCBI BLink).
AT1G57590.1,Pectinacetylesterase family protein
AT3G06050.1,peroxiredoxin IIF
AT2G42540.1;AT2G42540.2,cold-regulated 15a
AT1G14880.1,PLANT CADMIUM RESISTANCE 1
AT1G32920.1,unknown protein;FUNCTIONS IN: molecular_function unknown;INVOLVED IN: response to wounding;LOCATED IN: endomembrane system;EXPRESSED IN: 23 plant structures;EXPRESSED DURING: 13 growth stages;BEST Arabidopsis thaliana protein match is: unknown protein (TAIR:AT1G32928.1);Has 42 Blast hits to 42 proteins in 8 species: Archae - 0;Bacteria - 0;Metazoa - 0;Fungi - 0;Plants - 42;Viruses - 0;Other Eukaryotes - 0 (source: NCBI BLink).
AT3G47470.1,light-harvesting chlorophyll-protein complex I subunit A4
AT2G15530.1;AT2G15530.2;AT2G15530.3;AT2G15530.4;AT4G34040.1,RING/U-box superfamily protein
AT5G09300.1;AT5G09300.2,Thiamin diphosphate-binding fold (THDP-binding) superfamily protein
AT4G14490.1,SMAD/FHA domain-containing protein
AT3G16530.1,Legume lectin family protein
AT1G52590.1,Putative thiol-disulphide oxidoreductase DCC
AT3G04720.1,pathogenesis-related 4
AT3G62310.1,RNA helicase family protein
AT2G36970.1,UDP-Glycosyltransferase superfamily protein
AT5G41870.1,Pectin lyase-like superfamily protein
AT4G14605.1,Mitochondrial transcription termination factor family protein
AT4G16260.1,Glycosyl hydrolase superfamily protein
AT2G05380.1,glycine-rich protein 3 short isoform
AT4G14400.1,ankyrin repeat family protein
AT1G27020.1,unknown protein;BEST Arabidopsis thaliana protein match is: unknown protein (TAIR:AT1G27030.1);Has 514 Blast hits to 514 proteins in 175 species: Archae - 0;Bacteria - 311;Metazoa - 0;Fungi - 0;Plants - 65;Viruses - 0;Other Eukaryotes - 138 (source: NCBI BLink).
AT5G57290.1;AT5G57290.2;AT5G57290.3,60S acidic ribosomal protein family
AT3G56060.1,Glucose-methanol-choline (GMC) oxidoreductase family protein
AT4G16800.1,ATP-dependent caseinolytic (Clp) protease/crotonase family protein
AT1G55670.1,photosystem I subunit G
AT3G47833.1,unknown protein;BEST Arabidopsis thaliana protein match is: unknown protein (TAIR:AT5G62575.2);Has 42 Blast hits to 42 proteins in 12 species: Archae - 0;Bacteria - 0;Metazoa - 0;Fungi - 0;Plants - 42;Viruses - 0;Other Eukaryotes - 0 (source: NCBI BLink).
AT1G30380.1,photosystem I subunit K
AT1G02920.1,glutathione S-transferase 7
AT2G24180.1,cytochrome p450 71b6
AT4G11790.1,Pleckstrin homology (PH) domain superfamily protein
AT4G20230.1,Terpenoid cyclases/Protein prenyltransferases superfamily protein
AT3G61470.1,photosystem I light harvesting complex gene 2
AT3G50950.1;AT3G50950.2,HOPZ-ACTIVATED RESISTANCE 1
AT1G33960.1,P-loop containing nucleoside triphosphate hydrolases superfamily protein
AT2G20260.1,photosystem I subunit E-2
AT3G15356.1,Legume lectin family protein
AT1G19300.1,Nucleotide-diphospho-sugar transferases superfamily protein
AT1G65520.1,"delta(3), delta(2)-enoyl CoA isomerase 1"
AT1G28290.1;AT1G28290.2,arabinogalactan protein 31
AT4G35100.1;AT4G35100.2,plasma membrane intrinsic protein 3
AT3G51330.1,Eukaryotic aspartyl protease family protein
AT4G28740.1,FUNCTIONS IN: molecular_function unknown;INVOLVED IN: biological_process unknown;LOCATED IN: chloroplast;EXPRESSED IN: 21 plant structures;EXPRESSED DURING: 13 growth stages;CONTAINS InterPro DOMAIN/s: Protein of unknown function DUF3493 (InterPro:IPR021883);BEST Arabidopsis thaliana protein match is: tetratricopeptide repeat (TPR)-containing protein (TAIR:AT1G02910.1);Has 30201 Blast hits to 17322 proteins in 780 species: Archae - 12;Bacteria - 1396;Metazoa - 17338;Fungi - 3422;Plants - 5037;Viruses - 0;Other Eukaryotes - 2996 (source: NCBI BLink).
AT2G42590.3,general regulatory factor 9
AT5G05990.1,Mitochondrial glycoprotein family protein
AT1G78660.1;AT1G78660.2;AT1G78660.3,gamma-glutamyl hydrolase 1
AT3G46670.1,UDP-glucosyl transferase 76E11
AT2G26440.1,Plant invertase/pectin methylesterase inhibitor superfamily
AT4G34230.1;AT4G34230.2,cinnamyl alcohol dehydrogenase 5
AT2G29460.1,glutathione S-transferase tau 4
AT5G51140.1;AT5G51140.2,Pseudouridine synthase family protein
AT3G22850.1,Aluminium induced protein with YGL and LRDR motifs
AT4G30690.1,Translation initiation factor 3 protein
AT2G40550.1,E2F target gene 1
AT5G05890.1,UDP-Glycosyltransferase superfamily protein
AT4G30680.1,"Initiation factor eIF-4 gamma, MA3"
AT2G35780.1,serine carboxypeptidase-like 26
AT1G04110.1,Subtilase family protein
AT2G42530.1,cold regulated 15b
AT1G79590.1;AT1G79590.2,syntaxin of plants 52
AT5G09440.1,EXORDIUM like 4
AT5G30490.1;AT5G30490.2,CONTAINS InterPro DOMAIN/s: Craniofacial development protein 1/Bucentaur (InterPro:IPR011421);Has 333 Blast hits to 324 proteins in 149 species: Archae - 0;Bacteria - 18;Metazoa - 117;Fungi - 96;Plants - 49;Viruses - 0;Other Eukaryotes - 53 (source: NCBI BLink).;FUNCTIONS IN: molecular_function unknown;INVOLVED IN: biological_process unknown;LOCATED IN: cellular_component unknown;EXPRESSED IN: 22 plant structures;EXPRESSED DURING: 13 growth stages;CONTAINS InterPro DOMAIN/s: Craniofacial development protein 1/Bucentaur (InterPro:IPR011421);Has 333 Blast hits to 324 proteins in 149 species: Archae - 0;Bacteria - 18;Metazoa - 117;Fungi - 96;Plants - 49;Viruses - 0;Other Eukaryotes - 53 (source: NCBI BLink).
AT3G54850.1,plant U-box 14
AT5G04230.1;AT5G04230.2,phenyl alanine ammonia-lyase 3
AT3G25760.1,allene oxide cyclase 1
AT4G23570.1;AT4G23570.2,phosphatase-related
AT5G52890.1;AT5G52890.2,AT hook motif-containing protein
AT4G28750.1,Photosystem I reaction centre subunit IV / PsaE protein
AT3G16190.1,Isochorismatase family protein
AT2G05520.2,glycine-rich protein 3
AT1G19670.1,chlorophyllase 1
AT1G21130.1;AT1G21130.2,O-methyltransferase family protein
AT2G18660.1,plant natriuretic peptide A
AT3G11070.1,Outer membrane OMP85 family protein
AT2G15480.1;AT2G15480.2;AT2G15490.1;AT2G15490.2;AT2G15490.3,UDP-glucosyl transferase 73B5;UDP-glucosyl transferase 73B5;UDP-glycosyltransferase 73B4;UDP-glycosyltransferase 73B4;UDP-glycosyltransferase 73B4
AT2G28900.1,outer plastid envelope protein 16-1
AT2G26400.1,acireductone dioxygenase 3
AT5G10880.1,tRNA synthetase-related / tRNA ligase-related
AT3G54200.1,Late embryogenesis abundant (LEA) hydroxyproline-rich glycoprotein family
AT3G50930.1,cytochrome BC1 synthesis
AT2G26560.1,phospholipase A 2A
AT5G54270.1,light-harvesting chlorophyll B-binding protein 3
AT4G13170.1,Ribosomal protein L13 family protein
AT1G21730.1,P-loop containing nucleoside triphosphate hydrolases superfamily protein
AT4G09720.1;AT4G09720.3;AT4G09720.4,RAB GTPase homolog G3A
AT2G26550.1;AT2G26550.2;AT2G26550.3,heme oxygenase 2
AT3G08940.2,light harvesting complex photosystem II
AT1G15820.1,light harvesting complex photosystem II subunit 6
AT4G04320.1,malonyl-CoA decarboxylase family protein
AT2G40100.1,light harvesting complex photosystem II
AT5G25250.1,SPFH/Band 7/PHB domain-containing membrane-associated protein family
AT1G02930.1;AT1G02930.2,glutathione S-transferase 6
AT3G01500.1,carbonic anhydrase 1
AT3G56340.1,Ribosomal protein S26e family protein
AT2G27190.1,purple acid phosphatase 12
AT3G45960.1;AT3G45960.2,expansin-like A3
AT5G59900.1,Pentatricopeptide repeat (PPR) superfamily protein
AT2G15220.1,Plant basic secretory protein (BSP) family protein
AT5G61450.1,P-loop containing nucleoside triphosphate hydrolases superfamily protein
AT4G12880.1;AT4G12880.2,early nodulin-like protein 19
AT4G02770.1,photosystem I subunit D-1
AT1G52230.1,photosystem I subunit H2
AT5G08340.1;AT5G08340.2,Nucleotidylyl transferase superfamily protein
AT5G14780.1,formate dehydrogenase
AT3G43270.1,Plant invertase/pectin methylesterase inhibitor superfamily
AT3G21230.1,4-coumarate:CoA ligase 5
AT3G63460.2,transducin family protein / WD-40 repeat family protein
AT5G52310.1,low-temperature-responsive protein 78 (LTI78) / desiccation-responsive protein 29A (RD29A)
AT3G02180.1;AT3G02180.2,SPIRAL1-like3
AT4G02520.1,glutathione S-transferase PHI 2
AT3G61990.1,S-adenosyl-L-methionine-dependent methyltransferases superfamily protein
ATCG00040.1,maturase K
AT3G23660.1,Sec23/Sec24 protein transport family protein
AT1G64330.1,myosin heavy chain-related
AT3G47960.1,Major facilitator superfamily protein
AT5G17420.1,Cellulose synthase family protein
AT4G23180.1,cysteine-rich RLK (RECEPTOR-like protein kinase) 10
AT2G14610.1,pathogenesis-related gene 1
AT1G72930.1;AT1G72930.2,toll/interleukin-1 receptor-like
AT3G14840.2,Leucine-rich repeat transmembrane protein kinase
AT4G02330.1,Plant invertase/pectin methylesterase inhibitor superfamily
AT1G29910.1;AT1G29920.1,chlorophyll A/B binding protein 3;chlorophyll A/B-binding protein 2
AT1G14820.3,Sec14p-like phosphatidylinositol transfer family protein
AT4G23040.1,Ubiquitin-like superfamily protein
AT2G39850.1,Subtilisin-like serine endopeptidase family protein
AT5G01530.1,light harvesting complex photosystem II
AT5G50110.1,S-adenosyl-L-methionine-dependent methyltransferases superfamily protein
ATMG00160.1,cytochrome oxidase 2
AT4G39230.1,NmrA-like negative transcriptional regulator family protein
AT1G19835.1;AT1G19835.2,Plant protein of unknown function (DUF869)
AT5G28830.1,calcium-binding EF hand family protein
AT5G62000.1;AT5G62000.2;AT5G62000.3;AT5G62000.4,auxin response factor 2
AT3G29130.1;AT3G29130.2,CONTAINS InterPro DOMAIN/s: Domain of unknown function KxDL (InterPro:IPR019371);Has 135 Blast hits to 135 proteins in 54 species: Archae - 0;Bacteria - 0;Metazoa - 106;Fungi - 0;Plants - 26;Viruses - 0;Other Eukaryotes - 3 (source: NCBI BLink).;FUNCTIONS IN: molecular_function unknown;INVOLVED IN: biological_process unknown;LOCATED IN: cellular_component unknown;CONTAINS InterPro DOMAIN/s: Domain of unknown function KxDL (InterPro:IPR019371).
AT1G53080.1,Legume lectin family protein
AT4G04020.1,fibrillin
AT1G29050.1,TRICHOME BIREFRINGENCE-LIKE 38
AT2G17380.1;AT4G35410.1;AT4G35410.2,associated protein 19;Clathrin adaptor complex small chain family protein;Clathrin adaptor complex small chain family protein
AT5G19240.1,Glycoprotein membrane precursor GPI-anchored
AT4G23670.1,Polyketide cyclase/dehydrase and lipid transport superfamily protein
AT4G19880.1,Glutathione S-transferase family protein
AT3G12012.1,conserved peptide upstream open reading frame 20
AT4G31880.1;AT4G31880.2,"LOCATED IN: cytosol, chloroplast;EXPRESSED IN: 24 plant structures;EXPRESSED DURING: 14 growth stages;BEST Arabidopsis thaliana protein match is: Tudor/PWWP/MBT superfamily protein (TAIR:AT1G15940.1);Has 137162 Blast hits to 70781 proteins in 2973 species: Archae - 289;Bacteria - 24182;Metazoa - 56725;Fungi - 20130;Plants - 6559;Viruses - 758;Other Eukaryotes - 28519 (source: NCBI BLink).;LOCATED IN: cytosol;EXPRESSED IN: 24 plant structures;EXPRESSED DURING: 14 growth stages;BEST Arabidopsis thaliana protein match is: Tudor/PWWP/MBT superfamily protein (TAIR:AT1G15940.1)."
AT5G03630.1,Pyridine nucleotide-disulphide oxidoreductase family protein
AT1G62480.1,Vacuolar calcium-binding protein-related
AT2G03140.1;AT2G03140.2,alpha/beta-Hydrolases superfamily protein
AT5G55050.1,GDSL-like Lipase/Acylhydrolase superfamily protein
AT3G61870.1;AT3G61870.2,"unknown protein;FUNCTIONS IN: molecular_function unknown;INVOLVED IN: biological_process unknown;LOCATED IN: chloroplast, chloroplast inner membrane, chloroplast envelope;EXPRESSED IN: 23 plant structures;EXPRESSED DURING: 14 growth stages;Has 200 Blast hits to 200 proteins in 73 species: Archae - 0;Bacteria - 112;Metazoa - 0;Fungi - 0;Plants - 53;Viruses - 0;Other Eukaryotes - 35 (source: NCBI BLink).;unknown protein;FUNCTIONS IN: molecular_function unknown;INVOLVED IN: biological_process unknown;LOCATED IN: chloroplast, chloroplast inner membrane;EXPRESSED IN: 23 plant structures;EXPRESSED DURING: 14 growth stages;Has 35333 Blast hits to 34131 proteins in 2444 species: Archae - 798;Bacteria - 22429;Metazoa - 974;Fungi - 991;Plants - 531;Viruses - 0;Other Eukaryotes - 9610 (source: NCBI BLink)."
AT5G14800.1,pyrroline-5- carboxylate (P5C) reductase
AT1G34760.1;AT1G34760.2,general regulatory factor 11
AT5G12430.1,Heat shock protein DnaJ with tetratricopeptide repeat
AT4G22240.1,Plastid-lipid associated protein PAP / fibrillin family protein
AT1G69030.1,BSD domain-containing protein
AT2G33380.1;AT2G33380.2,Caleosin-related family protein
AT5G42060.1,"DEK, chromatin associated protein"
AT1G21250.1,cell wall-associated kinase
AT1G08250.1,arogenate dehydratase 6
AT1G50510.1,indigoidine synthase A family protein
AT1G31330.1,photosystem I subunit F
AT1G73740.1,UDP-Glycosyltransferase superfamily protein
AT1G04900.1,Protein of unknown function (DUF185)
AT1G09290.1,unknown protein;Has 73 Blast hits to 71 proteins in 26 species: Archae - 0;Bacteria - 0;Metazoa - 5;Fungi - 11;Plants - 54;Viruses - 0;Other Eukaryotes - 3 (source: NCBI BLink).
AT3G28900.1,Ribosomal protein L34e superfamily protein
AT5G08300.1,"Succinyl-CoA ligase, alpha subunit"
ATCG00340.1,"Photosystem I, PsaA/PsaB protein"
AT3G09100.1;AT3G09100.2,mRNA capping enzyme family protein
AT5G47630.1;AT5G47630.2,mitochondrial acyl carrier protein 3
AT1G17860.1,Kunitz family trypsin and protease inhibitor protein
AT4G18130.1,phytochrome E
AT2G33830.1;AT2G33830.2,Dormancy/auxin associated family protein
AT3G26840.1,Esterase/lipase/thioesterase family protein
AT3G16700.1,Fumarylacetoacetate (FAA) hydrolase family
AT1G77122.1,Uncharacterised protein family UPF0090
AT5G04170.1,Calcium-binding EF-hand family protein
AT1G28330.1;AT1G28330.4,dormancy-associated protein-like 1
AT5G45780.1,Leucine-rich repeat protein kinase family protein
AT3G51730.1,saposin B domain-containing protein
AT4G30270.1,xyloglucan endotransglucosylase/hydrolase 24
AT1G66330.1;AT1G66330.2,senescence-associated family protein
AT3G62750.1,beta glucosidase 8
AT1G63250.1;AT2G07750.1,DEA(D/H)-box RNA helicase family protein
AT2G30620.1;AT2G30620.2,winged-helix DNA-binding transcription factor family protein
AT2G32090.1,Lactoylglutathione lyase / glyoxalase I family protein
AT3G01340.1;AT3G01340.2,Transducin/WD40 repeat-like superfamily protein
AT5G09860.1;AT5G09860.2,nuclear matrix protein-related
AT2G42500.1,protein phosphatase 2A-3
AT3G13790.1;AT3G13790.2,Glycosyl hydrolases family 32 protein
AT3G26618.1,eukaryotic release factor 1-3
AT3G26630.1,Tetratricopeptide repeat (TPR)-like superfamily protein
AT1G02300.1,Cysteine proteinases superfamily protein
AT1G27680.1,ADPGLC-PPase large subunit
AT2G01720.1,Ribophorin I
ATCG00270.1,photosystem II reaction center protein D
AT1G10950.1,transmembrane nine 1
AT2G22420.1,Peroxidase superfamily protein
AT1G15280.1;AT1G15280.2,CASC3/Barentsz eIF4AIII binding
AT3G01290.1,SPFH/Band 7/PHB domain-containing membrane-associated protein family
AT3G13800.1;AT3G13800.2,Metallo-hydrolase/oxidoreductase superfamily protein
AT1G55265.1,"Protein of unknown function, DUF538"
AT3G56090.1,ferritin 3
AT3G17830.1,Molecular chaperone Hsp40/DnaJ family protein
AT3G58170.1,BET1P/SFT1P-like protein 14A
AT1G53780.1;AT1G53780.2;AT1G53780.3,peptidyl-prolyl cis-trans isomerases;hydrolases;nucleoside-triphosphatases;ATP binding;nucleotide binding;ATPases;peptidyl-prolyl cis-trans isomerases;hydrolases;nucleoside-triphosphatases;ATP binding;nucleotide binding;ATPases;peptidyl-prolyl cis-trans isomerases;hydrolases;nucleoside-triphosphatases;ATP binding;nucleotide binding;ATPases
AT4G18250.1,"receptor serine/threonine kinase, putative"
AT1G56510.1,Disease resistance protein (TIR-NBS-LRR class)
AT4G29900.1,autoinhibited Ca(2+)-ATPase 10
AT1G66150.1,transmembrane kinase 1
AT5G47435.1;AT5G47435.2,"formyltetrahydrofolate deformylase, putative;formyltetrahydrofolate deformylase, putative"
AT5G44020.1,"HAD superfamily, subfamily IIIB acid phosphatase"
AT2G14560.1,Protein of unknown function (DUF567)
AT1G70730.1;AT1G70730.2;AT1G70730.3,Phosphoglucomutase/phosphomannomutase family protein
AT4G17360.1,Formyl transferase
ATCG00350.1,"Photosystem I, PsaA/PsaB protein"
AT1G22360.1,UDP-glucosyl transferase 85A2
AT5G06320.1,NDR1/HIN1-like 3
AT3G11930.1;AT3G11930.2;AT3G11930.3;AT3G11930.4,Adenine nucleotide alpha hydrolases-like superfamily protein
AT4G01150.1,"unknown protein;FUNCTIONS IN: molecular_function unknown;INVOLVED IN: biological_process unknown;LOCATED IN: thylakoid, chloroplast thylakoid membrane, chloroplast, plastoglobule, chloroplast envelope;EXPRESSED IN: 23 plant structures;EXPRESSED DURING: 14 growth stages;BEST Arabidopsis thaliana protein match is: unknown protein (TAIR:AT4G38100.1);Has 323 Blast hits to 323 proteins in 59 species: Archae - 0;Bacteria - 107;Metazoa - 0;Fungi - 0;Plants - 206;Viruses - 0;Other Eukaryotes - 10 (source: NCBI BLink)."
AT4G29480.1,Mitochondrial ATP synthase subunit G protein
AT3G22210.1,unknown protein;FUNCTIONS IN: molecular_function unknown;INVOLVED IN: biological_process unknown;LOCATED IN: endomembrane system;EXPRESSED IN: 21 plant structures;EXPRESSED DURING: 13 growth stages;Has 26 Blast hits to 26 proteins in 13 species: Archae - 0;Bacteria - 0;Metazoa - 0;Fungi - 0;Plants - 26;Viruses - 0;Other Eukaryotes - 0 (source: NCBI BLink).
AT2G37130.1;AT2G37130.2,Peroxidase superfamily protein
AT4G35220.1,Cyclase family protein
ATCG00280.1,photosystem II reaction center protein C
AT4G34090.1;AT4G34090.3,"unknown protein;FUNCTIONS IN: molecular_function unknown;INVOLVED IN: biological_process unknown;LOCATED IN: chloroplast, chloroplast stroma;EXPRESSED IN: 22 plant structures;EXPRESSED DURING: 13 growth stages;BEST Arabidopsis thaliana protein match is: unknown protein (TAIR:AT2G23370.1);Has 30201 Blast hits to 17322 proteins in 780 species: Archae - 12;Bacteria - 1396;Metazoa - 17338;Fungi - 3422;Plants - 5037;Viruses - 0;Other Eukaryotes - 2996 (source: NCBI BLink).;unknown protein;FUNCTIONS IN: molecular_function unknown;INVOLVED IN: biological_process unknown;EXPRESSED IN: 22 plant structures;EXPRESSED DURING: 13 growth stages;BEST Arabidopsis thaliana protein match is: unknown protein (TAIR:AT2G23370.1)."
AT5G19990.1,regulatory particle triple-A ATPase 6A
AT4G32940.1,gamma vacuolar processing enzyme
AT1G31550.1;AT1G31550.2,GDSL-like Lipase/Acylhydrolase superfamily protein
AT4G02405.1,S-adenosyl-L-methionine-dependent methyltransferases superfamily protein
AT3G17590.1,"transcription regulatory protein SNF5, putative (BSH)"
AT1G08050.1,Zinc finger (C3HC4-type RING finger) family protein
AT3G14120.1;AT3G14120.2;AT3G14120.3,FUNCTIONS IN: molecular_function unknown;INVOLVED IN: transport;LOCATED IN: nuclear pore;EXPRESSED IN: 23 plant structures;EXPRESSED DURING: 13 growth stages;CONTAINS InterPro DOMAIN/s: Nuclear pore protein 84/107 (InterPro:IPR007252);Has 5399 Blast hits to 5001 proteins in 612 species: Archae - 19;Bacteria - 730;Metazoa - 2186;Fungi - 823;Plants - 382;Viruses - 37;Other Eukaryotes - 1222 (source: NCBI BLink).;FUNCTIONS IN: molecular_function unknown;INVOLVED IN: transport;LOCATED IN: nuclear pore;EXPRESSED IN: 23 plant structures;EXPRESSED DURING: 13 growth stages;CONTAINS InterPro DOMAIN/s: Nuclear pore protein 84/107 (InterPro:IPR007252);Has 271 Blast hits to 268 proteins in 107 species: Archae - 0;Bacteria - 0;Metazoa - 138;Fungi - 69;Plants - 52;Viruses - 0;Other Eukaryotes - 12 (source: NCBI BLink).;FUNCTIONS IN: molecular_function unknown;INVOLVED IN: transport;LOCATED IN: nuclear pore;EXPRESSED IN: 22 plant structures;EXPRESSED DURING: 13 growth stages;CONTAINS InterPro DOMAIN/s: Nuclear pore protein 84/107 (InterPro:IPR007252).
AT1G69830.1,alpha-amylase-like 3
AT3G03910.1,glutamate dehydrogenase 3
AT2G30930.1,"unknown protein;FUNCTIONS IN: molecular_function unknown;INVOLVED IN: biological_process unknown;LOCATED IN: chloroplast, plasma membrane, membrane;EXPRESSED IN: 24 plant structures;EXPRESSED DURING: 14 growth stages;BEST Arabidopsis thaliana protein match is: unknown protein (TAIR:AT1G06540.1);Has 194 Blast hits to 176 proteins in 78 species: Archae - 0;Bacteria - 101;Metazoa - 15;Fungi - 25;Plants - 12;Viruses - 4;Other Eukaryotes - 37 (source: NCBI BLink)."
AT4G11850.1,phospholipase D gamma 1
AT1G10865.1;AT1G10865.2,"FUNCTIONS IN: molecular_function unknown;INVOLVED IN: biological_process unknown;LOCATED IN: cellular_component unknown;CONTAINS InterPro DOMAIN/s: Cytochrome c oxidase assembly protein PET191, N-terminal (InterPro:IPR018793);Has 241 Blast hits to 241 proteins in 124 species: Archae - 0;Bacteria - 0;Metazoa - 100;Fungi - 94;Plants - 38;Viruses - 0;Other Eukaryotes - 9 (source: NCBI BLink).;FUNCTIONS IN: molecular_function unknown;INVOLVED IN: biological_process unknown;LOCATED IN: cellular_component unknown;CONTAINS InterPro DOMAIN/s: Cytochrome c oxidase assembly protein PET191, N-terminal (InterPro:IPR018793);Has 30201 Blast hits to 17322 proteins in 780 species: Archae - 12;Bacteria - 1396;Metazoa - 17338;Fungi - 3422;Plants - 5037;Viruses - 0;Other Eukaryotes - 2996 (source: NCBI BLink)."
AT3G11220.1;AT3G11220.2,Paxneb protein-related
AT1G03130.1,photosystem I subunit D-2
AT5G35220.1,Peptidase M50 family protein
AT3G63260.1;AT3G63260.2,Protein kinase superfamily protein
AT2G39260.1,binding;RNA binding
AT4G37830.1,cytochrome c oxidase-related
AT2G15320.1,Leucine-rich repeat (LRR) family protein
AT5G26751.1,shaggy-related kinase 11
AT5G40370.1,Glutaredoxin family protein
AT4G18460.1,D-Tyr-tRNA(Tyr) deacylase family protein
AT3G09540.1,Pectin lyase-like superfamily protein
AT1G63460.1,glutathione peroxidase 8
AT5G44070.1,phytochelatin synthase 1 (PCS1)
AT1G77930.1;AT1G77930.2,Chaperone DnaJ-domain superfamily protein
AT1G72410.1;AT1G72410.2,COP1-interacting protein-related
AT5G17620.1,CONTAINS InterPro DOMAIN/s: Plant nuclear matrix 1 (InterPro:IPR010604);Has 30201 Blast hits to 17322 proteins in 780 species: Archae - 12;Bacteria - 1396;Metazoa - 17338;Fungi - 3422;Plants - 5037;Viruses - 0;Other Eukaryotes - 2996 (source: NCBI BLink).
AT5G25010.1,Protein of unknown function (DUF1336)
AT5G49930.1,zinc knuckle (CCHC-type) family protein
AT2G43210.1;AT2G43210.2,Ubiquitin-like superfamily protein
AT3G11510.1,Ribosomal protein S11 family protein
AT1G60430.1;AT1G60430.2,actin-related protein C3
AT3G19340.1,Protein of unknown function (DUF3754)
AT1G09430.1,ATP-citrate lyase A-3
AT1G07240.1,UDP-glucosyl transferase 71C5
AT1G68260.1,Thioesterase superfamily protein
AT5G43750.1,NAD(P)H dehydrogenase 18
AT5G06530.1;AT5G06530.2;AT5G06530.3,ABC-2 type transporter family protein
AT5G47690.1;AT5G47690.2;AT5G47690.3,binding
AT2G21540.1;AT2G21540.2;AT2G21540.3,SEC14-like 3
AT1G28020.1,Tetratricopeptide repeat (TPR)-like superfamily protein
AT3G12915.1,Ribosomal protein S5/Elongation factor G/III/V family protein
AT1G71697.1,choline kinase 1
AT4G30580.1,Phospholipid/glycerol acyltransferase family protein
AT4G33460.1,ABC transporter family protein
AT4G14370.1,Disease resistance protein (TIR-NBS-LRR class) family
AT2G05070.1,photosystem II light harvesting complex gene 2.2
AT1G52980.1,GTP-binding family protein
AT5G67290.1,FAD-dependent oxidoreductase family protein
AT1G76690.1,12-oxophytodienoate reductase 2
AT5G49760.1,Leucine-rich repeat protein kinase family protein
AT2G47130.1,NAD(P)-binding Rossmann-fold superfamily protein
AT1G78830.1,Curculin-like (mannose-binding) lectin family protein
AT1G66880.1,Protein kinase superfamily protein
AT3G52120.1,SWAP (Suppressor-of-White-APricot)/surp domain-containing protein / D111/G-patch domain-containing protein
AT5G40810.1;AT5G40810.2,Cytochrome C1 family
ATCG00570.1,photosystem II reaction center protein F
AT1G56590.1,Clathrin adaptor complexes medium subunit family protein
AT2G46110.1,ketopantoate hydroxymethyltransferase 1
AT1G60900.1,"U2 snRNP auxilliary factor, large subunit, splicing factor"
AT5G51570.1,SPFH/Band 7/PHB domain-containing membrane-associated protein family
AT4G01995.1,unknown protein;BEST Arabidopsis thaliana protein match is: unknown protein (TAIR:AT1G64680.1);Has 30201 Blast hits to 17322 proteins in 780 species: Archae - 12;Bacteria - 1396;Metazoa - 17338;Fungi - 3422;Plants - 5037;Viruses - 0;Other Eukaryotes - 2996 (source: NCBI BLink).
AT3G06400.1;AT3G06400.2;AT3G06400.3,chromatin-remodeling protein 11
ATCG00680.1,photosystem II reaction center protein B
AT4G35770.1;AT4G35770.2;AT4G35770.3,Rhodanese/Cell cycle control phosphatase superfamily protein
AT5G20830.1;AT5G20830.2,sucrose synthase 1
AT4G11220.1,VIRB2-interacting protein 2
AT5G28740.1,Tetratricopeptide repeat (TPR)-like superfamily protein
AT5G60590.2,DHBP synthase RibB-like alpha/beta domain
AT3G10020.1;AT3G10020.2,"unknown protein;FUNCTIONS IN: molecular_function unknown;INVOLVED IN: response to oxidative stress, anaerobic respiration;LOCATED IN: cellular_component unknown;EXPRESSED IN: 23 plant structures;EXPRESSED DURING: 13 growth stages;Has 47 Blast hits to 47 proteins in 12 species: Archae - 0;Bacteria - 0;Metazoa - 1;Fungi - 0;Plants - 46;Viruses - 0;Other Eukaryotes - 0 (source: NCBI BLink).;unknown protein;FUNCTIONS IN: molecular_function unknown;INVOLVED IN: response to oxidative stress, anaerobic respiration;LOCATED IN: cellular_component unknown;EXPRESSED IN: 23 plant structures;EXPRESSED DURING: 13 growth stages;Has 30201 Blast hits to 17322 proteins in 780 species: Archae - 12;Bacteria - 1396;Metazoa - 17338;Fungi - 3422;Plants - 5037;Viruses - 0;Other Eukaryotes - 2996 (source: NCBI BLink)."
AT5G63800.1,Glycosyl hydrolase family 35 protein
AT2G43780.1;AT2G43780.2,unknown protein;Has 30 Blast hits to 30 proteins in 11 species: Archae - 0;Bacteria - 0;Metazoa - 0;Fungi - 0;Plants - 30;Viruses - 0;Other Eukaryotes - 0 (source: NCBI BLink).;unknown protein;FUNCTIONS IN: molecular_function unknown;INVOLVED IN: biological_process unknown;LOCATED IN: mitochondrion;EXPRESSED IN: 23 plant structures;EXPRESSED DURING: 13 growth stages;Has 30 Blast hits to 30 proteins in 11 species: Archae - 0;Bacteria - 0;Metazoa - 0;Fungi - 0;Plants - 30;Viruses - 0;Other Eukaryotes - 0 (source: NCBI BLink).
AT2G29080.1,FTSH protease 3
AT3G28940.1,AIG2-like (avirulence induced gene) family protein
AT3G11820.1,syntaxin of plants 121
AT4G33420.1,Peroxidase superfamily protein
AT1G78670.1,gamma-glutamyl hydrolase 3
AT4G37550.1;AT4G37550.2;AT4G37550.3,Acetamidase/Formamidase family protein
AT1G03100.1,Pentatricopeptide repeat (PPR) superfamily protein
AT4G26970.1,aconitase 2
AT3G26420.1,RNA-binding (RRM/RBD/RNP motifs) family protein with retrovirus zinc finger-like domain
AT4G39940.1,APS-kinase 2
AT2G47710.1,Adenine nucleotide alpha hydrolases-like superfamily protein
AT5G47640.1,"nuclear factor Y, subunit B2"
AT5G48790.1,Domain of unknown function (DUF1995)
AT2G45820.1,Remorin family protein
AT1G72910.1,Toll-Interleukin-Resistance (TIR) domain-containing protein
AT4G29400.1,Protein of unknown function (DUF3531)
AT2G31725.1,Eukaryotic protein of unknown function (DUF842)
AT1G55160.1;AT1G55160.2;AT1G55160.3,"unknown protein;FUNCTIONS IN: molecular_function unknown;INVOLVED IN: biological_process unknown;LOCATED IN: mitochondrion, plastid;EXPRESSED IN: 24 plant structures;EXPRESSED DURING: 13 growth stages;BEST Arabidopsis thaliana protein match is: unknown protein (TAIR:AT2G19530.1);Has 63 Blast hits to 63 proteins in 14 species: Archae - 0;Bacteria - 0;Metazoa - 0;Fungi - 0;Plants - 63;Viruses - 0;Other Eukaryotes - 0 (source: NCBI BLink).;unknown protein;FUNCTIONS IN: molecular_function unknown;INVOLVED IN: biological_process unknown;LOCATED IN: mitochondrion, plastid;EXPRESSED IN: 22 plant structures;EXPRESSED DURING: 13 growth stages;BEST Arabidopsis thaliana protein match is: unknown protein (TAIR:AT2G19530.1);Has 30201 Blast hits to 17322 proteins in 780 species: Archae - 12;Bacteria - 1396;Metazoa - 17338;Fungi - 3422;Plants - 5037;Viruses - 0;Other Eukaryotes - 2996 (source: NCBI BLink).;unknown protein;FUNCTIONS IN: molecular_function unknown;INVOLVED IN: biological_process unknown;LOCATED IN: mitochondrion, plastid;EXPRESSED IN: 22 plant structures;EXPRESSED DURING: 13 growth stages;BEST Arabidopsis thaliana protein match is: unknown protein (TAIR:AT2G19530.1);Has 63 Blast hits to 63 proteins in 14 species: Archae - 0;Bacteria - 0;Metazoa - 0;Fungi - 0;Plants - 63;Viruses - 0;Other Eukaryotes - 0 (source: NCBI BLink)."
AT1G30540.1,Actin-like ATPase superfamily protein
AT1G07170.1;AT1G07170.2;AT1G07170.3;AT2G30000.1,PHF5-like protein
AT4G22310.1,Uncharacterised protein family (UPF0041)
AT5G15870.1,glycosyl hydrolase family 81 protein
AT5G20230.1,blue-copper-binding protein
AT5G25260.1,SPFH/Band 7/PHB domain-containing membrane-associated protein family
AT3G20320.1,trigalactosyldiacylglycerol2
AT3G45180.1;AT5G42300.1,Ubiquitin-like superfamily protein;ubiquitin-like protein 5
AT5G37360.1,"unknown protein;FUNCTIONS IN: molecular_function unknown;INVOLVED IN: biological_process unknown;LOCATED IN: chloroplast thylakoid membrane, chloroplast;EXPRESSED IN: 23 plant structures;EXPRESSED DURING: 13 growth stages;Has 1807 Blast hits to 1807 proteins in 277 species: Archae - 0;Bacteria - 0;Metazoa - 736;Fungi - 347;Plants - 385;Viruses - 0;Other Eukaryotes - 339 (source: NCBI BLink)."
AT1G02360.1,Chitinase family protein
AT1G78270.1,UDP-glucosyl transferase 85A4
AT4G25900.1,Galactose mutarotase-like superfamily protein
AT3G24350.1;AT3G24350.2,syntaxin of plants  32
AT1G15790.1;AT1G15790.2,unknown protein;BEST Arabidopsis thaliana protein match is: unknown protein (TAIR:AT1G15780.1);Has 170 Blast hits to 94 proteins in 14 species: Archae - 0;Bacteria - 0;Metazoa - 0;Fungi - 0;Plants - 170;Viruses - 0;Other Eukaryotes - 0 (source: NCBI BLink).;unknown protein;BEST Arabidopsis thaliana protein match is: unknown protein (TAIR:AT1G15780.1);Has 35333 Blast hits to 34131 proteins in 2444 species: Archae - 798;Bacteria - 22429;Metazoa - 974;Fungi - 991;Plants - 531;Viruses - 0;Other Eukaryotes - 9610 (source: NCBI BLink).
AT5G26210.1,alfin-like 4
AT1G16460.1;AT1G16460.2;AT1G16460.3;AT1G16460.4,rhodanese homologue 2
AT2G21530.1,SMAD/FHA domain-containing protein
ATCG00580.1,photosystem II reaction center protein E
AT4G12900.1,Gamma interferon responsive lysosomal thiol (GILT) reductase family protein
AT2G39810.1,ubiquitin-protein ligases
AT5G53160.2,regulatory components of ABA receptor 3
AT1G20160.1;AT1G20160.2,Subtilisin-like serine endopeptidase family protein
AT1G36310.1;AT1G36310.2,S-adenosyl-L-methionine-dependent methyltransferases superfamily protein
AT4G22690.1;AT4G22710.1,"cytochrome P450, family 706, subfamily A, polypeptide 1;cytochrome P450, family 706, subfamily A, polypeptide 2"
AT2G32810.1;AT2G32810.2,beta galactosidase 9
AT4G26630.1;AT4G26630.2,DEK domain-containing chromatin associated protein
AT3G45600.1,tetraspanin3
AT1G11310.1;AT1G11310.2,Seven transmembrane MLO family protein
AT4G20830.1;AT4G20830.2,FAD-binding Berberine family protein
AT4G37560.1,Acetamidase/Formamidase family protein
AT1G01290.1;AT1G01290.2,cofactor of nitrate reductase and xanthine dehydrogenase 3
AT5G61510.1,GroES-like zinc-binding alcohol dehydrogenase family protein
AT1G04280.1,P-loop containing nucleoside triphosphate hydrolases superfamily protein
AT5G15970.1,stress-responsive protein (KIN2) / stress-induced protein (KIN2) / cold-responsive protein (COR6.6) / cold-regulated protein (COR6.6)
AT4G10760.1,mRNAadenosine methylase
AT2G30870.1,glutathione S-transferase PHI 10
AT1G23740.1,"Oxidoreductase, zinc-binding dehydrogenase family protein"
AT1G67750.1,Pectate lyase family protein
AT5G52120.1,phloem protein 2-A14
AT3G47800.1,Galactose mutarotase-like superfamily protein
AT4G16500.1,Cystatin/monellin superfamily protein
AT4G12970.1,stomagen
AT1G77420.1,alpha/beta-Hydrolases superfamily protein
AT4G31170.1;AT4G31170.2;AT4G31170.3;AT4G31170.4,Protein kinase superfamily protein
AT2G34430.1,light-harvesting chlorophyll-protein complex II subunit B1
AT2G41100.1;AT2G41100.4,Calcium-binding EF hand family protein
AT4G18593.1,dual specificity protein phosphatase-related
AT3G06950.1,Pseudouridine synthase family protein
AT4G11060.1,mitochondrially targeted single-stranded DNA binding protein
AT4G12800.1,photosystem I subunit l
AT2G38860.1;AT2G38860.2,Class I glutamine amidotransferase-like superfamily protein
AT1G30825.1,"Arp2/3 complex, 34 kD subunit p34-Arc"
AT1G64750.1;AT1G64750.2;AT1G64750.3,deletion of SUV3 suppressor 1(I)
AT5G45510.1;AT5G45510.2,Leucine-rich repeat (LRR) family protein
AT3G22190.1;AT3G22190.2,IQ-domain 5
AT5G54940.1;AT5G54940.2,Translation initiation factor SUI1 family protein
AT4G36440.1,unknown protein;FUNCTIONS IN: molecular_function unknown;INVOLVED IN: biological_process unknown;LOCATED IN: endomembrane system;EXPRESSED IN: 24 plant structures;EXPRESSED DURING: 15 growth stages;Has 41 Blast hits to 41 proteins in 14 species: Archae - 0;Bacteria - 0;Metazoa - 0;Fungi - 0;Plants - 41;Viruses - 0;Other Eukaryotes - 0 (source: NCBI BLink).
AT1G17745.1;AT1G17745.2,D-3-phosphoglycerate dehydrogenase
AT2G23370.1,unknown protein;BEST Arabidopsis thaliana protein match is: unknown protein (TAIR:AT4G34090.1);Has 73 Blast hits to 73 proteins in 21 species: Archae - 0;Bacteria - 0;Metazoa - 0;Fungi - 0;Plants - 65;Viruses - 0;Other Eukaryotes - 8 (source: NCBI BLink).
AT5G41740.1;AT5G41740.2,Disease resistance protein (TIR-NBS-LRR class) family
AT1G59870.1,ABC-2 and Plant PDR ABC-type transporter family protein
AT2G32080.2,purin-rich alpha 1
AT5G62190.1,DEAD box RNA helicase (PRH75)
AT5G67500.1;AT5G67500.2,voltage dependent anion channel 2
AT3G44880.1,Pheophorbide a oxygenase family protein with Rieske [2Fe-2S] domain
AT2G42975.1,"unknown protein;FUNCTIONS IN: molecular_function unknown;INVOLVED IN: biological_process unknown;LOCATED IN: chloroplast thylakoid membrane, chloroplast;Has 32 Blast hits to 32 proteins in 16 species: Archae - 0;Bacteria - 0;Metazoa - 2;Fungi - 2;Plants - 28;Viruses - 0;Other Eukaryotes - 0 (source: NCBI BLink)."
AT5G45750.1,RAB GTPase homolog A1C
AT2G36830.1,gamma tonoplast intrinsic protein
AT5G11560.1,catalytics
AT2G05520.1,glycine-rich protein 3
ATCG00730.1,photosynthetic electron transfer D
AT2G35810.1,unknown protein;BEST Arabidopsis thaliana protein match is: unknown protein (TAIR:AT2G35830.2);Has 153 Blast hits to 153 proteins in 52 species: Archae - 0;Bacteria - 62;Metazoa - 0;Fungi - 0;Plants - 82;Viruses - 0;Other Eukaryotes - 9 (source: NCBI BLink).
AT5G02560.1;AT5G02560.2,histone H2A 12
AT2G38170.1;AT2G38170.2;AT2G38170.3,cation exchanger 1
AT1G64510.1,Translation elongation  factor EF1B/ribosomal protein S6 family protein
AT1G32130.1;AT1G32130.2,Transcription elongation factor (TFIIS) family protein
AT3G53890.1;AT3G53890.2,Ribosomal protein S21e
AT3G59380.1,farnesyltransferase A
AT1G09740.1,Adenine nucleotide alpha hydrolases-like superfamily protein
AT3G57260.1,"beta-1,3-glucanase 2"
AT2G27730.1,copper ion binding
AT2G31410.1,unknown protein;Has 1719 Blast hits to 1091 proteins in 184 species: Archae - 5;Bacteria - 24;Metazoa - 559;Fungi - 169;Plants - 192;Viruses - 1;Other Eukaryotes - 769 (source: NCBI BLink).
AT4G00520.2;AT4G00520.3,Acyl-CoA thioesterase family protein
AT4G12400.2,"stress-inducible protein, putative"
AT4G00026.1,"FUNCTIONS IN: molecular_function unknown;INVOLVED IN: biological_process unknown;LOCATED IN: chloroplast;EXPRESSED IN: cultured cell;CONTAINS InterPro DOMAIN/s: Mitochondrial inner membrane translocase complex, subunit Tim21 (InterPro:IPR013261);Has 35333 Blast hits to 34131 proteins in 2444 species: Archae - 798;Bacteria - 22429;Metazoa - 974;Fungi - 991;Plants - 531;Viruses - 0;Other Eukaryotes - 9610 (source: NCBI BLink)."
AT4G32150.1,vesicle-associated membrane protein 711
AT5G40450.1,"unknown protein;FUNCTIONS IN: molecular_function unknown;INVOLVED IN: biological_process unknown;LOCATED IN: chloroplast, plasma membrane;EXPRESSED IN: 24 plant structures;EXPRESSED DURING: 13 growth stages;Has 30201 Blast hits to 17322 proteins in 780 species: Archae - 12;Bacteria - 1396;Metazoa - 17338;Fungi - 3422;Plants - 5037;Viruses - 0;Other Eukaryotes - 2996 (source: NCBI BLink)."
AT2G28100.1,alpha-L-fucosidase 1
AT4G38600.1,HEAT repeat;HECT-domain (ubiquitin-transferase)
AT5G08400.1;AT5G08400.2,Protein of unknown function (DUF3531)
AT3G51660.1,Tautomerase/MIF superfamily protein
AT5G11670.1,NADP-malic enzyme 2
AT1G08720.1,Protein kinase superfamily protein
AT5G64830.1,programmed cell death 2 C-terminal domain-containing protein
ATCG00710.1,photosystem II reaction center protein H
AT1G79470.1,Aldolase-type TIM barrel family protein
AT3G09980.1,Family of unknown function (DUF662)
AT3G55520.1,FKBP-like peptidyl-prolyl cis-trans isomerase family protein
AT3G16940.1,calmodulin binding;transcription regulators
AT2G37540.1,NAD(P)-binding Rossmann-fold superfamily protein
AT1G59760.1,"RNA helicase, ATP-dependent, SK12/DOB1 protein"
AT3G04560.1,unknown protein;FUNCTIONS IN: molecular_function unknown;INVOLVED IN: biological_process unknown;EXPRESSED IN: 22 plant structures;EXPRESSED DURING: 16 growth stages;Has 227 Blast hits to 225 proteins in 83 species: Archae - 0;Bacteria - 17;Metazoa - 98;Fungi - 29;Plants - 51;Viruses - 1;Other Eukaryotes - 31 (source: NCBI BLink).
AT3G05760.1,C2H2 and C2HC zinc fingers superfamily protein
AT4G30550.1,Class I glutamine amidotransferase-like superfamily protein
AT1G79560.1,FTSH protease 12
AT2G33430.1,differentiation and greening-like 1
AT1G30360.1,Early-responsive to dehydration stress protein (ERD4)
AT3G13750.1,beta galactosidase 1
AT2G20990.1;AT2G20990.2,synaptotagmin A
AT4G03280.1;AT4G03280.2,photosynthetic electron transfer C
AT4G28590.1,FUNCTIONS IN: molecular_function unknown;INVOLVED IN: biological_process unknown;LOCATED IN: chloroplast;EXPRESSED IN: 21 plant structures;EXPRESSED DURING: 10 growth stages;BEST Arabidopsis thaliana protein match is: Thioredoxin superfamily protein (TAIR:AT2G31840.1);Has 114 Blast hits to 112 proteins in 39 species: Archae - 2;Bacteria - 0;Metazoa - 17;Fungi - 6;Plants - 67;Viruses - 0;Other Eukaryotes - 22 (source: NCBI BLink).
AT1G03360.1,ribosomal RNA processing 4
AT5G11700.1;AT5G11700.2,LOCATED IN: vacuole;EXPRESSED IN: 24 plant structures;EXPRESSED DURING: 13 growth stages;BEST Arabidopsis thaliana protein match is: glycine-rich protein (TAIR:AT4G32920.3);Has 1807 Blast hits to 1807 proteins in 277 species: Archae - 0;Bacteria - 0;Metazoa - 736;Fungi - 347;Plants - 385;Viruses - 0;Other Eukaryotes - 339 (source: NCBI BLink).;BEST Arabidopsis thaliana protein match is: glycine-rich protein (TAIR:AT4G32920.3);Has 8203 Blast hits to 3102 proteins in 389 species: Archae - 3;Bacteria - 5624;Metazoa - 852;Fungi - 139;Plants - 704;Viruses - 77;Other Eukaryotes - 804 (source: NCBI BLink).
AT2G47400.1,CP12 domain-containing protein 1
AT1G24340.1,FAD/NAD(P)-binding oxidoreductase family protein
AT3G52730.1,ubiquinol-cytochrome C reductase UQCRX/QCR9-like family protein
AT5G14710.1,CONTAINS InterPro DOMAIN/s: Proteasome assembly chaperone 3 (InterPro:IPR018788);Has 120 Blast hits to 120 proteins in 47 species: Archae - 0;Bacteria - 0;Metazoa - 62;Fungi - 2;Plants - 49;Viruses - 0;Other Eukaryotes - 7 (source: NCBI BLink).
AT1G11545.1,xyloglucan endotransglucosylase/hydrolase 8
AT1G70810.1,Calcium-dependent lipid-binding (CaLB domain) family protein
AT4G38550.1,Arabidopsis phospholipase-like protein (PEARLI 4) family
AT4G25100.1;AT4G25100.2;AT4G25100.3;AT4G25100.5,Fe superoxide dismutase 1
AT1G56120.1,Leucine-rich repeat transmembrane protein kinase
AT3G61260.1,Remorin family protein
AT2G37710.1,receptor lectin kinase
AT4G20260.1;AT4G20260.2;AT4G20260.3;AT4G20260.4,plasma-membrane associated cation-binding protein 1
AT1G60740.1;AT1G65970.1,Thioredoxin superfamily protein;thioredoxin-dependent peroxidase 2
AT5G18470.1,Curculin-like (mannose-binding) lectin family protein
AT5G43810.1;AT5G43810.2,Stabilizer of iron transporter SufD / Polynucleotidyl transferase
AT4G27680.1,P-loop containing nucleoside triphosphate hydrolases superfamily protein
AT3G44860.1,farnesoic acid carboxyl-O-methyltransferase
AT5G47710.1;AT5G47710.2,Calcium-dependent lipid-binding (CaLB domain) family protein
AT3G16140.1,photosystem I subunit H-1
AT4G34138.1,UDP-glucosyl transferase 73B1
AT1G48570.1,zinc finger (Ran-binding) family protein
AT1G13280.1,allene oxide cyclase 4
AT1G65900.1,unknown protein;FUNCTIONS IN: molecular_function unknown;INVOLVED IN: biological_process unknown;LOCATED IN: endomembrane system;EXPRESSED IN: 21 plant structures;EXPRESSED DURING: 13 growth stages;Has 306 Blast hits to 306 proteins in 119 species: Archae - 19;Bacteria - 238;Metazoa - 0;Fungi - 0;Plants - 34;Viruses - 0;Other Eukaryotes - 15 (source: NCBI BLink).
AT1G12910.1,Transducin/WD40 repeat-like superfamily protein
AT5G63810.1,beta-galactosidase 10
AT4G36210.3,Protein of unknown function (DUF726)
AT5G45040.1,Cytochrome c
AT4G11410.1,NAD(P)-binding Rossmann-fold superfamily protein
AT4G01610.1;AT4G01610.2,Cysteine proteinases superfamily protein
AT4G15545.1,unknown protein;BEST Arabidopsis thaliana protein match is: unknown protein (TAIR:AT1G16520.1);Has 30201 Blast hits to 17322 proteins in 780 species: Archae - 12;Bacteria - 1396;Metazoa - 17338;Fungi - 3422;Plants - 5037;Viruses - 0;Other Eukaryotes - 2996 (source: NCBI BLink).
AT3G12000.1,"S-locus related protein SLR1, putative (S1)"
AT1G22860.1,Vacuolar sorting protein 39
AT2G46720.1;AT3G10280.1,3-ketoacyl-CoA synthase 13;3-ketoacyl-CoA synthase 14
AT1G51500.1;AT3G21090.1,ABC-2 type transporter family protein
AT5G22500.1,fatty acid reductase 1
AT1G51660.1,mitogen-activated protein kinase kinase 4
AT2G46310.1,cytokinin response factor 5
AT1G32070.1;AT1G32070.2;AT1G32070.3,nuclear shuttle interacting
AT1G11580.1,methylesterase PCR A
AT1G31170.1;AT1G31170.2;AT1G31170.3;AT1G31170.4,sulfiredoxin
AT3G12400.1,Ubiquitin-conjugating enzyme/RWD-like protein
AT3G21240.1,4-coumarate:CoA ligase 2
AT3G24180.1;AT3G24180.2,"Beta-glucosidase, GBA2 type family protein;Beta-glucosidase, GBA2 type family protein"
AT1G15120.1,Ubiquinol-cytochrome C reductase hinge protein
AT4G15410.1,serine/threonine protein phosphatase 2A 55 kDa regulatory subunit B prime gamma
AT1G21270.1,wall-associated kinase 2
AT3G03320.1,RNA-binding ASCH domain protein
AT2G38570.1,CONTAINS InterPro DOMAIN/s: PRC-barrel-like (InterPro:IPR011033);Has 300 Blast hits to 300 proteins in 81 species: Archae - 0;Bacteria - 135;Metazoa - 0;Fungi - 0;Plants - 37;Viruses - 0;Other Eukaryotes - 128 (source: NCBI BLink).
AT1G74100.1,sulfotransferase 16
AT5G44650.1,Encodes a chloroplast protein that induces tolerance to multiple environmental stresses and reduces photooxidative damage.
AT5G01750.2,Protein of unknown function (DUF567)
AT4G28400.1,Protein phosphatase 2C family protein
AT3G28930.1,AIG2-like (avirulence induced gene) family protein
ATCG00640.1,ribosomal protein L33
AT5G63990.1,Inositol monophosphatase family protein
AT5G64480.1,unknown protein;Has 35333 Blast hits to 34131 proteins in 2444 species: Archae - 798;Bacteria - 22429;Metazoa - 974;Fungi - 991;Plants - 531;Viruses - 0;Other Eukaryotes - 9610 (source: NCBI BLink).
AT4G18800.1,RAB GTPase homolog A1D
AT3G20930.1,RNA-binding (RRM/RBD/RNP motifs) family protein
ATCG00720.1,photosynthetic electron transfer B
AT5G55660.1,DEK domain-containing chromatin associated protein
AT4G27450.1,Aluminium induced protein with YGL and LRDR motifs
AT5G18940.1,Mo25 family protein
AT1G69840.1;AT1G69840.2;AT1G69840.3;AT1G69840.4;AT1G69840.5;AT1G69840.6;AT1G69840.7,SPFH/Band 7/PHB domain-containing membrane-associated protein family
AT1G43700.1,VIRE2-interacting protein 1
AT5G08080.1;AT5G08080.2;AT5G08080.3,syntaxin of plants 132
AT1G01170.1;AT1G01170.2,Protein of unknown function (DUF1138)
AT5G18430.1,GDSL-like Lipase/Acylhydrolase superfamily protein
AT1G18900.3,Pentatricopeptide repeat (PPR) superfamily protein
AT4G23160.1,cysteine-rich RLK (RECEPTOR-like protein kinase) 8
AT5G39980.1,Tetratricopeptide repeat (TPR)-like superfamily protein
AT1G34000.1,one-helix protein 2
AT1G07040.1,unknown protein;INVOLVED IN: biological_process unknown;LOCATED IN: chloroplast;EXPRESSED IN: 24 plant structures;EXPRESSED DURING: 14 growth stages;BEST Arabidopsis thaliana protein match is: unknown protein (TAIR:AT1G27030.1);Has 540 Blast hits to 538 proteins in 187 species: Archae - 0;Bacteria - 333;Metazoa - 0;Fungi - 0;Plants - 67;Viruses - 0;Other Eukaryotes - 140 (source: NCBI BLink).
AT5G08590.1,SNF1-related protein kinase 2.1
AT3G61860.1,RNA-binding (RRM/RBD/RNP motifs) family protein
AT5G18170.1,glutamate dehydrogenase 1
AT1G55570.1,SKU5  similar 12
AT5G13430.1;AT5G13440.1,Ubiquinol-cytochrome C reductase iron-sulfur subunit
AT3G44330.1,"INVOLVED IN: protein processing;LOCATED IN: mitochondrion, endoplasmic reticulum, plasma membrane, vacuole;EXPRESSED IN: 25 plant structures;EXPRESSED DURING: 13 growth stages;CONTAINS InterPro DOMAIN/s: Nicalin (InterPro:IPR016574), EF-Hand 1, calcium-binding site (InterPro:IPR018247), Nicastrin (InterPro:IPR008710);Has 245 Blast hits to 243 proteins in 99 species: Archae - 6;Bacteria - 10;Metazoa - 139;Fungi - 0;Plants - 46;Viruses - 0;Other Eukaryotes - 44 (source: NCBI BLink)."
AT1G12200.1,Flavin-binding monooxygenase family protein
AT3G15090.1,GroES-like zinc-binding alcohol dehydrogenase family protein
AT5G58670.1,phospholipase C1
AT2G28800.1;AT2G28800.4,63 kDa inner membrane family protein
AT1G73660.1,protein tyrosine kinase family protein
ATCG01130.1,Ycf1 protein
AT3G59770.1,sacI homology domain-containing protein / WW domain-containing protein
AT4G26160.1,atypical CYS  HIS rich thioredoxin 1
AT1G13180.1,Actin-like ATPase superfamily protein
AT5G14040.1,phosphate transporter 3;1
AT5G62390.1,BCL-2-associated athanogene 7
AT1G06190.1,Rho termination factor
AT3G27380.1;AT3G27380.2,succinate dehydrogenase 2-1
AT2G41090.1,Calcium-binding EF-hand family protein
AT5G20400.1,2-oxoglutarate (2OG) and Fe(II)-dependent oxygenase superfamily protein
AT2G39730.1,rubisco activase
AT4G09890.1,Protein of unknown function (DUF3511)
AT4G24770.1,31-kDa RNA binding protein
AT3G61050.1;AT3G61050.2,Calcium-dependent lipid-binding (CaLB domain) family protein
AT1G05205.1,unknown protein;Has 44 Blast hits to 44 proteins in 16 species: Archae - 0;Bacteria - 0;Metazoa - 0;Fungi - 0;Plants - 44;Viruses - 0;Other Eukaryotes - 0 (source: NCBI BLink).
AT4G19840.1,phloem protein 2-A1
AT2G03420.1,unknown protein;Has 38 Blast hits to 38 proteins in 17 species: Archae - 0;Bacteria - 0;Metazoa - 0;Fungi - 0;Plants - 38;Viruses - 0;Other Eukaryotes - 0 (source: NCBI BLink).
AT1G15060.1,"Uncharacterised conserved protein UCP031088, alpha/beta hydrolase"
AT5G47730.1;AT5G47730.2;AT5G47730.3,Sec14p-like phosphatidylinositol transfer family protein
AT5G23760.1,Copper transport protein family
AT5G19400.1;AT5G19400.2;AT5G19400.3,Telomerase activating protein Est1
AT1G53460.1,BEST Arabidopsis thaliana protein match is: Ran BP2/NZF zinc finger-like superfamily protein (TAIR:AT1G70650.2);Has 485 Blast hits to 413 proteins in 88 species: Archae - 11;Bacteria - 27;Metazoa - 119;Fungi - 17;Plants - 101;Viruses - 2;Other Eukaryotes - 208 (source: NCBI BLink).
AT3G28270.1;AT3G28270.2,Protein of unknown function (DUF677)
AT2G15130.1,Plant basic secretory protein (BSP) family protein
AT3G26600.1,armadillo repeat only 4
AT4G08850.1,Leucine-rich repeat receptor-like protein kinase family protein
AT3G48330.1;AT3G48330.2,protein-l-isoaspartate methyltransferase 1
AT3G10370.1,FAD-dependent oxidoreductase family protein
AT1G19880.1,Regulator of chromosome condensation (RCC1) family protein
AT4G26910.1;AT4G26910.2;AT4G26910.3,Dihydrolipoamide succinyltransferase
AT3G62820.1,Plant invertase/pectin methylesterase inhibitor superfamily protein
AT1G79040.1,photosystem II subunit R
AT1G29310.1;AT2G34250.1;AT2G34250.2,SecY protein transport family protein
AT4G32900.2,Peptidyl-tRNA hydrolase II (PTH2) family protein
AT4G37520.1;AT4G37520.2,Peroxidase superfamily protein
AT4G14070.1,acyl-activating enzyme 15
AT4G25290.1,DNA photolyases
AT5G52190.1,Sugar isomerase (SIS) family protein
ATCG00020.1,photosystem II reaction center protein A
AT5G57490.1,voltage dependent anion channel 4
AT1G78290.2;AT1G78290.3,Protein kinase superfamily protein
AT4G33220.1,pectin methylesterase 44
AT3G06410.1,Zinc finger C-x8-C-x5-C-x3-H type family protein
AT1G43850.1;AT1G43850.2,SEUSS transcriptional co-regulator
ATCG01060.1,"iron-sulfur cluster binding;electron carriers;4 iron, 4 sulfur cluster binding"
AT2G46560.1,transducin family protein / WD-40 repeat family protein
AT5G27540.1;AT5G27540.2,MIRO-related GTP-ase 1
AT1G77490.1,thylakoidal ascorbate peroxidase
AT2G01470.1,SEC12P-like 2 protein
AT5G62200.1,"Embryo-specific protein 3, (ATS3)"
AT1G17330.1,Metal-dependent phosphohydrolase
AT1G34350.1;AT1G34350.2,unknown protein;Has 192 Blast hits to 192 proteins in 79 species: Archae - 0;Bacteria - 0;Metazoa - 104;Fungi - 0;Plants - 60;Viruses - 0;Other Eukaryotes - 28 (source: NCBI BLink).;unknown protein;FUNCTIONS IN: molecular_function unknown;INVOLVED IN: biological_process unknown;LOCATED IN: cellular_component unknown;EXPRESSED IN: 23 plant structures;EXPRESSED DURING: 13 growth stages.
AT5G50320.1,radical SAM domain-containing protein / GCN5-related N-acetyltransferase (GNAT) family protein
AT1G65540.1,LETM1-like protein
AT1G04530.1,Tetratricopeptide repeat (TPR)-like superfamily protein
AT2G17930.1,Phosphatidylinositol 3- and 4-kinase family protein with FAT domain
AT2G40800.1,unknown protein;BEST Arabidopsis thaliana protein match is: unknown protein (TAIR:AT3G56430.1);Has 43 Blast hits to 43 proteins in 15 species: Archae - 0;Bacteria - 0;Metazoa - 0;Fungi - 0;Plants - 41;Viruses - 0;Other Eukaryotes - 2 (source: NCBI BLink).
AT1G55260.1;AT1G55260.2,Bifunctional inhibitor/lipid-transfer protein/seed storage 2S albumin superfamily protein
AT1G04040.1,"HAD superfamily, subfamily IIIB acid phosphatase"
ATCG00130.1,"ATPase, F0 complex, subunit B/B', bacterial/chloroplast"
AT5G16750.1,Transducin family protein / WD-40 repeat family protein
AT5G48840.1,homolog of bacterial PANC
AT5G41480.1,Folylpolyglutamate synthetase family protein
AT5G17610.1,unknown protein;FUNCTIONS IN: molecular_function unknown;INVOLVED IN: biological_process unknown;LOCATED IN: endomembrane system;EXPRESSED IN: 23 plant structures;EXPRESSED DURING: 15 growth stages;Has 30201 Blast hits to 17322 proteins in 780 species: Archae - 12;Bacteria - 1396;Metazoa - 17338;Fungi - 3422;Plants - 5037;Viruses - 0;Other Eukaryotes - 2996 (source: NCBI BLink).
AT5G60340.1,P-loop containing nucleoside triphosphate hydrolases superfamily protein
AT3G44190.1,FAD/NAD(P)-binding oxidoreductase family protein
AT1G73820.1,Ssu72-like family protein
AT4G09012.1;AT5G39800.1;AT5G40080.1,Mitochondrial ribosomal protein L27
AT4G20840.1,FAD-binding Berberine family protein
AT1G08450.1;AT1G08450.3,calreticulin 3
AT1G14345.1,NAD(P)-linked oxidoreductase superfamily protein
AT1G57620.1,emp24/gp25L/p24 family/GOLD family protein
AT3G26450.1,Polyketide cyclase/dehydrase and lipid transport superfamily protein
AT1G33170.1,S-adenosyl-L-methionine-dependent methyltransferases superfamily protein
AT3G63160.1,"FUNCTIONS IN: molecular_function unknown;INVOLVED IN: biological_process unknown;LOCATED IN: chloroplast outer membrane, thylakoid, chloroplast thylakoid membrane, chloroplast, chloroplast envelope;EXPRESSED IN: 21 plant structures;EXPRESSED DURING: 13 growth stages;BEST Arabidopsis thaliana protein match is: outer envelope membrane protein 7 (TAIR:AT3G52420.1);Has 26 Blast hits to 26 proteins in 8 species: Archae - 0;Bacteria - 0;Metazoa - 0;Fungi - 0;Plants - 26;Viruses - 0;Other Eukaryotes - 0 (source: NCBI BLink)."
AT4G11570.1;AT4G11570.2,Haloacid dehalogenase-like hydrolase (HAD) superfamily protein
AT3G26020.1;AT3G26020.2;AT3G26020.3;AT3G26020.4,Protein phosphatase 2A regulatory B subunit family protein
AT1G52670.1,Single hybrid motif superfamily protein
AT3G59630.1,diphthamide synthesis DPH2 family protein
AT4G34930.1,PLC-like phosphodiesterases superfamily protein
AT1G32220.1,NAD(P)-binding Rossmann-fold superfamily protein
AT1G07750.1,RmlC-like cupins superfamily protein
AT1G53240.1,Lactate/malate dehydrogenase family protein
AT1G06060.1,LisH and RanBPM domains containing protein
AT3G03380.1,DegP protease 7
AT1G54520.1,unknown protein;FUNCTIONS IN: molecular_function unknown;INVOLVED IN: biological_process unknown;LOCATED IN: chloroplast;EXPRESSED IN: 24 plant structures;EXPRESSED DURING: 15 growth stages;CONTAINS InterPro DOMAIN/s: Protein of unknown function DUF1517 (InterPro:IPR010903);Has 276 Blast hits to 275 proteins in 83 species: Archae - 0;Bacteria - 108;Metazoa - 6;Fungi - 0;Plants - 113;Viruses - 0;Other Eukaryotes - 49 (source: NCBI BLink).
AT4G36630.1,Vacuolar sorting protein 39
AT2G21960.1,unknown protein;LOCATED IN: chloroplast;EXPRESSED IN: 22 plant structures;EXPRESSED DURING: 13 growth stages;BEST Arabidopsis thaliana protein match is: unknown protein (TAIR:AT1G56180.1);Has 224 Blast hits to 222 proteins in 59 species: Archae - 0;Bacteria - 65;Metazoa - 0;Fungi - 0;Plants - 134;Viruses - 0;Other Eukaryotes - 25 (source: NCBI BLink).
AT1G10230.1,SKP1-like 18
AT2G47610.1,Ribosomal protein L7Ae/L30e/S12e/Gadd45 family protein
AT2G46070.1;AT2G46070.2,mitogen-activated protein kinase 12
AT1G14340.1,RNA-binding (RRM/RBD/RNP motifs) family protein
AT3G06580.1,Mevalonate/galactokinase family protein
AT1G28110.1;AT1G28110.2,serine carboxypeptidase-like 45
AT5G05480.1,Peptide-N4-(N-acetyl-beta-glucosaminyl)asparagine amidase A protein
AT3G10480.1;AT3G10480.2;AT3G10480.3;AT3G10490.2,NAC domain containing protein 50;NAC domain containing protein 50;NAC domain containing protein 50;NAC domain containing protein 52
AT5G05710.1,Pleckstrin homology (PH) domain superfamily protein
AT2G07707.1;ATMG00480.1,"Plant mitochondrial ATPase, F0 complex, subunit 8 protein;Plant mitochondrial ATPase, F0 complex, subunit 8 protein"
AT3G02770.1,Ribonuclease E inhibitor RraA/Dimethylmenaquinone methyltransferase
AT1G47420.1,succinate dehydrogenase 5
AT4G01900.1,GLNB1 homolog
AT4G03050.2,2-oxoglutarate (2OG) and Fe(II)-dependent oxygenase superfamily protein
AT3G53230.1,"ATPase, AAA-type, CDC48 protein"
AT5G42070.1,"unknown protein;FUNCTIONS IN: molecular_function unknown;INVOLVED IN: biological_process unknown;LOCATED IN: chloroplast thylakoid membrane, chloroplast;EXPRESSED IN: 21 plant structures;EXPRESSED DURING: 13 growth stages;Has 30201 Blast hits to 17322 proteins in 780 species: Archae - 12;Bacteria - 1396;Metazoa - 17338;Fungi - 3422;Plants - 5037;Viruses - 0;Other Eukaryotes - 2996 (source: NCBI BLink)."
AT2G16070.1;AT2G16070.2,plastid division2
AT1G65440.1,global transcription factor group B1
AT4G13010.1,"Oxidoreductase, zinc-binding dehydrogenase family protein"
AT3G26180.1;AT3G26180.2,"cytochrome P450, family 71, subfamily B, polypeptide 20;cytochrome P450, family 71, subfamily B, polypeptide 20"
AT1G33230.1,TMPIT-like protein
AT2G42790.1,citrate synthase 3
AT3G14310.1,pectin methylesterase 3
AT1G64710.1;AT1G64710.2,GroES-like zinc-binding dehydrogenase family protein
AT2G18510.1,RNA-binding (RRM/RBD/RNP motifs) family protein
AT3G17810.1,pyrimidine 1
AT4G26410.1,Uncharacterised conserved protein UCP022280
AT2G16060.1,hemoglobin 1
AT2G29530.1;AT2G29530.2;AT2G29530.3,Tim10/DDP family zinc finger protein
AT5G65750.1,"2-oxoglutarate dehydrogenase, E1 component"
AT3G46530.1,NB-ARC domain-containing disease resistance protein
AT4G32130.1,Protein of unknown function (DUF2012)
AT4G32040.1,KNOTTED1-like homeobox gene 5
AT2G45800.1;AT2G45800.2,GATA type zinc finger transcription factor family protein
AT2G37970.1,SOUL heme-binding family protein
AT1G16470.1;AT1G16470.2,proteasome subunit PAB1
AT1G22270.1,Trm112p-like protein
AT1G78995.1,unknown protein;Has 30201 Blast hits to 17322 proteins in 780 species: Archae - 12;Bacteria - 1396;Metazoa - 17338;Fungi - 3422;Plants - 5037;Viruses - 0;Other Eukaryotes - 2996 (source: NCBI BLink).
AT5G44340.1,tubulin beta chain 4
AT3G21220.1,MAP kinase kinase 5
AT1G76940.1,RNA-binding (RRM/RBD/RNP motifs) family protein
AT5G13200.1,GRAM domain family protein
AT5G48900.1,Pectin lyase-like superfamily protein
AT1G71500.1,Rieske (2Fe-2S) domain-containing protein
AT3G56140.1,Protein of unknown function (DUF399 and DUF3411)
AT1G13110.1,"cytochrome P450, family 71 subfamily B, polypeptide 7"
AT2G14720.1;AT2G14720.2;AT2G14740.1;AT2G14740.2,vacuolar sorting receptor 4;vacuolar sorting receptor 4;vaculolar sorting receptor 3;vaculolar sorting receptor 3
AT3G17410.1,Protein kinase superfamily protein
AT4G36090.2;AT4G36090.3,"oxidoreductase, 2OG-Fe(II) oxygenase family protein;oxidoreductase, 2OG-Fe(II) oxygenase family protein"
AT5G54960.1,pyruvate decarboxylase-2
AT4G21580.1,"oxidoreductase, zinc-binding dehydrogenase family protein"
AT1G21880.1;AT1G21880.2,lysm domain GPI-anchored protein 1 precursor
AT1G76260.1,DWD (DDB1-binding WD40 protein) hypersensitive to ABA 2
AT5G17000.1,Zinc-binding dehydrogenase family protein
AT5G09680.1;AT5G09680.2,reduced lateral root formation
AT1G17620.1,Late embryogenesis abundant (LEA) hydroxyproline-rich glycoprotein family
AT1G02370.1,Tetratricopeptide repeat (TPR)-like superfamily protein
AT2G44920.2,Tetratricopeptide repeat (TPR)-like superfamily protein
AT1G70770.1;AT1G70770.2,"Protein of unknown function DUF2359, transmembrane;Protein of unknown function DUF2359, transmembrane"
AT2G33330.1,plasmodesmata-located protein 3
AT5G66200.1,armadillo repeat only 2
AT1G25570.1,Di-glucose binding protein with Leucine-rich repeat domain
AT1G24560.1,unknown protein;BEST Arabidopsis thaliana protein match is: unknown protein (TAIR:AT3G49055.1);Has 71940 Blast hits to 38124 proteins in 2481 species: Archae - 1358;Bacteria - 12126;Metazoa - 32861;Fungi - 6786;Plants - 4024;Viruses - 195;Other Eukaryotes - 14590 (source: NCBI BLink).
AT5G43440.1,2-oxoglutarate (2OG) and Fe(II)-dependent oxygenase superfamily protein
AT2G32260.1,phosphorylcholine cytidylyltransferase
AT3G45310.1;AT3G45310.2,Cysteine proteinases superfamily protein
AT3G20970.1,NFU domain protein 4
AT3G57790.1,Pectin lyase-like superfamily protein
AT3G57030.1,Calcium-dependent phosphotriesterase superfamily protein
AT2G25730.1;AT2G25730.2,unknown protein;Has 157 Blast hits to 144 proteins in 62 species: Archae - 0;Bacteria - 0;Metazoa - 101;Fungi - 0;Plants - 35;Viruses - 0;Other Eukaryotes - 21 (source: NCBI BLink).;unknown protein;LOCATED IN: cellular_component unknown;EXPRESSED IN: 23 plant structures;EXPRESSED DURING: 14 growth stages.
AT2G42210.2,Mitochondrial import inner membrane translocase subunit Tim17/Tim22/Tim23 family protein
AT5G10020.1;AT5G10020.2,Leucine-rich receptor-like protein kinase family protein
AT3G04190.1,RmlC-like cupins superfamily protein
AT4G21160.1;AT4G21160.2;AT4G21160.3;AT4G21160.4,Calcium-dependent ARF-type GTPase activating protein family
AT3G18820.1,RAB GTPase homolog G3F
AT1G78850.1,D-mannose binding lectin protein with Apple-like carbohydrate-binding domain
AT5G46750.1,ARF-GAP domain 9
AT2G42220.1,Rhodanese/Cell cycle control phosphatase superfamily protein
AT4G14965.1,membrane-associated progesterone binding protein 4
AT4G32260.1,"ATPase, F0 complex, subunit B/B', bacterial/chloroplast"
AT1G74560.1;AT1G74560.2;AT1G74560.3,NAP1-related protein 1
AT2G33740.2,"Nitrogen regulatory PII-like, alpha/beta"
AT1G71040.1,Cupredoxin superfamily protein
AT3G23710.1,Tic22-like family protein
AT4G29760.1,unknown protein;BEST Arabidopsis thaliana protein match is: unknown protein (TAIR:AT4G29770.2);Has 63 Blast hits to 63 proteins in 2 species: Archae - 0;Bacteria - 0;Metazoa - 0;Fungi - 0;Plants - 63;Viruses - 0;Other Eukaryotes - 0 (source: NCBI BLink).
AT2G07560.1,H(+)-ATPase 6
AT5G35160.1;AT5G35160.2,Endomembrane protein 70 protein family
AT3G15690.2,Single hybrid motif superfamily protein
AT5G63400.1,adenylate kinase 1
AT2G22170.1,"Lipase/lipooxygenase, PLAT/LH2 family protein"
AT2G22250.1;AT2G22250.2;AT2G22250.3,aspartate aminotransferase
AT3G05950.1,RmlC-like cupins superfamily protein
AT1G26850.1;AT1G26850.2,S-adenosyl-L-methionine-dependent methyltransferases superfamily protein
AT1G70320.1,ubiquitin-protein ligase 2
AT5G37690.1,SGNH hydrolase-type esterase superfamily protein
AT1G04640.1;AT1G04640.2,lipoyltransferase 2
AT5G58270.1,ABC transporter of the mitochondrion 3
AT3G10640.1,SNF7 family protein
AT1G70980.1,Class II aminoacyl-tRNA and biotin synthetases superfamily protein
AT1G73540.1,nudix hydrolase homolog 21
AT4G20860.1,FAD-binding Berberine family protein
AT2G46580.1,Pyridoxamine 5'-phosphate oxidase family protein
AT1G77470.1,replication factor C subunit 3
AT4G39460.1;AT4G39460.2,S-adenosylmethionine carrier 1
AT3G21750.1,UDP-glucosyl transferase 71B1
AT2G01220.1;AT2G01220.2,Nucleotidylyl transferase superfamily protein
AT2G37860.3,Protein of unknown function (DUF3411)
AT5G56150.1;AT5G56150.2,ubiquitin-conjugating enzyme 30
AT2G39010.1,plasma membrane intrinsic protein 2E
AT1G80680.1,SUPPRESSOR OF AUXIN RESISTANCE 3
AT2G43970.1,RNA-binding protein
AT1G55900.1;AT1G55900.2,Haloacid dehalogenase-like hydrolase (HAD) superfamily protein
AT5G60460.1,"Preprotein translocase Sec, Sec61-beta subunit protein"
AT4G39730.1,"Lipase/lipooxygenase, PLAT/LH2 family protein"
AT5G57330.1,Galactose mutarotase-like superfamily protein
AT1G74020.1,strictosidine synthase 2
AT1G01350.1,Zinc finger (CCCH-type/C3HC4-type RING finger) family protein
AT5G03910.1,ABC2 homolog 12
AT5G05270.1;AT5G05270.2,Chalcone-flavanone isomerase family protein
AT3G07160.1,glucan synthase-like 10
AT5G64250.1;AT5G64250.2,Aldolase-type TIM barrel family protein
AT3G28200.1,Peroxidase superfamily protein
AT4G26690.1,PLC-like phosphodiesterase family protein
AT1G54220.1;AT1G54220.2,"Dihydrolipoamide acetyltransferase, long form protein;Dihydrolipoamide acetyltransferase, long form protein"
AT3G52200.2,"Dihydrolipoamide acetyltransferase, long form protein"
AT2G42230.1;AT2G42230.2,C-CAP/cofactor C-like domain-containing protein
AT3G04920.1,Ribosomal protein S24e family protein
AT5G39570.1,"FUNCTIONS IN: molecular_function unknown;INVOLVED IN: biological_process unknown;LOCATED IN: cytosol, nucleus;EXPRESSED IN: 25 plant structures;EXPRESSED DURING: 14 growth stages;BEST Arabidopsis thaliana protein match is: glycine-rich protein (TAIR:AT3G29075.1);Has 30201 Blast hits to 17322 proteins in 780 species: Archae - 12;Bacteria - 1396;Metazoa - 17338;Fungi - 3422;Plants - 5037;Viruses - 0;Other Eukaryotes - 2996 (source: NCBI BLink)."
AT5G50810.1,translocase inner membrane subunit 8
AT3G27820.1,monodehydroascorbate reductase 4
AT4G34890.1,xanthine dehydrogenase 1
AT3G01280.1,voltage dependent anion channel 1
AT1G03060.1,"Beige/BEACH domain;WD domain, G-beta repeat protein"
AT1G05090.1;AT4G20720.1,dentin sialophosphoprotein-related
AT5G02940.1,Protein of unknown function (DUF1012)
AT1G29690.1,MAC/Perforin domain-containing protein
AT4G13615.1,Uncharacterised protein family SERF
AT3G17900.1,unknown protein;FUNCTIONS IN: molecular_function unknown;INVOLVED IN: biological_process unknown;LOCATED IN: cellular_component unknown;EXPRESSED IN: 23 plant structures;EXPRESSED DURING: 13 growth stages;Has 45 Blast hits to 44 proteins in 14 species: Archae - 0;Bacteria - 0;Metazoa - 2;Fungi - 2;Plants - 39;Viruses - 0;Other Eukaryotes - 2 (source: NCBI BLink).
AT1G54340.1,isocitrate dehydrogenase
AT2G16370.1,thymidylate synthase 1
AT5G42570.1,B-cell receptor-associated 31-like
AT5G59710.1,VIRE2 interacting protein 2
AT3G06483.1,pyruvate dehydrogenase kinase
AT1G44770.1;AT1G44770.2,unknown protein;BEST Arabidopsis thaliana protein match is: unknown protein (TAIR:AT5G49710.3);Has 81 Blast hits to 81 proteins in 17 species: Archae - 0;Bacteria - 0;Metazoa - 0;Fungi - 0;Plants - 81;Viruses - 0;Other Eukaryotes - 0 (source: NCBI BLink).;unknown protein;FUNCTIONS IN: molecular_function unknown;INVOLVED IN: biological_process unknown;LOCATED IN: cellular_component unknown;EXPRESSED IN: 24 plant structures;EXPRESSED DURING: 15 growth stages;BEST Arabidopsis thaliana protein match is: unknown protein (TAIR:AT5G49710.3);Has 30201 Blast hits to 17322 proteins in 780 species: Archae - 12;Bacteria - 1396;Metazoa - 17338;Fungi - 3422;Plants - 5037;Viruses - 0;Other Eukaryotes - 2996 (source: NCBI BLink).
AT1G60730.1,NAD(P)-linked oxidoreductase superfamily protein
AT4G31790.1;AT4G31790.2,Tetrapyrrole (Corrin/Porphyrin) Methylases
AT3G55170.1;AT3G55170.2,Ribosomal L29 family protein
AT4G14510.1,CRM family member 3B
AT1G16080.1,"unknown protein;LOCATED IN: apoplast, chloroplast stroma, chloroplast, chloroplast envelope;EXPRESSED IN: 23 plant structures;EXPRESSED DURING: 14 growth stages;Has 81 Blast hits to 81 proteins in 28 species: Archae - 0;Bacteria - 2;Metazoa - 0;Fungi - 0;Plants - 62;Viruses - 0;Other Eukaryotes - 17 (source: NCBI BLink)."
AT1G27770.1,autoinhibited Ca2+-ATPase 1
AT2G22480.1,phosphofructokinase 5
AT1G02910.1,tetratricopeptide repeat (TPR)-containing protein
AT5G61760.1,inositol polyphosphate kinase 2 beta
AT1G16870.1,mitochondrial 28S ribosomal protein S29-related
AT4G26870.1,Class II aminoacyl-tRNA and biotin synthetases superfamily protein
AT4G35790.1;AT4G35790.2,phospholipase D delta
AT5G24520.1;AT5G24520.2;AT5G24520.3,Transducin/WD40 repeat-like superfamily protein
AT1G63800.1;AT5G41340.1,ubiquitin-conjugating enzyme 5;ubiquitin conjugating enzyme 4
AT5G45500.1;AT5G45500.2,RNI-like superfamily protein
AT1G56190.1;AT1G56190.2,Phosphoglycerate kinase family protein
AT4G34480.1,O-Glycosyl hydrolases family 17 protein
AT1G28120.1,"CONTAINS InterPro DOMAIN/s: Ovarian tumour, otubain (InterPro:IPR003323), Ubiquitin thioesterase Otubain (InterPro:IPR016615), Peptidase C65, otubain (InterPro:IPR019400);Has 413 Blast hits to 411 proteins in 139 species: Archae - 0;Bacteria - 0;Metazoa - 184;Fungi - 83;Plants - 88;Viruses - 0;Other Eukaryotes - 58 (source: NCBI BLink)."
AT2G27030.1;AT2G27030.3;AT2G41110.1;AT2G41110.2;AT3G56800.1,calmodulin 5;calmodulin 5;calmodulin 2;calmodulin 2;calmodulin 3
AT3G56690.1,Cam interacting protein 111
AT3G14160.1,2-oxoglutarate-dependent dioxygenase family protein
AT5G43830.1,Aluminium induced protein with YGL and LRDR motifs
AT2G04400.1,Aldolase-type TIM barrel family protein
AT4G11840.1,phospholipase D gamma 3
AT2G32240.1,FUNCTIONS IN: molecular_function unknown;INVOLVED IN: response to cadmium ion;LOCATED IN: plasma membrane;EXPRESSED IN: 25 plant structures;EXPRESSED DURING: 13 growth stages;CONTAINS InterPro DOMAIN/s: Prefoldin (InterPro:IPR009053);BEST Arabidopsis thaliana protein match is: unknown protein (TAIR:AT1G05320.3);Has 470429 Blast hits to 168274 proteins in 4282 species: Archae - 6896;Bacteria - 131956;Metazoa - 175525;Fungi - 33166;Plants - 25441;Viruses - 2243;Other Eukaryotes - 95202 (source: NCBI BLink).
AT3G22060.1,Receptor-like protein kinase-related family protein
AT1G07510.1,FTSH protease 10
AT5G44750.1;AT5G44750.2,DNA-directed DNA polymerases
AT3G02520.1,general regulatory factor 7
AT2G46820.1;AT2G46820.2,photosystem I P subunit
AT5G62740.1,SPFH/Band 7/PHB domain-containing membrane-associated protein family
AT3G55760.1;AT3G55760.2;AT3G55760.3,"unknown protein;LOCATED IN: chloroplast stroma, chloroplast;EXPRESSED IN: 16 plant structures;EXPRESSED DURING: 10 growth stages;BEST Arabidopsis thaliana protein match is: unknown protein (TAIR:AT1G42430.2);Has 176 Blast hits to 125 proteins in 40 species: Archae - 0;Bacteria - 3;Metazoa - 19;Fungi - 9;Plants - 81;Viruses - 0;Other Eukaryotes - 64 (source: NCBI BLink).;unknown protein;LOCATED IN: chloroplast;EXPRESSED IN: 16 plant structures;EXPRESSED DURING: 10 growth stages;BEST Arabidopsis thaliana protein match is: unknown protein (TAIR:AT1G42430.2);Has 176 Blast hits to 125 proteins in 40 species: Archae - 0;Bacteria - 3;Metazoa - 19;Fungi - 9;Plants - 81;Viruses - 0;Other Eukaryotes - 64 (source: NCBI BLink).;unknown protein;EXPRESSED IN: 16 plant structures;EXPRESSED DURING: 10 growth stages;BEST Arabidopsis thaliana protein match is: unknown protein (TAIR:AT1G42430.2)."
AT2G41560.1,"autoinhibited Ca(2+)-ATPase, isoform 4"
AT4G20780.1,calmodulin like 42
AT4G35260.1,isocitrate dehydrogenase 1
AT2G17630.1,Pyridoxal phosphate (PLP)-dependent transferases superfamily protein
AT3G56290.1,unknown protein;Has 39 Blast hits to 39 proteins in 15 species: Archae - 0;Bacteria - 0;Metazoa - 0;Fungi - 0;Plants - 39;Viruses - 0;Other Eukaryotes - 0 (source: NCBI BLink).
AT1G75790.1,SKU5  similar 18
AT2G04280.1,unknown protein;FUNCTIONS IN: molecular_function unknown;INVOLVED IN: biological_process unknown;EXPRESSED IN: 24 plant structures;EXPRESSED DURING: 13 growth stages;BEST Arabidopsis thaliana protein match is: unknown protein (TAIR:AT4G12700.1);Has 130 Blast hits to 130 proteins in 16 species: Archae - 0;Bacteria - 0;Metazoa - 0;Fungi - 0;Plants - 124;Viruses - 0;Other Eukaryotes - 6 (source: NCBI BLink).
AT1G44575.1,Chlorophyll A-B binding family protein
AT5G19140.1;AT5G19140.2,Aluminium induced protein with YGL and LRDR motifs
AT1G08060.1;AT1G08060.2,ATP-dependent helicase family protein
AT5G11920.1,6-&1-fructan exohydrolase
AT2G18940.1,Tetratricopeptide repeat (TPR)-like superfamily protein
AT1G62600.1,Flavin-binding monooxygenase family protein
AT1G80460.1;AT1G80460.2,Actin-like ATPase superfamily protein
AT5G55860.1,Plant protein of unknown function (DUF827)
AT4G38580.1,farnesylated protein 6
AT2G44360.1,unknown protein;Has 23 Blast hits to 23 proteins in 10 species: Archae - 0;Bacteria - 0;Metazoa - 0;Fungi - 0;Plants - 23;Viruses - 0;Other Eukaryotes - 0 (source: NCBI BLink).
AT5G51970.1;AT5G51970.2,GroES-like zinc-binding alcohol dehydrogenase family protein
AT1G11790.1,arogenate dehydratase 1
AT4G30010.1,"unknown protein;FUNCTIONS IN: molecular_function unknown;INVOLVED IN: biological_process unknown;LOCATED IN: mitochondrion, plastid;EXPRESSED IN: 26 plant structures;EXPRESSED DURING: 15 growth stages;Has 39 Blast hits to 39 proteins in 18 species: Archae - 0;Bacteria - 0;Metazoa - 0;Fungi - 0;Plants - 39;Viruses - 0;Other Eukaryotes - 0 (source: NCBI BLink)."
AT3G18035.1,winged-helix DNA-binding transcription factor family protein
AT1G50940.1,electron transfer flavoprotein alpha
AT1G32730.1,unknown protein;LOCATED IN: chloroplast;EXPRESSED IN: 12 plant structures;EXPRESSED DURING: 6 growth stages;CONTAINS InterPro DOMAIN/s: Protein of unknown function DUF702 (InterPro:IPR007818);Has 120 Blast hits to 118 proteins in 39 species: Archae - 0;Bacteria - 8;Metazoa - 63;Fungi - 4;Plants - 33;Viruses - 0;Other Eukaryotes - 12 (source: NCBI BLink).
AT3G04480.1,endoribonucleases
AT3G60450.1,Phosphoglycerate mutase family protein
AT4G34620.1,small subunit ribosomal protein 16
AT5G12200.1,pyrimidine 2
AT1G09630.1,RAB GTPase 11C
AT3G14150.1;AT3G14150.2,Aldolase-type TIM barrel family protein
AT4G10970.1;AT4G10970.2;AT4G10970.3;AT4G10970.4,unknown protein;BEST Arabidopsis thaliana protein match is: unknown protein (TAIR:AT4G23910.2);Has 1807 Blast hits to 1807 proteins in 277 species: Archae - 0;Bacteria - 0;Metazoa - 736;Fungi - 347;Plants - 385;Viruses - 0;Other Eukaryotes - 339 (source: NCBI BLink).;unknown protein;BEST Arabidopsis thaliana protein match is: unknown protein (TAIR:AT4G23910.2);Has 35333 Blast hits to 34131 proteins in 2444 species: Archae - 798;Bacteria - 22429;Metazoa - 974;Fungi - 991;Plants - 531;Viruses - 0;Other Eukaryotes - 9610 (source: NCBI BLink).;unknown protein;BEST Arabidopsis thaliana protein match is: unknown protein (TAIR:AT4G23910.2);Has 35333 Blast hits to 34131 proteins in 2444 species: Archae - 798;Bacteria - 22429;Metazoa - 974;Fungi - 991;Plants - 531;Viruses - 0;Other Eukaryotes - 9610 (source: NCBI BLink).;unknown protein;FUNCTIONS IN: molecular_function unknown;INVOLVED IN: biological_process unknown;LOCATED IN: cellular_component unknown;EXPRESSED IN: 25 plant structures;EXPRESSED DURING: 14 growth stages;BEST Arabidopsis thaliana protein match is: unknown protein (TAIR:AT4G23910.2);Has 30201 Blast hits to 17322 proteins in 780 species: Archae - 12;Bacteria - 1396;Metazoa - 17338;Fungi - 3422;Plants - 5037;Viruses - 0;Other Eukaryotes - 2996 (source: NCBI BLink).
AT3G56900.1,Transducin/WD40 repeat-like superfamily protein
AT2G11000.1;AT2G11000.2,MAK10 homologue
AT2G31110.2,Plant protein of unknown function (DUF828)
AT4G12770.1;AT4G12770.2,Chaperone DnaJ-domain superfamily protein
AT1G20910.1,ARID/BRIGHT DNA-binding domain-containing protein
AT4G24750.1,Rhodanese/Cell cycle control phosphatase superfamily protein
AT2G28360.1,SIT4 phosphatase-associated family protein
AT5G56350.1,Pyruvate kinase family protein
AT3G49120.1,peroxidase CB
AT2G16710.1;AT2G16710.2;AT2G16710.3,Iron-sulphur cluster biosynthesis family protein
AT4G11330.1,MAP kinase 5
AT2G46100.1,Nuclear transport factor 2 (NTF2) family protein
AT3G51890.1,Clathrin light chain protein
AT5G14930.2,senescence-associated gene 101
AT5G20200.1,nucleoporin-related
AT1G08640.1,Chloroplast J-like domain 1
AT1G11530.1,C-terminal cysteine residue is changed to a serine 1
AT5G11680.1,"FUNCTIONS IN: molecular_function unknown;INVOLVED IN: biological_process unknown;LOCATED IN: cytosol, plasma membrane;EXPRESSED IN: 26 plant structures;EXPRESSED DURING: 15 growth stages;CONTAINS InterPro DOMAIN/s: WW-domain-binding protein (InterPro:IPR018826);Has 1807 Blast hits to 1807 proteins in 277 species: Archae - 0;Bacteria - 0;Metazoa - 736;Fungi - 347;Plants - 385;Viruses - 0;Other Eukaryotes - 339 (source: NCBI BLink)."
AT5G49360.1,beta-xylosidase 1
AT2G02560.1;AT2G02560.2,cullin-associated and neddylation dissociated
AT2G04350.1;AT2G04350.2,AMP-dependent synthetase and ligase family protein
AT2G24390.1;AT2G24390.3,AIG2-like (avirulence induced gene) family protein
AT2G33530.1,serine carboxypeptidase-like 46
AT2G27170.1;AT2G27170.2,Structural maintenance of chromosomes (SMC) family protein
AT3G16110.1,PDI-like 1-6
AT5G54080.1;AT5G54080.2,"homogentisate 1,2-dioxygenase;homogentisate 1,2-dioxygenase"
AT5G63620.1,GroES-like zinc-binding alcohol dehydrogenase family protein
AT1G54080.1;AT1G54080.2,oligouridylate-binding protein 1A
AT3G01520.1,Adenine nucleotide alpha hydrolases-like superfamily protein
AT2G27100.1,C2H2 zinc-finger protein SERRATE (SE)
AT4G09020.1,isoamylase 3
AT1G28680.1,HXXXD-type acyl-transferase family protein
AT1G53580.1,glyoxalase II  3
AT5G64430.1,Octicosapeptide/Phox/Bem1p family protein
AT2G46540.1,"unknown protein;FUNCTIONS IN: molecular_function unknown;INVOLVED IN: biological_process unknown;LOCATED IN: mitochondrion, membrane;EXPRESSED IN: 25 plant structures;EXPRESSED DURING: 16 growth stages;Has 42 Blast hits to 42 proteins in 11 species: Archae - 0;Bacteria - 0;Metazoa - 0;Fungi - 0;Plants - 42;Viruses - 0;Other Eukaryotes - 0 (source: NCBI BLink)."
AT4G37460.1,Tetratricopeptide repeat (TPR)-like superfamily protein
AT2G27490.1;AT2G27490.2,dephospho-CoA kinase family
AT5G63510.1;AT5G63510.2,gamma carbonic anhydrase like 1
AT4G00860.1,Protein of unknown function (DUF1138)
AT1G23190.1,Phosphoglucomutase/phosphomannomutase family protein
AT3G07470.1,"Protein of unknown function, DUF538"
AT5G40870.1,uridine kinase/uracil phosphoribosyltransferase 1
AT1G04400.1;AT1G04400.2,cryptochrome 2
AT5G26110.1,Protein kinase superfamily protein
AT1G21750.1,PDI-like 1-1
AT1G01470.1,Late embryogenesis abundant protein
AT5G48375.1,thioglucoside glucosidase 3
AT2G18080.1,Serine carboxypeptidase S28 family protein
AT1G55450.1;AT1G55450.2,S-adenosyl-L-methionine-dependent methyltransferases superfamily protein
AT2G43640.1;AT2G43640.2;AT2G43640.3,"Signal recognition particle, SRP9/SRP14 subunit;Signal recognition particle, SRP9/SRP14 subunit;Signal recognition particle, SRP9/SRP14 subunit"
AT2G39780.1;AT2G39780.2,ribonuclease 2
AT5G61580.1;AT5G61580.2,phosphofructokinase 4
AT1G11910.1,aspartic proteinase A1
AT5G64940.1;AT5G64940.2,ABC2 homolog 13
AT5G23210.1,serine carboxypeptidase-like 34
AT3G55410.1,"2-oxoglutarate dehydrogenase, E1 component"
AT5G39730.1,AIG2-like (avirulence induced gene) family protein
AT2G17120.1,lysm domain GPI-anchored protein 2 precursor
AT5G55610.1;AT5G55610.2,"unknown protein;LOCATED IN: mitochondrion, chloroplast, plastid, membrane;EXPRESSED IN: 25 plant structures;EXPRESSED DURING: 13 growth stages;Has 1807 Blast hits to 1807 proteins in 277 species: Archae - 0;Bacteria - 0;Metazoa - 736;Fungi - 347;Plants - 385;Viruses - 0;Other Eukaryotes - 339 (source: NCBI BLink).;unknown protein;LOCATED IN: mitochondrion, plastid, membrane;EXPRESSED IN: 25 plant structures;EXPRESSED DURING: 13 growth stages;Has 35333 Blast hits to 34131 proteins in 2444 species: Archae - 798;Bacteria - 22429;Metazoa - 974;Fungi - 991;Plants - 531;Viruses - 0;Other Eukaryotes - 9610 (source: NCBI BLink)."
AT1G20810.1,FKBP-like peptidyl-prolyl cis-trans isomerase family protein
AT2G15570.1;AT2G15570.2,Thioredoxin superfamily protein
AT5G45950.1,GDSL-like Lipase/Acylhydrolase superfamily protein
AT1G06680.1,photosystem II subunit P-1
AT3G15360.1,thioredoxin M-type 4
AT5G45490.1;AT5G45490.2,P-loop containing nucleoside triphosphate hydrolases superfamily protein
AT3G23760.1,"FUNCTIONS IN: molecular_function unknown;INVOLVED IN: biological_process unknown;LOCATED IN: vacuole;EXPRESSED IN: 20 plant structures;EXPRESSED DURING: 13 growth stages;BEST Arabidopsis thaliana protein match is: transferases, transferring glycosyl groups (TAIR:AT4G14100.1);Has 108 Blast hits to 104 proteins in 19 species: Archae - 0;Bacteria - 0;Metazoa - 8;Fungi - 0;Plants - 90;Viruses - 0;Other Eukaryotes - 10 (source: NCBI BLink)."
AT1G06430.1,FTSH protease 8
AT4G29130.1,hexokinase 1
AT3G13870.1,Root hair defective 3 GTP-binding protein (RHD3)
AT1G71440.1,tubulin folding cofactor E / Pfifferling (PFI)
AT1G79340.1,metacaspase 4
AT5G58870.1,FTSH protease 9
AT5G09590.1,mitochondrial HSO70 2
AT1G02816.1,"Protein of unknown function, DUF538"
AT1G01280.1,"cytochrome P450, family 703, subfamily A, polypeptide 2"
AT1G08370.1,decapping 1
AT1G48610.1;AT1G48610.2,AT hook motif-containing protein
AT1G20720.1;AT1G20750.1,RAD3-like DNA-binding helicase protein
AT5G59440.1;AT5G59440.2;AT5G59440.3,P-loop containing nucleoside triphosphate hydrolases superfamily protein
AT1G04780.1,Ankyrin repeat family protein
AT5G38890.1,"Nucleic acid-binding, OB-fold-like protein"
AT3G07195.1,RPM1-interacting protein 4 (RIN4) family protein
AT5G51545.1,low psii accumulation2
AT5G13320.1,Auxin-responsive GH3 family protein
AT1G50360.1,P-loop containing nucleoside triphosphate hydrolases superfamily protein
AT5G55280.1,homolog of bacterial cytokinesis Z-ring protein FTSZ 1-1
AT5G65860.1;AT5G65860.2,ankyrin repeat family protein
AT3G57810.1;AT3G57810.2;AT3G57810.3,Cysteine proteinases superfamily protein
AT3G20000.1,translocase of the outer mitochondrial membrane 40
AT3G50370.1,unknown protein;FUNCTIONS IN: molecular_function unknown;INVOLVED IN: biological_process unknown;LOCATED IN: cellular_component unknown;EXPRESSED IN: 26 plant structures;EXPRESSED DURING: 15 growth stages;Has 27734 Blast hits to 16708 proteins in 1259 species: Archae - 81;Bacteria - 3434;Metazoa - 10876;Fungi - 2514;Plants - 987;Viruses - 212;Other Eukaryotes - 9630 (source: NCBI BLink).
AT5G46110.1;AT5G46110.3;AT5G46110.4,Glucose-6-phosphate/phosphate translocator-related
AT3G02350.1,galacturonosyltransferase 9
AT2G43950.1;AT2G43950.2;AT2G43950.3,chloroplast outer envelope protein 37
AT4G08320.1;AT4G08320.2,Tetratricopeptide repeat (TPR)-like superfamily protein
AT5G03290.1,isocitrate dehydrogenase V
AT2G33040.1,gamma subunit of Mt ATP synthase
AT5G26000.1;AT5G26000.2,thioglucoside glucohydrolase 1
AT5G07020.1,proline-rich family protein
AT5G04870.1,calcium dependent protein kinase 1
AT3G60340.1;AT3G60340.2,alpha/beta-Hydrolases superfamily protein
AT3G43670.1,Copper amine oxidase family protein
AT4G27570.1,UDP-Glycosyltransferase superfamily protein
AT3G27570.1,Sucrase/ferredoxin-like family protein
AT4G02500.1,UDP-xylosyltransferase 2
AT2G23120.1,"Late embryogenesis abundant protein, group 6"
AT1G04710.1,peroxisomal 3-ketoacyl-CoA thiolase  4
AT5G54110.1,membrane-associated mannitol-induced
AT4G39690.1,FUNCTIONS IN: molecular_function unknown;INVOLVED IN: biological_process unknown;LOCATED IN: mitochondrion;EXPRESSED IN: 26 plant structures;EXPRESSED DURING: 14 growth stages;CONTAINS InterPro DOMAIN/s: Mitochondrial inner membrane protein Mitofilin (InterPro:IPR019133);Has 30201 Blast hits to 17322 proteins in 780 species: Archae - 12;Bacteria - 1396;Metazoa - 17338;Fungi - 3422;Plants - 5037;Viruses - 0;Other Eukaryotes - 2996 (source: NCBI BLink).
AT4G31570.1,CONTAINS InterPro DOMAIN/s: Prefoldin (InterPro:IPR009053);BEST Arabidopsis thaliana protein match is: unknown protein (TAIR:AT1G24460.1);Has 194354 Blast hits to 66887 proteins in 3244 species: Archae - 3688;Bacteria - 38556;Metazoa - 84828;Fungi - 17265;Plants - 10589;Viruses - 805;Other Eukaryotes - 38623 (source: NCBI BLink).
AT5G20500.1,Glutaredoxin family protein
AT3G52050.1;AT3G52050.2;AT3G52050.3;AT3G52050.4,5'-3' exonuclease family protein
AT2G44490.1,Glycosyl hydrolase superfamily protein
AT1G80750.1,Ribosomal protein L30/L7 family protein
AT1G02100.1;AT1G02100.2;AT1G02100.3,Leucine carboxyl methyltransferase
AT5G52240.1,membrane steroid binding protein 1
AT1G31440.1,SH3 domain-containing protein
AT5G57350.1;AT5G57350.2,H(+)-ATPase 3
AT1G30480.1,D111/G-patch domain-containing protein
AT3G09050.1,"unknown protein;FUNCTIONS IN: molecular_function unknown;INVOLVED IN: biological_process unknown;LOCATED IN: chloroplast thylakoid membrane, chloroplast;EXPRESSED IN: 21 plant structures;EXPRESSED DURING: 13 growth stages;Has 120 Blast hits to 120 proteins in 47 species: Archae - 4;Bacteria - 10;Metazoa - 33;Fungi - 2;Plants - 44;Viruses - 0;Other Eukaryotes - 27 (source: NCBI BLink)."
AT2G31750.1,UDP-glucosyl transferase 74D1
AT3G15160.1,unknown protein;Has 266 Blast hits to 264 proteins in 44 species: Archae - 0;Bacteria - 0;Metazoa - 58;Fungi - 0;Plants - 199;Viruses - 0;Other Eukaryotes - 9 (source: NCBI BLink).
AT4G29490.1,Metallopeptidase M24 family protein
AT5G05860.1,UDP-glucosyl transferase 76C2
AT1G09200.1;AT1G13370.1;AT3G27360.1;AT5G10390.1;AT5G10400.1;AT5G65350.1;AT5G65360.1,Histone superfamily protein;Histone superfamily protein;Histone superfamily protein;Histone superfamily protein;Histone superfamily protein;histone 3 11;Histone superfamily protein
AT5G22120.1,unknown protein;FUNCTIONS IN: molecular_function unknown;INVOLVED IN: biological_process unknown;LOCATED IN: cellular_component unknown;EXPRESSED IN: cultured cell;Has 30201 Blast hits to 17322 proteins in 780 species: Archae - 12;Bacteria - 1396;Metazoa - 17338;Fungi - 3422;Plants - 5037;Viruses - 0;Other Eukaryotes - 2996 (source: NCBI BLink).
AT3G56650.1,Mog1/PsbP/DUF1795-like photosystem II reaction center PsbP family protein
AT4G04880.1,adenosine/AMP deaminase family protein
,
AT1G58807.1;AT1G58807.2;AT1G59124.1,Disease resistance protein (CC-NBS-LRR class) family
AT1G54630.1,acyl carrier protein 3
AT5G16550.1,unknown protein;Has 30201 Blast hits to 17322 proteins in 780 species: Archae - 12;Bacteria - 1396;Metazoa - 17338;Fungi - 3422;Plants - 5037;Viruses - 0;Other Eukaryotes - 2996 (source: NCBI BLink).
AT2G41620.1,Nucleoporin interacting component (Nup93/Nic96-like) family protein
AT4G26780.1,Co-chaperone GrpE family protein
AT5G01590.1,"unknown protein;FUNCTIONS IN: molecular_function unknown;INVOLVED IN: biological_process unknown;LOCATED IN: chloroplast, chloroplast envelope;EXPRESSED IN: 22 plant structures;EXPRESSED DURING: 13 growth stages;Has 60 Blast hits to 59 proteins in 31 species: Archae - 0;Bacteria - 20;Metazoa - 1;Fungi - 2;Plants - 33;Viruses - 0;Other Eukaryotes - 4 (source: NCBI BLink)."
AT5G05600.1,2-oxoglutarate (2OG) and Fe(II)-dependent oxygenase superfamily protein
AT2G40600.1,appr-1-p processing enzyme family protein
AT4G17830.1,Peptidase M20/M25/M40 family protein
AT1G14030.1,Rubisco methyltransferase family protein
AT3G56240.1,copper chaperone
AT5G43970.1,translocase of outer membrane 22-V
AT5G48570.1,FKBP-type peptidyl-prolyl cis-trans isomerase family protein
AT1G05150.1,Calcium-binding tetratricopeptide family protein
AT5G62840.1,Phosphoglycerate mutase family protein
AT5G57345.1,unknown protein;Has 30201 Blast hits to 17322 proteins in 780 species: Archae - 12;Bacteria - 1396;Metazoa - 17338;Fungi - 3422;Plants - 5037;Viruses - 0;Other Eukaryotes - 2996 (source: NCBI BLink).
AT5G56730.1,Insulinase (Peptidase family M16) protein
AT2G29340.1;AT2G29340.2,NAD-dependent epimerase/dehydratase family protein
AT3G12345.1,unknown protein;LOCATED IN: chloroplast;Has 35333 Blast hits to 34131 proteins in 2444 species: Archae - 798;Bacteria - 22429;Metazoa - 974;Fungi - 991;Plants - 531;Viruses - 0;Other Eukaryotes - 9610 (source: NCBI BLink).
AT2G24820.1,translocon at the inner envelope membrane of chloroplasts 55-II
AT3G12780.1,phosphoglycerate kinase 1
AT2G03550.1,alpha/beta-Hydrolases superfamily protein
AT4G10590.1;AT4G10590.2,ubiquitin-specific protease 10
AT4G24490.1;AT4G24490.2,RAB geranylgeranyl transferase alpha subunit 1
AT2G26280.1,CTC-interacting domain 7
AT3G09790.1,ubiquitin 8
AT4G16380.1;AT4G16380.2,Heavy metal transport/detoxification superfamily protein
AT1G65960.2,glutamate decarboxylase 2
AT1G24764.1,microtubule-associated proteins 70-2
AT1G22870.1,Protein kinase family protein with ARM repeat domain
AT4G10100.1;AT4G10100.2;AT4G10100.3,"co-factor for nitrate, reductase and xanthine dehydrogenase 7;co-factor for nitrate, reductase and xanthine dehydrogenase 7;co-factor for nitrate, reductase and xanthine dehydrogenase 7"
AT3G13070.1,CBS domain-containing protein / transporter associated domain-containing protein
AT1G22450.1,cytochrome C oxidase 6B
AT1G71820.1,SEC6
AT5G59670.1,Leucine-rich repeat protein kinase family protein
AT1G66730.1,DNA LIGASE 6
AT5G51980.1,Transducin/WD40 repeat-like superfamily protein
AT3G06850.1;AT3G06850.2,2-oxoacid dehydrogenases acyltransferase family protein
AT3G08850.1,"HEAT repeat;WD domain, G-beta repeat protein protein"
AT2G23670.1,homolog of Synechocystis YCF37
AT1G77510.1,PDI-like 1-2
AT3G18060.1,transducin family protein / WD-40 repeat family protein
AT4G28706.2;AT4G28706.4,pfkB-like carbohydrate kinase family protein
AT5G14740.4,carbonic anhydrase 2
AT1G24807.1;AT1G24909.1;AT1G25083.1;AT1G25155.1;AT1G25220.1;AT1G25220.2,Glutamine amidotransferase type 1 family protein;Glutamine amidotransferase type 1 family protein;Glutamine amidotransferase type 1 family protein;Glutamine amidotransferase type 1 family protein;anthranilate synthase beta subunit 1;anthranilate synthase beta subunit 1
AT3G23570.1,alpha/beta-Hydrolases superfamily protein
AT4G38100.1,unknown protein;LOCATED IN: chloroplast thylakoid membrane;EXPRESSED IN: 23 plant structures;EXPRESSED DURING: 13 growth stages;BEST Arabidopsis thaliana protein match is: unknown protein (TAIR:AT4G01150.1);Has 30201 Blast hits to 17322 proteins in 780 species: Archae - 12;Bacteria - 1396;Metazoa - 17338;Fungi - 3422;Plants - 5037;Viruses - 0;Other Eukaryotes - 2996 (source: NCBI BLink).
AT1G51760.1,peptidase M20/M25/M40 family protein
AT1G51650.1,"ATP synthase epsilon chain, mitochondrial"
AT1G07310.1,Calcium-dependent lipid-binding (CaLB domain) family protein
AT4G15530.1;AT4G15530.4;AT4G15530.5;AT4G15530.6,pyruvate orthophosphate dikinase
AT5G62630.1,hipl2 protein precursor
AT4G33120.1,S-adenosyl-L-methionine-dependent methyltransferases superfamily protein
AT4G17170.1,RAB GTPase homolog B1C
AT4G00030.1,Plastid-lipid associated protein PAP / fibrillin family protein
AT1G56560.1,Plant neutral invertase family protein
AT3G52300.1,"ATP synthase D chain, mitochondrial"
AT3G04880.1,DNA-damage-repair/toleration protein (DRT102)
AT3G44326.1,F-box family protein
AT3G02090.1,Insulinase (Peptidase family M16) protein
AT4G15450.1,Senescence/dehydration-associated protein-related
AT5G16710.1,dehydroascorbate reductase 1
AT2G45140.1,plant VAP homolog 12
AT5G20090.1;AT5G20090.2,Uncharacterised protein family (UPF0041)
AT2G39930.1,isoamylase 1
AT1G61570.1,translocase of the inner mitochondrial membrane 13
AT2G22950.1,Cation transporter/ E1-E2 ATPase family protein
AT1G20110.1,RING/FYVE/PHD zinc finger superfamily protein
AT3G51140.1,Protein of unknown function (DUF3353)
AT3G06300.1,P4H isoform 2
AT2G42580.1,tetratricopetide-repeat thioredoxin-like 3
AT4G00165.1;AT4G00165.2,Bifunctional inhibitor/lipid-transfer protein/seed storage 2S albumin superfamily protein
AT2G46900.1,"CONTAINS InterPro DOMAIN/s: Basic helix-loop-helix, Nulp1-type (InterPro:IPR006994);Has 2929 Blast hits to 2464 proteins in 333 species: Archae - 2;Bacteria - 151;Metazoa - 913;Fungi - 372;Plants - 141;Viruses - 47;Other Eukaryotes - 1303 (source: NCBI BLink)."
AT5G16840.1;AT5G16840.3,binding partner of acd11 1
AT1G07700.1;AT1G07700.3,Thioredoxin superfamily protein
AT3G48350.1,Cysteine proteinases superfamily protein
AT3G10060.1,FKBP-like peptidyl-prolyl cis-trans isomerase family protein
AT1G24020.1;AT1G24020.2,MLP-like protein 423
AT2G17130.1;AT2G17130.2,isocitrate dehydrogenase subunit 2
AT3G20020.1;AT3G20020.2,protein arginine methyltransferase 6
AT2G33210.1;AT2G33210.2,heat shock protein 60-2
AT5G17770.1,NADH:cytochrome B5 reductase 1
AT2G30060.1,Pleckstrin homology (PH) domain superfamily protein
AT3G25140.1,Nucleotide-diphospho-sugar transferases superfamily protein
AT1G56200.1;AT1G56200.2,embryo defective 1303
AT5G47030.1,"ATPase, F1 complex, delta/epsilon subunit"
AT5G50250.1,chloroplast RNA-binding protein 31B
AT1G22300.1;AT1G22300.2,general regulatory factor 10
AT4G17260.1,Lactate/malate dehydrogenase family protein
AT1G31340.1;AT2G35635.1,related to ubiquitin 1;ubiquitin 7
AT1G61900.1;AT1G61900.2;AT1G61900.3,"unknown protein;FUNCTIONS IN: molecular_function unknown;INVOLVED IN: biological_process unknown;LOCATED IN: anchored to plasma membrane, plasma membrane, anchored to membrane;EXPRESSED IN: 23 plant structures;EXPRESSED DURING: 13 growth stages;BEST Arabidopsis thaliana protein match is: unknown protein (TAIR:AT2G30700.1);Has 65 Blast hits to 65 proteins in 12 species: Archae - 0;Bacteria - 0;Metazoa - 0;Fungi - 0;Plants - 65;Viruses - 0;Other Eukaryotes - 0 (source: NCBI BLink).;unknown protein;FUNCTIONS IN: molecular_function unknown;INVOLVED IN: biological_process unknown;LOCATED IN: anchored to plasma membrane, plasma membrane, anchored to membrane;EXPRESSED IN: 23 plant structures;EXPRESSED DURING: 13 growth stages;BEST Arabidopsis thaliana protein match is: unknown protein (TAIR:AT2G30700.1);Has 35333 Blast hits to 34131 proteins in 2444 species: Archae - 798;Bacteria - 22429;Metazoa - 974;Fungi - 991;Plants - 531;Viruses - 0;Other Eukaryotes - 9610 (source: NCBI BLink).;unknown protein;BEST Arabidopsis thaliana protein match is: unknown protein (TAIR:AT2G30700.1)."
AT1G75010.1,GTP binding
AT3G63080.1,glutathione peroxidase 5
AT5G38410.1,Ribulose bisphosphate carboxylase (small chain) family protein
AT3G45640.1,mitogen-activated protein kinase 3
AT2G47840.1,Uncharacterised conserved protein ycf60
AT1G47480.1,alpha/beta-Hydrolases superfamily protein
AT5G13570.1,decapping 2
AT5G47840.1,adenosine monophosphate kinase
AT5G53650.1,unknown protein;FUNCTIONS IN: molecular_function unknown;INVOLVED IN: biological_process unknown;LOCATED IN: endomembrane system;EXPRESSED IN: 23 plant structures;EXPRESSED DURING: 15 growth stages;Has 30201 Blast hits to 17322 proteins in 780 species: Archae - 12;Bacteria - 1396;Metazoa - 17338;Fungi - 3422;Plants - 5037;Viruses - 0;Other Eukaryotes - 2996 (source: NCBI BLink).
AT1G21380.1,Target of Myb protein 1
AT3G28480.1,Oxoglutarate/iron-dependent oxygenase
AT1G60710.1,NAD(P)-linked oxidoreductase superfamily protein
AT2G36290.1,alpha/beta-Hydrolases superfamily protein
AT1G70290.1,trehalose-6-phosphatase synthase S8
AT2G17972.1,"unknown protein;FUNCTIONS IN: molecular_function unknown;INVOLVED IN: biological_process unknown;LOCATED IN: chloroplast thylakoid membrane, chloroplast;EXPRESSED IN: 22 plant structures;EXPRESSED DURING: 14 growth stages;Has 34 Blast hits to 34 proteins in 17 species: Archae - 0;Bacteria - 0;Metazoa - 0;Fungi - 0;Plants - 34;Viruses - 0;Other Eukaryotes - 0 (source: NCBI BLink)."
AT2G01190.1,Octicosapeptide/Phox/Bem1p family protein
AT2G30900.1,TRICHOME BIREFRINGENCE-LIKE 43
AT5G59540.1,2-oxoglutarate (2OG) and Fe(II)-dependent oxygenase superfamily protein
AT1G05350.1,NAD(P)-binding Rossmann-fold superfamily protein
AT3G63000.1,NPL4-like protein 1
AT5G52210.1;AT5G52210.2,GTP-binding protein 1
AT1G44170.1;AT1G44170.2,aldehyde dehydrogenase 3H1
AT5G04600.1,RNA-binding (RRM/RBD/RNP motifs) family protein
AT1G13700.1,6-phosphogluconolactonase 1
AT4G36190.1,Serine carboxypeptidase S28 family protein
AT3G24100.1,Uncharacterised protein family SERF
AT1G47260.1,gamma carbonic anhydrase 2
AT4G23170.1,receptor-like protein kinase-related family protein
AT2G44050.1,"6,7-dimethyl-8-ribityllumazine synthase / DMRL synthase / lumazine synthase / riboflavin synthase"
AT5G36210.1,alpha/beta-Hydrolases superfamily protein
AT1G65930.1,cytosolic NADP+-dependent isocitrate dehydrogenase
AT5G16120.1,alpha/beta-Hydrolases superfamily protein
AT5G23250.1,"Succinyl-CoA ligase, alpha subunit"
AT5G54660.1,HSP20-like chaperones superfamily protein
AT3G02880.1,Leucine-rich repeat protein kinase family protein
AT2G23200.1,Protein kinase superfamily protein
AT1G59710.1,Protein of unknown function (DUF569)
AT5G28000.1,Polyketide cyclase/dehydrase and lipid transport superfamily protein
AT4G32760.1;AT4G32760.2,ENTH/VHS/GAT family protein
AT2G01820.1,Leucine-rich repeat protein kinase family protein
AT2G38610.1;AT2G38610.2,RNA-binding KH domain-containing protein
AT2G15050.1;AT2G15050.3,lipid transfer protein
AT5G35080.1,"INVOLVED IN: biological_process unknown;LOCATED IN: endomembrane system;EXPRESSED IN: 22 plant structures;EXPRESSED DURING: 13 growth stages;CONTAINS InterPro DOMAIN/s: Mannose-6-phosphate receptor, binding (InterPro:IPR009011), Glucosidase II beta subunit-like (InterPro:IPR012913);Has 30201 Blast hits to 17322 proteins in 780 species: Archae - 12;Bacteria - 1396;Metazoa - 17338;Fungi - 3422;Plants - 5037;Viruses - 0;Other Eukaryotes - 2996 (source: NCBI BLink)."
AT1G30300.1,Metallo-hydrolase/oxidoreductase superfamily protein
AT3G13860.1,heat shock protein 60-3A
AT1G70610.1,transporter associated with antigen processing protein 1
AT3G07720.1,Galactose oxidase/kelch repeat superfamily protein
AT3G04910.1;AT3G04910.2;AT3G04910.3;AT3G22420.1;AT3G22420.2;AT3G51630.1;AT3G51630.2,with no lysine (K) kinase 1;with no lysine (K) kinase 1;with no lysine (K) kinase 1;with no lysine (K) kinase 2;with no lysine (K) kinase 2;with no lysine (K) kinase 5;with no lysine (K) kinase 5
AT1G66970.1,SHV3-like 2
AT2G36360.1;AT2G36360.2;AT2G36360.3;AT2G36360.4;AT2G36360.5,Galactose oxidase/kelch repeat superfamily protein
AT1G65220.1,ARM repeat superfamily protein
AT3G49100.1,"Signal recognition particle, SRP9/SRP14 subunit"
AT1G51805.1,Leucine-rich repeat protein kinase family protein
AT3G26070.1,Plastid-lipid associated protein PAP / fibrillin family protein
AT1G15370.1,SNARE-like superfamily protein
AT1G10500.1,chloroplast-localized ISCA-like protein
AT5G20980.1;AT5G20980.2,methionine synthase 3
AT1G27385.1;AT1G27385.2;AT1G27385.3;AT1G27385.4,unknown protein;FUNCTIONS IN: molecular_function unknown;INVOLVED IN: biological_process unknown;LOCATED IN: chloroplast;EXPRESSED IN: 24 plant structures;EXPRESSED DURING: 13 growth stages;CONTAINS InterPro DOMAIN/s: Protein of unknown function DUF493 (InterPro:IPR007454);Has 76 Blast hits to 76 proteins in 23 species: Archae - 0;Bacteria - 6;Metazoa - 0;Fungi - 0;Plants - 69;Viruses - 0;Other Eukaryotes - 1 (source: NCBI BLink).;unknown protein;FUNCTIONS IN: molecular_function unknown;INVOLVED IN: biological_process unknown;EXPRESSED IN: 24 plant structures;EXPRESSED DURING: 13 growth stages;CONTAINS InterPro DOMAIN/s: Protein of unknown function DUF493 (InterPro:IPR007454);Has 76 Blast hits to 76 proteins in 23 species: Archae - 0;Bacteria - 6;Metazoa - 0;Fungi - 0;Plants - 69;Viruses - 0;Other Eukaryotes - 1 (source: NCBI BLink).;unknown protein;FUNCTIONS IN: molecular_function unknown;INVOLVED IN: biological_process unknown;LOCATED IN: chloroplast;EXPRESSED IN: 24 plant structures;EXPRESSED DURING: 13 growth stages;CONTAINS InterPro DOMAIN/s: Protein of unknown function DUF493 (InterPro:IPR007454);Has 77 Blast hits to 77 proteins in 22 species: Archae - 0;Bacteria - 4;Metazoa - 0;Fungi - 0;Plants - 72;Viruses - 0;Other Eukaryotes - 1 (source: NCBI BLink).;unknown protein;FUNCTIONS IN: molecular_function unknown;INVOLVED IN: biological_process unknown;EXPRESSED IN: 24 plant structures;EXPRESSED DURING: 13 growth stages;CONTAINS InterPro DOMAIN/s: Protein of unknown function DUF493 (InterPro:IPR007454);Has 79 Blast hits to 79 proteins in 23 species: Archae - 0;Bacteria - 6;Metazoa - 0;Fungi - 0;Plants - 72;Viruses - 0;Other Eukaryotes - 1 (source: NCBI BLink).
AT4G31140.1,O-Glycosyl hydrolases family 17 protein
AT3G09600.1;AT3G09600.2,Homeodomain-like superfamily protein
AT1G31910.1,GHMP kinase family protein
AT3G05710.1,syntaxin of plants 43
AT3G22320.1,Eukaryotic rpb5 RNA polymerase subunit family protein
AT1G20225.1,Thioredoxin superfamily protein
AT4G25650.1;AT4G25650.2,ACD1-like
AT5G38900.1,Thioredoxin superfamily protein
AT5G20990.1,molybdopterin biosynthesis CNX1 protein / molybdenum cofactor biosynthesis enzyme CNX1 (CNX1)
AT2G28605.1,Photosystem II reaction center PsbP family protein
AT3G23980.1,BLISTER
AT1G05270.1,TraB family protein
AT2G34690.1,Glycolipid transfer protein (GLTP) family protein
AT1G71170.1,6-phosphogluconate dehydrogenase family protein
AT4G11600.1,glutathione peroxidase 6
AT5G52410.1;AT5G52410.2,CONTAINS InterPro DOMAIN/s: S-layer homology domain (InterPro:IPR001119);BEST Arabidopsis thaliana protein match is: unknown protein (TAIR:AT5G23890.1);Has 30201 Blast hits to 17322 proteins in 780 species: Archae - 12;Bacteria - 1396;Metazoa - 17338;Fungi - 3422;Plants - 5037;Viruses - 0;Other Eukaryotes - 2996 (source: NCBI BLink).;INVOLVED IN: biological_process unknown;LOCATED IN: chloroplast;EXPRESSED IN: 13 plant structures;EXPRESSED DURING: 6 growth stages;CONTAINS InterPro DOMAIN/s: S-layer homology domain (InterPro:IPR001119);BEST Arabidopsis thaliana protein match is: unknown protein (TAIR:AT5G23890.1);Has 35333 Blast hits to 34131 proteins in 2444 species: Archae - 798;Bacteria - 22429;Metazoa - 974;Fungi - 991;Plants - 531;Viruses - 0;Other Eukaryotes - 9610 (source: NCBI BLink).
AT5G66510.1,gamma carbonic anhydrase 3
AT1G73230.1,Nascent polypeptide-associated complex NAC
AT5G54500.1,flavodoxin-like quinone reductase 1
AT4G26530.1;AT4G26530.2,Aldolase superfamily protein
AT4G37200.1,Thioredoxin superfamily protein
AT3G25770.1,allene oxide cyclase 2
AT1G49670.1;AT1G49670.2,ARP protein (REF)
AT1G06700.1;AT1G06700.2;AT2G30730.1;AT2G30740.1;AT2G43230.1;AT2G43230.2;AT3G59350.1;AT3G59350.2;AT3G59350.3,Protein kinase superfamily protein
AT3G19480.1,D-3-phosphoglycerate dehydrogenase
AT2G33845.1,"Nucleic acid-binding, OB-fold-like protein"
AT1G15950.1,cinnamoyl coa reductase 1
AT4G32180.1,pantothenate kinase 2
AT4G38630.1,regulatory particle non-ATPase 10
AT1G03090.1;AT1G03090.2,"methylcrotonyl-CoA carboxylase alpha chain, mitochondrial / 3-methylcrotonyl-CoA carboxylase 1 (MCCA);methylcrotonyl-CoA carboxylase alpha chain, mitochondrial / 3-methylcrotonyl-CoA carboxylase 1 (MCCA)"
AT3G07420.1,asparaginyl-tRNA synthetase 2
AT2G43400.1,electron-transfer flavoprotein:ubiquinone oxidoreductase
AT4G25280.1,P-loop containing nucleoside triphosphate hydrolases superfamily protein
AT1G49975.1,"INVOLVED IN: photosynthesis;LOCATED IN: photosystem I, chloroplast, thylakoid membrane;EXPRESSED IN: 20 plant structures;EXPRESSED DURING: 13 growth stages;CONTAINS InterPro DOMAIN/s: Photosystem I reaction centre subunit N (InterPro:IPR008796);Has 34 Blast hits to 34 proteins in 14 species: Archae - 0;Bacteria - 0;Metazoa - 0;Fungi - 0;Plants - 34;Viruses - 0;Other Eukaryotes - 0 (source: NCBI BLink)."
AT3G49800.1,BSD domain-containing protein
AT5G45650.1,subtilase family protein
AT2G21060.1,glycine-rich protein 2B
AT5G42980.1,thioredoxin 3
AT5G64670.1,Ribosomal protein L18e/L15 superfamily protein
AT2G07698.1;ATMG01190.1,"ATPase, F1 complex, alpha subunit protein;ATP synthase subunit 1"
AT1G27310.1,nuclear transport factor 2A
AT4G24930.1,"thylakoid lumenal 17.9 kDa protein, chloroplast"
AT4G38810.2,Calcium-binding EF-hand family protein
AT3G43800.1,glutathione S-transferase tau 27
AT1G55890.1,Tetratricopeptide repeat (TPR)-like superfamily protein
AT3G04940.1,cysteine synthase D1
AT1G33600.1,Leucine-rich repeat (LRR) family protein
AT2G05710.1,aconitase 3
AT1G05720.1,selenoprotein family protein
AT2G29360.1,NAD(P)-binding Rossmann-fold superfamily protein
AT3G13330.1,proteasome activating protein 200
AT5G11060.1,KNOTTED1-like homeobox gene 4
AT5G08610.1,P-loop containing nucleoside triphosphate hydrolases superfamily protein
AT3G22330.1,putative mitochondrial RNA helicase 2
AT1G04990.1;AT1G04990.2,Zinc finger C-x8-C-x5-C-x3-H type family protein
AT3G05520.1;AT3G05520.2,Subunits of heterodimeric actin filament capping protein Capz superfamily
AT1G50670.1,OTU-like cysteine protease family protein
AT1G64680.1,unknown protein;BEST Arabidopsis thaliana protein match is: unknown protein (TAIR:AT1G03055.1);Has 146 Blast hits to 146 proteins in 26 species: Archae - 0;Bacteria - 6;Metazoa - 0;Fungi - 0;Plants - 125;Viruses - 0;Other Eukaryotes - 15 (source: NCBI BLink).
AT4G12130.1,Glycine cleavage T-protein family
AT5G42190.1,E3 ubiquitin ligase SCF complex subunit SKP1/ASK1 family protein
AT2G15890.1;AT2G15890.2,maternal effect embryo arrest 14
AT5G42960.1,"unknown protein;FUNCTIONS IN: molecular_function unknown;INVOLVED IN: biological_process unknown;LOCATED IN: mitochondrion, chloroplast, plastid, chloroplast envelope;EXPRESSED IN: 24 plant structures;EXPRESSED DURING: 13 growth stages;BEST Arabidopsis thaliana protein match is: unknown protein (TAIR:AT1G45170.1);Has 30201 Blast hits to 17322 proteins in 780 species: Archae - 12;Bacteria - 1396;Metazoa - 17338;Fungi - 3422;Plants - 5037;Viruses - 0;Other Eukaryotes - 2996 (source: NCBI BLink)."
AT5G12890.1,UDP-Glycosyltransferase superfamily protein
AT4G39090.1,Papain family cysteine protease
AT4G11380.1;AT4G11380.2,Adaptin family protein
AT3G10250.1;AT3G10250.2;AT5G04090.2,Plant protein 1589 of unknown function
AT2G20420.1,ATP citrate lyase (ACL) family protein
AT1G77550.1,tubulin-tyrosine ligases
AT2G43910.1,HARMLESS TO OZONE LAYER 1
AT5G58140.1;AT5G58140.2;AT5G58140.3,phototropin 2
AT5G54180.1,plastid transcriptionally active 15
AT3G52850.1,vacuolar sorting receptor homolog 1
AT3G20410.1,calmodulin-domain protein kinase 9
AT5G66420.2,"LOCATED IN: cellular_component unknown;EXPRESSED IN: 23 plant structures;EXPRESSED DURING: 13 growth stages;CONTAINS InterPro DOMAIN/s: Uncharacterised conserved protein UCP033271 (InterPro:IPR008322), TIM-barrel signal transduction protein, predicted (InterPro:IPR009215);Has 1232 Blast hits to 1230 proteins in 311 species: Archae - 18;Bacteria - 959;Metazoa - 1;Fungi - 84;Plants - 42;Viruses - 0;Other Eukaryotes - 128 (source: NCBI BLink)."
AT3G23490.1,cyanase
AT5G12390.1,Tetratricopeptide repeat (TPR)-like superfamily protein
AT3G09810.1,isocitrate dehydrogenase VI
AT1G15410.1,aspartate-glutamate racemase family
AT5G16990.1,Zinc-binding dehydrogenase family protein
AT1G12780.1,UDP-D-glucose/UDP-D-galactose 4-epimerase 1
AT4G29350.1,profilin 2
AT1G61690.1,phosphoinositide binding
AT5G57580.1,Calmodulin-binding protein
AT4G35560.1;AT4G35560.2,Transducin/WD40 repeat-like superfamily protein
AT3G51250.1,Senescence/dehydration-associated protein-related
AT1G10490.1,Domain of unknown function (DUF1726);Putative ATPase (DUF699)
AT5G65840.1,Thioredoxin superfamily protein
AT1G10940.1,Protein kinase superfamily protein
AT5G22040.1;AT5G22040.2;AT5G22040.3,unknown protein;Has 30201 Blast hits to 17322 proteins in 780 species: Archae - 12;Bacteria - 1396;Metazoa - 17338;Fungi - 3422;Plants - 5037;Viruses - 0;Other Eukaryotes - 2996 (source: NCBI BLink).;unknown protein;FUNCTIONS IN: molecular_function unknown;INVOLVED IN: biological_process unknown;LOCATED IN: cellular_component unknown;Has 30201 Blast hits to 17322 proteins in 780 species: Archae - 12;Bacteria - 1396;Metazoa - 17338;Fungi - 3422;Plants - 5037;Viruses - 0;Other Eukaryotes - 2996 (source: NCBI BLink).;unknown protein;FUNCTIONS IN: molecular_function unknown;INVOLVED IN: biological_process unknown;LOCATED IN: cellular_component unknown.
AT5G23020.1,2-isopropylmalate synthase 2
AT2G17410.1;AT2G17410.2,ARID/BRIGHT DNA-binding domain-containing protein
AT1G07000.1,exocyst subunit exo70 family protein B2
AT1G74320.1,Protein kinase superfamily protein
AT3G01480.1,cyclophilin 38
AT1G10390.1;AT1G10390.2,Nucleoporin autopeptidase
AT3G03270.1;AT3G03270.2,Adenine nucleotide alpha hydrolases-like superfamily protein
AT3G58600.1,Adaptin ear-binding coat-associated protein 1 NECAP-1
AT4G11120.1,"translation elongation factor Ts (EF-Ts), putative"
AT3G47630.1;AT3G47630.2,FUNCTIONS IN: molecular_function unknown;INVOLVED IN: biological_process unknown;LOCATED IN: endomembrane system;EXPRESSED IN: 21 plant structures;EXPRESSED DURING: 13 growth stages;CONTAINS InterPro DOMAIN/s: Mitochondrial matrix Mmp37 (InterPro:IPR015222);Has 325 Blast hits to 325 proteins in 172 species: Archae - 0;Bacteria - 0;Metazoa - 109;Fungi - 140;Plants - 43;Viruses - 0;Other Eukaryotes - 33 (source: NCBI BLink).;CONTAINS InterPro DOMAIN/s: Mitochondrial matrix Mmp37 (InterPro:IPR015222);Has 35333 Blast hits to 34131 proteins in 2444 species: Archae - 798;Bacteria - 22429;Metazoa - 974;Fungi - 991;Plants - 531;Viruses - 0;Other Eukaryotes - 9610 (source: NCBI BLink).
AT3G56190.1,alpha-soluble NSF attachment protein 2
AT3G22200.1;AT3G22200.2,Pyridoxal phosphate (PLP)-dependent transferases superfamily protein
AT4G35000.1,ascorbate peroxidase 3
AT5G17290.1,autophagy protein Apg5 family
AT5G49215.1;AT5G49215.2,Pectin lyase-like superfamily protein
AT4G36195.1;AT4G36195.2;AT4G36195.3,Serine carboxypeptidase S28 family protein
AT1G50480.1,10-formyltetrahydrofolate synthetase
AT2G33150.1,peroxisomal 3-ketoacyl-CoA thiolase 3
AT2G41475.1,"Embryo-specific protein 3, (ATS3)"
AT3G23600.1,alpha/beta-Hydrolases superfamily protein
AT4G34412.1,CONTAINS InterPro DOMAIN/s: Kinase binding protein CGI-121 (InterPro:IPR013926);Has 275 Blast hits to 275 proteins in 139 species: Archae - 0;Bacteria - 5;Metazoa - 98;Fungi - 109;Plants - 42;Viruses - 0;Other Eukaryotes - 21 (source: NCBI BLink).
AT2G21620.1;AT2G21620.2,Adenine nucleotide alpha hydrolases-like superfamily protein
AT3G14230.1;AT3G14230.2;AT3G14230.3,related to AP2 2
AT1G13440.1,glyceraldehyde-3-phosphate dehydrogenase C2
AT4G34180.1,Cyclase family protein
AT3G60190.1,DYNAMIN-like 1E
AT4G14710.1;AT4G14710.2;AT4G14710.3,RmlC-like cupins superfamily protein
AT1G70580.1;AT1G70580.2;AT1G70580.3;AT1G70580.4,alanine-2-oxoglutarate aminotransferase 2
AT5G42100.1;AT5G42100.2,"beta-1,3-glucanase_putative;beta-1,3-glucanase_putative"
AT5G05740.1;AT5G05740.2;AT5G05740.3,ethylene-dependent gravitropism-deficient and yellow-green-like 2
AT3G08580.1;AT3G08580.2,ADP/ATP carrier 1
AT1G54780.1,thylakoid lumen 18.3 kDa protein
AT1G33990.1,methyl esterase 14
AT1G53430.1;AT1G53430.2,Leucine-rich repeat transmembrane protein kinase
AT3G13120.1;AT3G13120.2,Ribosomal protein S10p/S20e family protein
AT5G62140.1,unknown protein;FUNCTIONS IN: molecular_function unknown;INVOLVED IN: biological_process unknown;LOCATED IN: chloroplast;EXPRESSED IN: 19 plant structures;EXPRESSED DURING: 13 growth stages;Has 60 Blast hits to 60 proteins in 24 species: Archae - 0;Bacteria - 14;Metazoa - 0;Fungi - 0;Plants - 45;Viruses - 0;Other Eukaryotes - 1 (source: NCBI BLink).
AT3G48090.1,alpha/beta-Hydrolases superfamily protein
AT3G02750.1;AT3G02750.2;AT3G02750.3,Protein phosphatase 2C family protein
AT4G36690.1;AT4G36690.4,"U2 snRNP auxilliary factor, large subunit, splicing factor;U2 snRNP auxilliary factor, large subunit, splicing factor"
AT2G07050.1,cycloartenol synthase 1
AT5G65430.1;AT5G65430.2;AT5G65430.3,general regulatory factor 8
AT3G52570.1,alpha/beta-Hydrolases superfamily protein
AT3G44310.1;AT3G44310.3,nitrilase 1
AT1G71790.1,Subunits of heterodimeric actin filament capping protein Capz superfamily
AT2G36480.1;AT2G36480.2;AT2G36480.3,ENTH/VHS family protein
AT5G10760.1,Eukaryotic aspartyl protease family protein
AT3G14110.1;AT3G14110.2;AT3G14110.3,Tetratricopeptide repeat (TPR)-like superfamily protein
AT5G25090.1,early nodulin-like protein 13
ATCG00540.1,photosynthetic electron transfer A
AT5G08670.1;AT5G08680.1;AT5G08690.1,ATP synthase alpha/beta family protein
AT4G34150.1,Calcium-dependent lipid-binding (CaLB domain) family protein
AT5G01350.1,unknown protein;FUNCTIONS IN: molecular_function unknown;INVOLVED IN: biological_process unknown;LOCATED IN: endomembrane system;EXPRESSED IN: 24 plant structures;EXPRESSED DURING: 15 growth stages;Has 30201 Blast hits to 17322 proteins in 780 species: Archae - 12;Bacteria - 1396;Metazoa - 17338;Fungi - 3422;Plants - 5037;Viruses - 0;Other Eukaryotes - 2996 (source: NCBI BLink).
AT3G56910.1,plastid-specific 50S ribosomal protein 5
AT5G28020.1;AT5G28020.2;AT5G28020.3;AT5G28020.4;AT5G28020.6,cysteine synthase D2
AT3G44100.1,MD-2-related lipid recognition domain-containing protein
ATMG00640.1,"hydrogen ion transporting ATP synthases, rotational mechanism;zinc ion binding"
AT1G72330.1;AT1G72330.3,alanine aminotransferase 2
AT3G23620.1,Ribosomal RNA processing Brix domain protein
AT1G03310.1;AT1G03310.2,debranching enzyme 1
AT4G12720.1;AT4G12720.2;AT4G12720.3,MutT/nudix family protein
AT5G23060.1,calcium sensing receptor
AT1G11360.1;AT1G11360.2;AT1G11360.3;AT1G11360.4,Adenine nucleotide alpha hydrolases-like superfamily protein
AT2G02390.3,glutathione S-transferase zeta 1
AT5G51070.1,Clp ATPase
AT1G55550.1,P-loop containing nucleoside triphosphate hydrolases superfamily protein
AT1G12470.1,zinc ion binding
AT1G06400.1,Ras-related small GTP-binding family protein
AT1G64390.1,glycosyl hydrolase 9C2
AT1G30910.1,Molybdenum cofactor sulfurase family protein
AT3G18490.1,Eukaryotic aspartyl protease family protein
AT2G19760.1,profilin 1
AT1G77140.1,vacuolar protein sorting 45
AT1G32490.1;AT1G32490.2,RNA helicase family protein
AT2G36410.2;AT2G36410.3,Family of unknown function (DUF662)
AT2G20630.1,PP2C induced by AVRRPM1
AT2G43180.1;AT2G43180.3,Phosphoenolpyruvate carboxylase family protein
AT1G55210.1;AT1G55210.2,Disease resistance-responsive (dirigent-like protein) family protein
AT3G21560.1,UDP-Glycosyltransferase superfamily protein
AT3G06540.1,Rab escort protein
AT1G12050.1,"fumarylacetoacetase, putative"
AT5G25150.1,TBP-associated factor 5
AT5G08570.1,Pyruvate kinase family protein
AT4G04720.1,calcium-dependent protein kinase 21
AT4G22380.1;AT5G20160.1;AT5G20160.2,Ribosomal protein L7Ae/L30e/S12e/Gadd45 family protein
AT3G61690.1,nucleotidyltransferases
AT3G52880.1;AT3G52880.2,monodehydroascorbate reductase 1
AT4G30950.1,fatty acid desaturase 6
AT5G14740.2,carbonic anhydrase 2
AT5G61210.1,soluble N-ethylmaleimide-sensitive factor adaptor protein 33
AT5G17990.1,tryptophan biosynthesis 1
AT2G25950.1,Protein of unknown function (DUF1000)
AT5G49650.1,xylulose kinase-2
AT3G01390.1;AT3G01390.2,vacuolar membrane ATPase 10
AT3G53180.1,glutamate-ammonia ligases;catalytics;glutamate-ammonia ligases
AT2G25310.1,Protein of unknown function (DUF2012)
AT1G02330.1,CONTAINS InterPro DOMAIN/s: Hepatocellular carcinoma-associated antigen 59 (InterPro:IPR010756);Has 1239 Blast hits to 998 proteins in 204 species: Archae - 4;Bacteria - 71;Metazoa - 421;Fungi - 109;Plants - 87;Viruses - 5;Other Eukaryotes - 542 (source: NCBI BLink).
AT3G53990.1,Adenine nucleotide alpha hydrolases-like superfamily protein
AT2G18960.1,H(+)-ATPase 1
AT5G15650.1,reversibly glycosylated polypeptide 2
AT5G39600.1,"CONTAINS InterPro DOMAIN/s: Ribosomal protein L53, mitochondrial (InterPro:IPR019716);Has 50 Blast hits to 50 proteins in 19 species: Archae - 0;Bacteria - 0;Metazoa - 6;Fungi - 0;Plants - 42;Viruses - 0;Other Eukaryotes - 2 (source: NCBI BLink)."
AT3G47930.1,"L-galactono-1,4-lactone dehydrogenase"
AT2G41430.1;AT2G41430.2;AT2G41430.4;AT2G41430.5,dehydration-induced protein (ERD15)
AT5G08180.1;AT5G08180.2,Ribosomal protein L7Ae/L30e/S12e/Gadd45 family protein
AT1G76200.1,unknown protein;Has 96 Blast hits to 96 proteins in 48 species: Archae - 0;Bacteria - 0;Metazoa - 0;Fungi - 47;Plants - 38;Viruses - 0;Other Eukaryotes - 11 (source: NCBI BLink).
AT1G51690.1,protein phosphatase 2A 55 kDa regulatory subunit B alpha isoform
AT3G48990.1,AMP-dependent synthetase and ligase family protein
AT5G57130.1,Clp amino terminal domain-containing protein
AT5G43780.1,Pseudouridine synthase/archaeosine transglycosylase-like family protein
AT3G18990.1,AP2/B3-like transcriptional factor family protein
AT2G32120.1;AT2G32120.2,heat-shock protein 70T-2
AT5G23750.1;AT5G23750.2,Remorin family protein
AT3G23637.1,DVL family protein
AT5G03070.1,importin alpha isoform 9
AT2G20010.1;AT2G20010.2,Protein of unknown function (DUF810)
AT5G42270.1,FtsH extracellular protease family
AT5G07370.1;AT5G07370.2;AT5G07370.3;AT5G07370.4,inositol polyphosphate kinase 2 alpha
AT5G44090.1,Calcium-binding EF-hand family protein
AT4G16770.1,2-oxoglutarate (2OG) and Fe(II)-dependent oxygenase superfamily protein
AT1G72150.1,PATELLIN 1
AT1G53000.1,Nucleotide-diphospho-sugar transferases superfamily protein
AT2G17790.1,VPS35 homolog A
AT1G15940.1,Tudor/PWWP/MBT superfamily protein
AT4G12420.1;AT4G12420.2,Cupredoxin superfamily protein
AT4G03430.1,pre-mRNA splicing factor-related
AT4G17600.1,Chlorophyll A-B binding family protein
AT5G39950.1,thioredoxin 2
AT1G48030.1;AT1G48030.2,mitochondrial lipoamide dehydrogenase 1
AT4G00830.1;AT4G00830.2;AT4G00830.3;AT4G00830.4,RNA-binding (RRM/RBD/RNP motifs) family protein
AT1G71310.1;AT1G71310.2,cobalt ion binding
AT2G18250.1,4-phosphopantetheine adenylyltransferase
AT3G17940.1,Galactose mutarotase-like superfamily protein
AT1G26630.1,Eukaryotic translation initiation factor 5A-1 (eIF-5A 1) protein
AT1G79380.1,Ca(2)-dependent phospholipid-binding protein (Copine) family
AT2G43945.1,unknown protein;LOCATED IN: chloroplast;BEST Arabidopsis thaliana protein match is: unknown protein (TAIR:AT3G59870.1);Has 292 Blast hits to 292 proteins in 84 species: Archae - 0;Bacteria - 122;Metazoa - 0;Fungi - 0;Plants - 46;Viruses - 0;Other Eukaryotes - 124 (source: NCBI BLink).
AT1G64200.1,vacuolar H+-ATPase subunit E isoform 3
AT4G34640.1,squalene synthase 1
AT5G03905.1,Iron-sulphur cluster biosynthesis family protein
ATCG00480.1,ATP synthase subunit beta
AT3G53650.1,Histone superfamily protein
AT4G16190.1,Papain family cysteine protease
AT3G22220.1;AT3G22220.2,hAT transposon superfamily
AT3G26740.1,CCR-like
AT3G59040.1;AT3G59040.2,Tetratricopeptide repeat (TPR)-like superfamily protein
AT4G36400.1;AT4G36400.2,FAD-linked oxidases family protein
AT3G25480.1,Rhodanese/Cell cycle control phosphatase superfamily protein
AT1G72030.1,Acyl-CoA N-acyltransferases (NAT) superfamily protein
AT3G10700.1,galacturonic acid kinase
AT4G32930.1;AT4G32930.2,"unknown protein;CONTAINS InterPro DOMAIN/s: Protein of unknown function DUF866, eukaryotic (InterPro:IPR008584);Has 30201 Blast hits to 17322 proteins in 780 species: Archae - 12;Bacteria - 1396;Metazoa - 17338;Fungi - 3422;Plants - 5037;Viruses - 0;Other Eukaryotes - 2996 (source: NCBI BLink).;unknown protein;FUNCTIONS IN: molecular_function unknown;INVOLVED IN: biological_process unknown;LOCATED IN: cellular_component unknown;EXPRESSED IN: 22 plant structures;EXPRESSED DURING: 13 growth stages;CONTAINS InterPro DOMAIN/s: Protein of unknown function DUF866, eukaryotic (InterPro:IPR008584)."
AT5G50100.1,Putative thiol-disulphide oxidoreductase DCC
AT2G26740.1,soluble epoxide hydrolase
AT3G22740.1,homocysteine S-methyltransferase 3
AT3G12380.1;AT3G12380.2,actin-related protein 5
AT2G35940.1;AT2G35940.2;AT2G35940.3,BEL1-like homeodomain 1
AT2G22780.1,peroxisomal NAD-malate dehydrogenase 1
AT1G71920.3;AT5G10330.3,HISTIDINE BIOSYNTHESIS 6B;histidinol phosphate aminotransferase 1
AT1G64090.1,Reticulan like protein B3
AT3G18580.1,"Nucleic acid-binding, OB-fold-like protein"
AT2G23600.1,acetone-cyanohydrin lyase
AT3G45300.1,isovaleryl-CoA-dehydrogenase
AT3G27300.1;AT3G27300.2;AT3G27300.3,glucose-6-phosphate dehydrogenase 5
AT3G12580.1,heat shock protein 70
AT4G01050.1,thylakoid rhodanese-like
AT5G42830.1,HXXXD-type acyl-transferase family protein
AT5G55070.1,Dihydrolipoamide succinyltransferase
AT5G67490.1,unknown protein;CONTAINS InterPro DOMAIN/s: Protein of unknown function DUF1674 (InterPro:IPR012875);Has 30201 Blast hits to 17322 proteins in 780 species: Archae - 12;Bacteria - 1396;Metazoa - 17338;Fungi - 3422;Plants - 5037;Viruses - 0;Other Eukaryotes - 2996 (source: NCBI BLink).
AT5G44390.1,FAD-binding Berberine family protein
AT3G18890.1,NAD(P)-binding Rossmann-fold superfamily protein
AT5G03610.1,GDSL-like Lipase/Acylhydrolase superfamily protein
AT5G40760.1,glucose-6-phosphate dehydrogenase 6
AT5G66760.1,succinate dehydrogenase 1-1
AT3G03060.1,P-loop containing nucleoside triphosphate hydrolases superfamily protein
AT3G14067.1,Subtilase family protein
AT3G18110.1,Pentatricopeptide repeat (PPR) superfamily protein
AT1G51980.1,Insulinase (Peptidase family M16) protein
AT4G05180.1,photosystem II subunit Q-2
AT4G13350.1;AT4G13350.2,NSP (nuclear shuttle protein)-interacting GTPase
AT5G23510.1;AT5G23510.2,unknown protein;BEST Arabidopsis thaliana protein match is: unknown protein (TAIR:AT5G23490.1);Has 35333 Blast hits to 34131 proteins in 2444 species: Archae - 798;Bacteria - 22429;Metazoa - 974;Fungi - 991;Plants - 531;Viruses - 0;Other Eukaryotes - 9610 (source: NCBI BLink).;unknown protein;LOCATED IN: cellular_component unknown;BEST Arabidopsis thaliana protein match is: unknown protein (TAIR:AT5G23490.1);Has 30201 Blast hits to 17322 proteins in 780 species: Archae - 12;Bacteria - 1396;Metazoa - 17338;Fungi - 3422;Plants - 5037;Viruses - 0;Other Eukaryotes - 2996 (source: NCBI BLink).
AT3G59970.3,methylenetetrahydrofolate reductase 1
AT5G46180.1,ornithine-delta-aminotransferase
AT4G29590.1,S-adenosyl-L-methionine-dependent methyltransferases superfamily protein
AT2G45960.1;AT2G45960.2;AT2G45960.3,plasma membrane intrinsic protein 1B
AT1G74230.1,glycine-rich RNA-binding protein 5
AT1G20440.1,cold-regulated 47
AT1G74210.1,PLC-like phosphodiesterases superfamily protein
AT4G26850.1,mannose-1-phosphate guanylyltransferase (GDP)s;GDP-galactose:mannose-1-phosphate guanylyltransferases;GDP-galactose:glucose-1-phosphate guanylyltransferases;GDP-galactose:myoinositol-1-phosphate guanylyltransferases;glucose-1-phosphate guanylyltransferase
AT3G24590.1,plastidic type i signal peptidase 1
AT3G60130.1,beta glucosidase 16
AT2G44610.1,Ras-related small GTP-binding family protein
AT3G14620.1,"cytochrome P450, family 72, subfamily A, polypeptide 8"
AT1G06760.1,winged-helix DNA-binding transcription factor family protein
AT4G34200.1,D-3-phosphoglycerate dehydrogenase
AT3G09740.1,syntaxin of plants 71
AT5G67560.1,ADP-ribosylation factor-like A1D
AT3G20800.1,"Cell differentiation, Rcd1-like protein"
AT1G03400.1,2-oxoglutarate (2OG) and Fe(II)-dependent oxygenase superfamily protein
AT5G47480.1,RGPR-related
AT1G17880.1,basic transcription factor 3
AT5G08050.1,Protein of unknown function (DUF1118)
AT3G10850.1,Metallo-hydrolase/oxidoreductase superfamily protein
AT4G29530.1,Pyridoxal phosphate phosphatase-related protein
AT2G04650.1,ADP-glucose pyrophosphorylase family protein
AT1G18170.1,FKBP-like peptidyl-prolyl cis-trans isomerase family protein
AT4G26270.1,phosphofructokinase 3
AT3G13350.1,HMG (high mobility group) box protein with ARID/BRIGHT DNA-binding domain
AT1G60940.1;AT1G60940.2,SNF1-related protein kinase 2.10
AT3G58500.1,protein phosphatase 2A-4
AT5G27670.1,histone H2A 7
AT1G72340.1,NagB/RpiA/CoA transferase-like superfamily protein
AT3G55020.1,Ypt/Rab-GAP domain of gyp1p superfamily protein
AT4G16566.1,histidine triad nucleotide-binding 4
AT2G45980.1,unknown protein;FUNCTIONS IN: molecular_function unknown;INVOLVED IN: biological_process unknown;LOCATED IN: cellular_component unknown;EXPRESSED IN: 25 plant structures;EXPRESSED DURING: 15 growth stages;BEST Arabidopsis thaliana protein match is: unknown protein (TAIR:AT4G00355.2);Has 93 Blast hits to 90 proteins in 15 species: Archae - 0;Bacteria - 0;Metazoa - 0;Fungi - 0;Plants - 93;Viruses - 0;Other Eukaryotes - 0 (source: NCBI BLink).
AT3G46560.1,Tim10/DDP family zinc finger protein
AT5G03455.1,Rhodanese/Cell cycle control phosphatase superfamily protein
AT5G45280.2,Pectinacetylesterase family protein
AT1G22530.1,PATELLIN 2
AT4G27490.1,3'-5'-exoribonuclease family protein
AT5G07830.1,glucuronidase 2
AT1G35560.1,TCP family transcription factor
AT5G13980.1;AT5G13980.2,Glycosyl hydrolase family 38 protein
AT4G14870.1,secE/sec61-gamma protein transport protein
AT3G50270.1,HXXXD-type acyl-transferase family protein
AT5G64640.1,Plant invertase/pectin methylesterase inhibitor superfamily
AT4G24520.1;AT4G24520.2,P450 reductase 1
AT5G13970.1,unknown protein;FUNCTIONS IN: molecular_function unknown;INVOLVED IN: biological_process unknown;LOCATED IN: endomembrane system;EXPRESSED IN: 23 plant structures;EXPRESSED DURING: 13 growth stages;BEST Arabidopsis thaliana protein match is: unknown protein (TAIR:AT5G13310.1);Has 1807 Blast hits to 1807 proteins in 277 species: Archae - 0;Bacteria - 0;Metazoa - 736;Fungi - 347;Plants - 385;Viruses - 0;Other Eukaryotes - 339 (source: NCBI BLink).
AT2G01650.1,plant UBX domain-containing protein 2
AT1G71920.2;AT5G10330.1;AT5G10330.2,HISTIDINE BIOSYNTHESIS 6B;histidinol phosphate aminotransferase 1;histidinol phosphate aminotransferase 1
AT3G12480.1,"nuclear factor Y, subunit C11"
AT1G05805.1,basic helix-loop-helix (bHLH) DNA-binding superfamily protein
AT2G32900.1,"centromere/kinetochore protein, putative (ZW10)"
AT1G03220.1,Eukaryotic aspartyl protease family protein
AT2G27920.1;AT2G27920.2,serine carboxypeptidase-like 51
AT1G09010.1,glycoside hydrolase family 2 protein
AT1G22020.1,serine hydroxymethyltransferase 6
AT1G47900.1;AT1G47900.2,Plant protein of unknown function (DUF869)
AT5G20080.1,FAD/NAD(P)-binding oxidoreductase
AT4G12290.1,Copper amine oxidase family protein
AT2G15790.1,peptidyl-prolyl cis-trans isomerase / cyclophilin-40 (CYP40) / rotamase
AT2G41680.1,NADPH-dependent thioredoxin reductase C
AT1G60550.1,enoyl-CoA hydratase/isomerase D
AT1G12840.1,vacuolar ATP synthase subunit C (VATC) / V-ATPase C subunit / vacuolar proton pump C subunit (DET3)
AT4G28860.1;AT4G28860.2,casein kinase I-like 4
AT1G16240.1;AT1G16240.2;AT1G16240.3,syntaxin of plants 51
AT5G48870.1,Small nuclear ribonucleoprotein family protein
AT3G11170.1,fatty acid desaturase 7
AT1G65980.1,thioredoxin-dependent peroxidase 1
AT1G09210.1,calreticulin 1b
AT1G78900.1;AT1G78900.2,vacuolar ATP synthase subunit A
AT1G04680.1,Pectin lyase-like superfamily protein
AT4G26650.1;AT4G26650.2,RNA-binding (RRM/RBD/RNP motifs) family protein
AT1G07960.1;AT1G07960.2;AT1G07960.3,PDI-like 5-1
AT5G02240.1,NAD(P)-binding Rossmann-fold superfamily protein
AT4G01100.1;AT4G01100.2,adenine nucleotide transporter 1
AT5G11900.1,Translation initiation factor SUI1 family protein
AT1G19570.1,dehydroascorbate reductase
AT4G19410.1;AT4G19410.2,Pectinacetylesterase family protein
AT4G23885.1,unknown protein;BEST Arabidopsis thaliana protein match is: unknown protein (TAIR:AT5G24165.1);Has 30201 Blast hits to 17322 proteins in 780 species: Archae - 12;Bacteria - 1396;Metazoa - 17338;Fungi - 3422;Plants - 5037;Viruses - 0;Other Eukaryotes - 2996 (source: NCBI BLink).
AT5G14680.1,Adenine nucleotide alpha hydrolases-like superfamily protein
AT5G12470.1,Protein of unknown function (DUF3411)
AT1G43560.1,thioredoxin Y2
AT4G00630.1;AT4G00630.2,K+ efflux antiporter 2
AT2G19430.1,DWD (DDB1-binding WD40 protein) hypersensitive to ABA 1
AT3G48170.1,aldehyde dehydrogenase 10A9
AT3G16857.1;AT3G16857.2,response regulator 1
AT3G04790.1,"Ribose 5-phosphate isomerase, type A protein"
AT3G19620.1,Glycosyl hydrolase family protein
AT1G79690.1,nudix hydrolase homolog 3
AT1G74070.1,Cyclophilin-like peptidyl-prolyl cis-trans isomerase family protein
AT3G46550.1,Fasciclin-like arabinogalactan family protein
AT3G26340.1,N-terminal nucleophile aminohydrolases (Ntn hydrolases) superfamily protein
AT1G50570.1;AT1G50570.2,Calcium-dependent lipid-binding (CaLB domain) family protein
AT2G36850.1,glucan synthase-like 8
AT4G28220.1,NAD(P)H dehydrogenase B1
AT3G46780.1,plastid transcriptionally active 16
AT5G20950.1;AT5G20950.2,Glycosyl hydrolase family protein
AT1G53210.1,sodium/calcium exchanger family protein / calcium-binding EF hand family protein
AT4G00570.1,NAD-dependent malic enzyme 2
AT2G26900.1,Sodium Bile acid symporter family
AT3G60600.1;AT3G60600.2;AT3G60600.3,vesicle associated protein
AT3G42170.1,BED zinc finger;hAT family dimerisation domain
AT4G15420.1,Ubiquitin fusion degradation UFD1 family protein
AT3G19770.1;AT3G19770.2,Vacuolar sorting protein 9 (VPS9) domain
AT2G44750.1;AT2G44750.2,thiamin pyrophosphokinase 2
AT5G65440.1;AT5G65440.2;AT5G65440.3,unknown protein;INVOLVED IN: biological_process unknown;LOCATED IN: plasma membrane;EXPRESSED IN: 22 plant structures;EXPRESSED DURING: 13 growth stages;BEST Arabidopsis thaliana protein match is: unknown protein (TAIR:AT4G24610.1);Has 30201 Blast hits to 17322 proteins in 780 species: Archae - 12;Bacteria - 1396;Metazoa - 17338;Fungi - 3422;Plants - 5037;Viruses - 0;Other Eukaryotes - 2996 (source: NCBI BLink).;unknown protein;INVOLVED IN: biological_process unknown;LOCATED IN: plasma membrane;EXPRESSED IN: 22 plant structures;EXPRESSED DURING: 13 growth stages;BEST Arabidopsis thaliana protein match is: unknown protein (TAIR:AT4G24610.1);Has 30201 Blast hits to 17322 proteins in 780 species: Archae - 12;Bacteria - 1396;Metazoa - 17338;Fungi - 3422;Plants - 5037;Viruses - 0;Other Eukaryotes - 2996 (source: NCBI BLink).;unknown protein;INVOLVED IN: biological_process unknown;EXPRESSED IN: 22 plant structures;EXPRESSED DURING: 13 growth stages;BEST Arabidopsis thaliana protein match is: unknown protein (TAIR:AT4G24610.1).
AT1G21690.1;AT1G21690.2;AT1G21690.3,ATPase family associated with various cellular activities (AAA)
AT3G48050.1;AT3G48050.2;AT3G48060.1,BAH domain;TFIIS helical bundle-like domain;BAH domain;TFIIS helical bundle-like domain;BAH domain;TFIIS helical bundle-like domain
AT2G25080.1,glutathione peroxidase 1
AT5G47190.1,Ribosomal protein L19 family protein
AT4G20210.1,Terpenoid cyclases/Protein prenyltransferases superfamily protein
AT4G33500.1,Protein phosphatase 2C family protein
AT2G26570.1,Plant protein of unknown function (DUF827)
AT1G20260.1;AT1G76030.1,"ATPase, V1 complex, subunit B protein;ATPase, V1 complex, subunit B protein"
AT1G28200.1,FH interacting protein 1
AT3G47390.1;AT3G47390.2,cytidine/deoxycytidylate deaminase family protein
AT4G31860.1,Protein phosphatase 2C family protein
AT1G11090.1,alpha/beta-Hydrolases superfamily protein
AT4G23940.1,FtsH extracellular protease family
AT4G02860.1,Phenazine biosynthesis PhzC/PhzF protein
AT4G25970.1,phosphatidylserine decarboxylase 3
AT1G56500.1,haloacid dehalogenase-like hydrolase family protein
AT2G19560.1,proteasome family protein
AT1G72710.1,casein kinase 1-like protein 2
AT4G16060.1,"unknown protein;FUNCTIONS IN: molecular_function unknown;INVOLVED IN: biological_process unknown;LOCATED IN: chloroplast, chloroplast stroma;EXPRESSED IN: 22 plant structures;EXPRESSED DURING: 13 growth stages;Has 42 Blast hits to 42 proteins in 16 species: Archae - 0;Bacteria - 2;Metazoa - 0;Fungi - 0;Plants - 33;Viruses - 0;Other Eukaryotes - 7 (source: NCBI BLink)."
AT2G41920.1,Protein kinase superfamily protein
AT2G42850.1,"cytochrome P450, family 718"
AT4G33430.1;AT4G33430.2,BRI1-associated receptor kinase
AT3G54440.1;AT3G54440.3,glycoside hydrolase family 2 protein
AT5G41790.1,COP1-interactive protein 1
AT4G39330.1,cinnamyl alcohol dehydrogenase 9
AT1G09070.1,soybean gene regulated by cold-2
AT4G31460.1,Ribosomal L28 family
AT3G54110.1,plant uncoupling mitochondrial protein 1
AT3G20440.2,Alpha amylase family protein
AT2G01600.1,ENTH/ANTH/VHS superfamily protein
AT1G51560.1,Pyridoxamine 5'-phosphate oxidase family protein
AT1G63940.1;AT1G63940.2;AT1G63940.4,monodehydroascorbate reductase 6
AT5G13120.1;AT5G13120.2,cyclophilin 20-2
AT5G59250.1,Major facilitator superfamily protein
AT3G52560.1,ubiquitin E2 variant 1D-4
AT3G09350.1,Fes1A
AT4G17100.1,CONTAINS InterPro DOMAIN/s: Endoribonuclease XendoU (InterPro:IPR018998);Has 943 Blast hits to 770 proteins in 162 species: Archae - 0;Bacteria - 61;Metazoa - 472;Fungi - 40;Plants - 78;Viruses - 35;Other Eukaryotes - 257 (source: NCBI BLink).
AT2G43350.1;AT2G43350.2,glutathione peroxidase 3
AT4G34120.1,Cystathionine beta-synthase (CBS) family protein
AT3G12290.1,Amino acid dehydrogenase family protein
AT1G11890.1,Synaptobrevin family protein
AT4G32070.1,Octicosapeptide/Phox/Bem1p (PB1) domain-containing protein / tetratricopeptide repeat (TPR)-containing protein
AT2G44640.1,"FUNCTIONS IN: molecular_function unknown;INVOLVED IN: biological_process unknown;LOCATED IN: mitochondrion, chloroplast, plasma membrane, plastid, chloroplast envelope;EXPRESSED IN: 23 plant structures;EXPRESSED DURING: 13 growth stages;CONTAINS InterPro DOMAIN/s: Protein of unknown function DUF3769 (InterPro:IPR022244);BEST Arabidopsis thaliana protein match is: pigment defective 320 (TAIR:AT3G06960.1);Has 49 Blast hits to 48 proteins in 15 species: Archae - 0;Bacteria - 0;Metazoa - 0;Fungi - 0;Plants - 48;Viruses - 0;Other Eukaryotes - 1 (source: NCBI BLink)."
AT1G13270.1,methionine aminopeptidase 1B
AT1G77760.1,nitrate reductase 1
AT1G03860.2,prohibitin 2
AT1G09850.1,xylem bark cysteine peptidase 3
AT3G27700.1;AT3G27700.2,zinc finger (CCCH-type) family protein / RNA recognition motif (RRM)-containing protein
AT3G23280.1;AT3G23280.2,XB3 ortholog 5 in Arabidopsis thaliana
AT3G21360.1,2-oxoglutarate (2OG) and Fe(II)-dependent oxygenase superfamily protein
AT1G01790.1,K+ efflux antiporter 1
AT2G14170.1,aldehyde dehydrogenase  6B2
AT3G27925.1,DegP protease 1
AT3G25520.1,ribosomal protein L5
AT4G35910.1,Adenine nucleotide alpha hydrolases-like superfamily protein
AT1G06650.2,2-oxoglutarate (2OG) and Fe(II)-dependent oxygenase superfamily protein
AT5G39410.1,Saccharopine dehydrogenase
AT1G23310.1,glutamate:glyoxylate aminotransferase
AT3G63520.1,carotenoid cleavage dioxygenase 1
AT1G08420.1;AT1G08420.2,BRI1 suppressor 1 (BSU1)-like 2
AT1G67550.1,urease
AT4G12650.1,Endomembrane protein 70 protein family
AT3G04080.1,apyrase 1
AT1G03870.1,FASCICLIN-like arabinoogalactan 9
AT3G57090.1,Tetratricopeptide repeat (TPR)-like superfamily protein
AT4G35760.1,NAD(P)H dehydrogenase (quinone)s
AT1G66240.1;AT1G66240.2,homolog of anti-oxidant 1
AT2G30695.1;AT2G30695.2,"FUNCTIONS IN: molecular_function unknown;INVOLVED IN: protein folding, protein transport;LOCATED IN: chloroplast stroma, chloroplast;EXPRESSED IN: 23 plant structures;EXPRESSED DURING: 13 growth stages;CONTAINS InterPro DOMAIN/s: Trigger factor, ribosome-binding, bacterial (InterPro:IPR008881);Has 253 Blast hits to 253 proteins in 72 species: Archae - 0;Bacteria - 138;Metazoa - 0;Fungi - 0;Plants - 40;Viruses - 0;Other Eukaryotes - 75 (source: NCBI BLink).;FUNCTIONS IN: molecular_function unknown;INVOLVED IN: protein folding, protein transport;LOCATED IN: chloroplast;EXPRESSED IN: 23 plant structures;EXPRESSED DURING: 13 growth stages;CONTAINS InterPro DOMAIN/s: Trigger factor, ribosome-binding, bacterial (InterPro:IPR008881);Has 35333 Blast hits to 34131 proteins in 2444 species: Archae - 798;Bacteria - 22429;Metazoa - 974;Fungi - 991;Plants - 531;Viruses - 0;Other Eukaryotes - 9610 (source: NCBI BLink)."
AT1G70410.2,beta carbonic anhydrase 4
AT3G43600.1,aldehyde oxidase 2
AT5G14450.1,GDSL-like Lipase/Acylhydrolase superfamily protein
AT2G21440.1,RNA-binding (RRM/RBD/RNP motifs) family protein
AT3G50820.1,photosystem II subunit O-2
AT2G03870.1;AT2G03870.2,Small nuclear ribonucleoprotein family protein
AT1G17890.1;AT1G17890.2;AT1G17890.3,NAD(P)-binding Rossmann-fold superfamily protein
AT1G25260.1,Ribosomal protein L10 family protein
AT2G20900.1;AT2G20900.2;AT2G20900.3;AT2G20900.4,diacylglycerol kinase 5
AT3G12700.1,Eukaryotic aspartyl protease family protein
AT5G66680.1,dolichyl-diphosphooligosaccharide-protein glycosyltransferase 48kDa subunit family protein
AT5G19850.1,alpha/beta-Hydrolases superfamily protein
AT2G33610.1,switch subunit 3
AT4G29810.1,MAP kinase kinase 2
AT2G36070.1,translocase inner membrane subunit 44-2
AT5G66570.1,PS II oxygen-evolving complex 1
AT4G16265.1,RNA polymerases M/15 Kd subunit
AT1G08380.1,photosystem I subunit O
AT1G30000.1,alpha-mannosidase 3
AT4G16130.1,arabinose kinase
AT3G49360.1,6-phosphogluconolactonase 2
AT4G13340.1,Leucine-rich repeat (LRR) family protein
AT1G22840.1,CYTOCHROME C-1
AT5G46630.1,Clathrin adaptor complexes medium subunit family protein
AT1G54990.1,alpha/beta-Hydrolases superfamily protein
AT5G49555.1,FAD/NAD(P)-binding oxidoreductase family protein
AT2G43820.1,UDP-glucosyltransferase 74F2
AT4G09000.1,general regulatory factor 1
AT1G65790.1,receptor kinase 1
AT4G34260.1,"1,2-alpha-L-fucosidases"
AT2G37180.1,Aquaporin-like superfamily protein
AT1G21770.1,Acyl-CoA N-acyltransferases (NAT) superfamily protein
AT3G18760.1;AT3G18760.2,Translation elongation  factor EF1B/ribosomal protein S6 family protein
AT3G48000.1,aldehyde dehydrogenase 2B4
AT2G35110.1;AT2G35110.2,transcription activators
AT5G14170.1,SWIB/MDM2 domain superfamily protein
AT1G20960.1;AT1G20960.2,"U5 small nuclear ribonucleoprotein helicase, putative;U5 small nuclear ribonucleoprotein helicase, putative"
AT3G14290.1,20S proteasome alpha subunit E2
AT3G05900.1,neurofilament protein-related
AT1G24460.2,unknown protein;FUNCTIONS IN: molecular_function unknown;INVOLVED IN: biological_process unknown;LOCATED IN: cellular_component unknown;EXPRESSED IN: 22 plant structures;EXPRESSED DURING: 14 growth stages;BEST Arabidopsis thaliana protein match is: unknown protein (TAIR:AT4G31570.1).
AT4G14000.1,Putative methyltransferase family protein
AT5G01500.1,thylakoid ATP/ADP carrier
AT5G49970.1,pyridoxin (pyrodoxamine) 5'-phosphate oxidase
AT1G79280.1;AT1G79280.2;AT1G79280.3,nuclear pore anchor
AT3G61220.1;AT3G61220.2,NAD(P)-binding Rossmann-fold superfamily protein
AT2G31350.1;AT2G31350.2,glyoxalase 2-5
AT2G32700.1;AT2G32700.2;AT2G32700.3;AT2G32700.4;AT2G32700.5;AT2G32700.6;AT2G32700.7,LEUNIG_homolog
AT1G32790.1;AT1G32790.2,CTC-interacting domain 11
AT1G16700.1,Alpha-helical ferredoxin
AT1G49750.1,Leucine-rich repeat (LRR) family protein
AT2G19940.1;AT2G19940.2,"oxidoreductases, acting on the aldehyde or oxo group of donors, NAD or NADP as acceptor;copper ion binding;oxidoreductases, acting on the aldehyde or oxo group of donors, NAD or NADP as acceptor;copper ion binding"
AT2G17265.1,homoserine kinase
AT4G23650.1,calcium-dependent protein kinase 6
AT1G24360.1,NAD(P)-binding Rossmann-fold superfamily protein
ATCG00150.1,"ATPase, F0 complex, subunit A protein"
AT1G54090.1,exocyst subunit exo70 family protein D2
AT5G11500.1;AT5G11500.2,unknown protein;CONTAINS InterPro DOMAIN/s: Protein of unknown function DUF814 (InterPro:IPR008532);Has 1807 Blast hits to 1807 proteins in 277 species: Archae - 0;Bacteria - 0;Metazoa - 736;Fungi - 347;Plants - 385;Viruses - 0;Other Eukaryotes - 339 (source: NCBI BLink).;unknown protein;FUNCTIONS IN: molecular_function unknown;INVOLVED IN: biological_process unknown;LOCATED IN: cellular_component unknown;EXPRESSED IN: 24 plant structures;EXPRESSED DURING: 15 growth stages;CONTAINS InterPro DOMAIN/s: Protein of unknown function DUF814 (InterPro:IPR008532).
AT4G28480.1,DNAJ heat shock family protein
AT4G24550.2,Clathrin adaptor complexes medium subunit family protein
AT3G26400.1,eukaryotic translation initiation factor 4B1
AT1G02475.1,Polyketide cyclase/dehydrase and lipid transport superfamily protein
AT1G21650.3,Preprotein translocase SecA family protein
AT5G35910.1,"Polynucleotidyl transferase, ribonuclease H fold protein with HRDC domain"
AT5G19320.1,RAN GTPase activating protein 2
AT3G54640.1,tryptophan synthase alpha chain
AT4G19170.1,nine-cis-epoxycarotenoid dioxygenase 4
AT3G19450.1,GroES-like zinc-binding alcohol dehydrogenase family protein
AT4G02620.1,vacuolar ATPase subunit F family protein
AT5G58110.1,chaperone binding;ATPase activators
AT4G35450.1;AT4G35450.2;AT4G35450.3;AT4G35450.5,ankyrin repeat-containing protein 2
AT1G22280.1,phytochrome-associated protein phosphatase type 2C
AT5G60540.1,pyridoxine biosynthesis 2
AT3G16420.1;AT3G16420.2;AT3G16420.3,PYK10-binding protein 1
AT1G75900.1,GDSL-like Lipase/Acylhydrolase superfamily protein
AT3G15260.1;AT3G15260.2,Protein phosphatase 2C family protein
AT1G17160.1;AT1G17160.2,pfkB-like carbohydrate kinase family protein
AT1G19740.1,ATP-dependent protease La (LON) domain protein
AT1G26090.1,P-loop containing nucleoside triphosphate hydrolases superfamily protein
AT1G35720.1,annexin 1
AT5G19720.1,"Ribosomal protein L25/Gln-tRNA synthetase, anti-codon-binding domain"
AT1G27390.1,translocase outer membrane 20-2
AT1G67730.1,beta-ketoacyl reductase 1
AT1G20510.1,OPC-8:0 CoA ligase1
AT1G31970.1,DEA(D/H)-box RNA helicase family protein
AT3G16830.1,TOPLESS-related 2
AT4G21980.1;AT4G21980.2,Ubiquitin-like superfamily protein
AT1G35160.1,GF14 protein phi chain
AT2G47420.1,Ribosomal RNA adenine dimethylase family protein
AT5G54430.1,Adenine nucleotide alpha hydrolases-like superfamily protein
AT1G14060.1,GCK domain-containing protein
AT3G57000.1,nucleolar essential protein-related
AT1G43860.1,sequence-specific DNA binding transcription factors
AT5G10560.1,Glycosyl hydrolase family protein
AT5G46390.2,Peptidase S41 family protein
AT5G24650.1,Mitochondrial import inner membrane translocase subunit Tim17/Tim22/Tim23 family protein
AT1G07650.1;AT1G07650.2,Leucine-rich repeat transmembrane protein kinase
AT1G08550.1;AT1G08550.2,non-photochemical quenching 1
AT3G19170.1,presequence protease 1
AT1G12520.3,copper chaperone for SOD1
AT3G27080.1,translocase of outer membrane 20 kDa subunit 3
AT5G51300.1;AT5G51300.2;AT5G51300.3,splicing factor-related
AT3G18480.1,CCAAT-displacement protein alternatively spliced product
AT2G27900.1;AT2G27900.2,"CONTAINS InterPro DOMAIN/s: Protein of unknown function DUF2451, C-terminal (InterPro:IPR019514), Vacuolar protein sorting-associated protein 54 (InterPro:IPR019515);Has 316 Blast hits to 252 proteins in 92 species: Archae - 0;Bacteria - 2;Metazoa - 200;Fungi - 2;Plants - 68;Viruses - 0;Other Eukaryotes - 44 (source: NCBI BLink).;CONTAINS InterPro DOMAIN/s: Protein of unknown function DUF2451, C-terminal (InterPro:IPR019514), Vacuolar protein sorting-associated protein 54 (InterPro:IPR019515);Has 35333 Blast hits to 34131 proteins in 2444 species: Archae - 798;Bacteria - 22429;Metazoa - 974;Fungi - 991;Plants - 531;Viruses - 0;Other Eukaryotes - 9610 (source: NCBI BLink)."
AT1G64400.1,AMP-dependent synthetase and ligase family protein
AT4G05020.1;AT4G05020.2,NAD(P)H dehydrogenase B2
AT3G61440.1,cysteine synthase C1
AT5G27770.1,Ribosomal L22e protein family
AT5G27840.1;AT5G27840.2,Calcineurin-like metallo-phosphoesterase superfamily protein
AT3G29320.1,"Glycosyl transferase, family 35"
AT5G16880.1;AT5G16880.2,Target of Myb protein 1
AT5G10730.1,NAD(P)-binding Rossmann-fold superfamily protein
AT4G33080.1;AT4G33080.2,"AGC (cAMP-dependent, cGMP-dependent and protein kinase C) kinase family protein;AGC (cAMP-dependent, cGMP-dependent and protein kinase C) kinase family protein"
AT2G38280.1;AT2G38280.2,"AMP deaminase, putative / myoadenylate deaminase, putative;AMP deaminase, putative / myoadenylate deaminase, putative"
AT3G01800.1,Ribosome recycling factor
AT5G42480.1,Chaperone DnaJ-domain superfamily protein
AT2G35050.1,Protein kinase superfamily protein with octicosapeptide/Phox/Bem1p domain
AT1G45145.1,thioredoxin H-type 5
AT4G39910.1,ubiquitin-specific protease 3
AT4G13720.1,Inosine triphosphate pyrophosphatase family protein
AT3G24170.1;AT3G24170.2;AT3G24170.3,glutathione-disulfide reductase
AT4G39080.1,vacuolar proton ATPase A3
AT1G22800.1,S-adenosyl-L-methionine-dependent methyltransferases superfamily protein
AT1G13900.1,Purple acid phosphatases superfamily protein
AT2G34585.1,"unknown protein;FUNCTIONS IN: molecular_function unknown;INVOLVED IN: biological_process unknown;LOCATED IN: plasma membrane, vacuole;EXPRESSED IN: 24 plant structures;EXPRESSED DURING: 15 growth stages;Has 43 Blast hits to 43 proteins in 9 species: Archae - 0;Bacteria - 0;Metazoa - 0;Fungi - 0;Plants - 43;Viruses - 0;Other Eukaryotes - 0 (source: NCBI BLink)."
AT1G60000.1,RNA-binding (RRM/RBD/RNP motifs) family protein
AT2G38540.1,lipid transfer protein 1
AT1G48210.1;AT1G48210.2,Protein kinase superfamily protein
AT4G00620.1,Amino acid dehydrogenase family protein
ATCG00470.1,ATP synthase epsilon chain
AT5G02500.1,heat shock cognate protein 70-1
AT1G20020.1,ferredoxin-NADP(+)-oxidoreductase 2
AT2G30950.1,FtsH extracellular protease family
AT2G21370.1,xylulose kinase-1
AT4G34030.1,3-methylcrotonyl-CoA carboxylase
AT4G21280.1,photosystem II subunit QA
AT3G46430.1;AT5G59613.1;AT5G59613.2,"unknown protein;FUNCTIONS IN: molecular_function unknown;INVOLVED IN: biological_process unknown;LOCATED IN: mitochondrion, mitochondrial respiratory chain complex III;EXPRESSED IN: 25 plant structures;EXPRESSED DURING: 15 growth stages;BEST Arabidopsis thaliana protein match is: unknown protein (TAIR:AT5G59613.2);Has 51 Blast hits to 51 proteins in 16 species: Archae - 0;Bacteria - 0;Metazoa - 0;Fungi - 0;Plants - 51;Viruses - 0;Other Eukaryotes - 0 (source: NCBI BLink).;unknown protein;BEST Arabidopsis thaliana protein match is: unknown protein (TAIR:AT3G46430.1);Has 30201 Blast hits to 17322 proteins in 780 species: Archae - 12;Bacteria - 1396;Metazoa - 17338;Fungi - 3422;Plants - 5037;Viruses - 0;Other Eukaryotes - 2996 (source: NCBI BLink).;unknown protein;FUNCTIONS IN: molecular_function unknown;INVOLVED IN: biological_process unknown;LOCATED IN: mitochondrial respiratory chain complex III;BEST Arabidopsis thaliana protein match is: unknown protein (TAIR:AT3G46430.1)."
AT3G58730.1,vacuolar ATP synthase subunit D (VATD) / V-ATPase D subunit / vacuolar proton pump D subunit (VATPD)
AT3G56430.1,"unknown protein;FUNCTIONS IN: molecular_function unknown;INVOLVED IN: biological_process unknown;LOCATED IN: mitochondrion, vacuole;EXPRESSED IN: 22 plant structures;EXPRESSED DURING: 13 growth stages;BEST Arabidopsis thaliana protein match is: unknown protein (TAIR:AT2G40800.1);Has 3121 Blast hits to 1477 proteins in 196 species: Archae - 12;Bacteria - 170;Metazoa - 996;Fungi - 324;Plants - 132;Viruses - 59;Other Eukaryotes - 1428 (source: NCBI BLink)."
AT3G54670.1;AT3G54670.3,Structural maintenance of chromosomes (SMC) family protein
AT1G71260.1,WHIRLY 2
AT5G19550.1,aspartate aminotransferase 2
AT3G19010.1,2-oxoglutarate (2OG) and Fe(II)-dependent oxygenase superfamily protein
AT2G13430.1,unknown protein;Has 1 Blast hits to 1 proteins in 1 species: Archae - 0;Bacteria - 0;Metazoa - 0;Fungi - 0;Plants - 1;Viruses - 0;Other Eukaryotes - 0 (source: NCBI BLink).
AT2G29990.1,alternative NAD(P)H dehydrogenase 2
AT1G04410.1,Lactate/malate dehydrogenase family protein
AT3G26650.1,glyceraldehyde 3-phosphate dehydrogenase A subunit
AT5G58470.1;AT5G58470.2,TBP-associated factor 15B
AT1G76680.1;AT1G76680.2,12-oxophytodienoate reductase 1
AT3G49080.1,Ribosomal protein S5 domain 2-like superfamily protein
AT1G47128.1,Granulin repeat cysteine protease family protein
AT5G39510.1,Vesicle transport v-SNARE family protein
AT5G13450.1,delta subunit of Mt ATP synthase
AT3G59490.1;AT3G59490.2,unknown protein;Has 30 Blast hits to 30 proteins in 12 species: Archae - 0;Bacteria - 0;Metazoa - 0;Fungi - 0;Plants - 28;Viruses - 0;Other Eukaryotes - 2 (source: NCBI BLink).;unknown protein;FUNCTIONS IN: molecular_function unknown;INVOLVED IN: biological_process unknown;EXPRESSED IN: 22 plant structures;EXPRESSED DURING: 13 growth stages;Has 30201 Blast hits to 17322 proteins in 780 species: Archae - 12;Bacteria - 1396;Metazoa - 17338;Fungi - 3422;Plants - 5037;Viruses - 0;Other Eukaryotes - 2996 (source: NCBI BLink).
AT5G09820.2,Plastid-lipid associated protein PAP / fibrillin family protein
AT1G64040.1,type one serine/threonine protein phosphatase 3
AT4G09650.1,ATP synthase delta-subunit gene
AT3G23990.1,heat shock protein 60
AT5G66880.1,sucrose nonfermenting 1(SNF1)-related protein kinase 2.3
AT1G31410.1,putrescine-binding periplasmic protein-related
AT1G22940.1,"thiamin biosynthesis protein, putative"
AT5G43940.1,GroES-like zinc-binding dehydrogenase family protein
AT5G67150.1,HXXXD-type acyl-transferase family protein
AT4G38680.1,glycine rich protein 2
AT3G62010.1;AT3G62010.2,unknown protein;LOCATED IN: cellular_component unknown;EXPRESSED IN: 23 plant structures;EXPRESSED DURING: 15 growth stages;Has 553 Blast hits to 216 proteins in 93 species: Archae - 0;Bacteria - 124;Metazoa - 193;Fungi - 58;Plants - 108;Viruses - 0;Other Eukaryotes - 70 (source: NCBI BLink).;unknown protein;LOCATED IN: cellular_component unknown;EXPRESSED IN: 23 plant structures;EXPRESSED DURING: 15 growth stages.
AT1G05180.1,NAD(P)-binding Rossmann-fold superfamily protein
AT3G54960.1,PDI-like 1-3
AT5G16510.1;AT5G16510.2,"Alpha-1,4-glucan-protein synthase family protein;Alpha-1,4-glucan-protein synthase family protein"
AT4G00550.1,digalactosyl diacylglycerol deficient 2
AT4G15940.1,Fumarylacetoacetate (FAA) hydrolase family
AT2G18330.1,AAA-type ATPase family protein
AT5G66140.1,proteasome alpha subunit D2
AT5G50530.1;AT5G50640.1,CBS / octicosapeptide/Phox/Bemp1 (PB1) domains-containing protein
AT4G37020.1;AT4G37020.2,BEST Arabidopsis thaliana protein match is: eukaryotic initiation factor 4A-III (TAIR:AT3G19760.1);Has 30201 Blast hits to 17322 proteins in 780 species: Archae - 12;Bacteria - 1396;Metazoa - 17338;Fungi - 3422;Plants - 5037;Viruses - 0;Other Eukaryotes - 2996 (source: NCBI BLink).;FUNCTIONS IN: molecular_function unknown;INVOLVED IN: biological_process unknown;LOCATED IN: cellular_component unknown;EXPRESSED IN: 22 plant structures;EXPRESSED DURING: 13 growth stages;BEST Arabidopsis thaliana protein match is: eukaryotic initiation factor 4A-III (TAIR:AT3G19760.1).
AT4G32551.1;AT4G32551.2,LisH dimerisation motif;WD40/YVTN repeat-like-containing domain;LisH dimerisation motif;WD40/YVTN repeat-like-containing domain
AT5G16210.1,HEAT repeat-containing protein
AT1G42550.1,plastid movement impaired1
AT3G21110.1;AT3G21110.2,purin 7
AT3G22980.1,Ribosomal protein S5/Elongation factor G/III/V family protein
AT1G21680.1,DPP6 N-terminal domain-like protein
AT5G12370.1;AT5G12370.2;AT5G12370.3,exocyst complex component sec10
AT2G29605.1,Plant protein 1589 of unknown function
AT1G50250.1,FTSH protease 1
AT5G13650.1;AT5G13650.2,elongation factor family protein
AT4G33760.1,"tRNA synthetase class II (D, K and N) family protein"
AT1G50320.1,thioredoxin X
AT3G22110.1,20S proteasome alpha subunit C1
AT1G21080.1,DNAJ heat shock N-terminal domain-containing protein
AT2G21870.1,copper ion binding;cobalt ion binding;zinc ion binding
AT1G04690.1,potassium channel beta subunit 1
AT3G15000.1,cobalt ion binding
AT2G29290.2,NAD(P)-binding Rossmann-fold superfamily protein
AT5G11110.1,sucrose phosphate synthase 2F
AT5G25100.1;AT5G25100.2,Endomembrane protein 70 protein family
AT4G35630.1,phosphoserine aminotransferase
AT3G10720.2,Plant invertase/pectin methylesterase inhibitor superfamily
AT4G02610.1,Aldolase-type TIM barrel family protein
AT4G36750.1,Quinone reductase family protein
AT5G35430.1,Tetratricopeptide repeat (TPR)-like superfamily protein
AT4G02060.1;AT4G02060.2,Minichromosome maintenance (MCM2/3/5) family protein
AT1G12820.1;AT3G26810.1,auxin signaling F-box 3;auxin signaling F-box 2
AT1G12270.1,"stress-inducible protein, putative"
AT1G14310.1,Haloacid dehalogenase-like hydrolase (HAD) superfamily protein
AT2G03390.1,uvrB/uvrC motif-containing protein
AT2G45060.1,Uncharacterised conserved protein UCP022280
AT1G07780.1;AT1G07780.2;AT1G07780.3;AT1G07780.5;AT5G05590.1,phosphoribosylanthranilate isomerase 1;phosphoribosylanthranilate isomerase 1;phosphoribosylanthranilate isomerase 1;phosphoribosylanthranilate isomerase 1;phosphoribosylanthranilate isomerase 2
AT1G62250.1;AT1G62250.2,unknown protein;LOCATED IN: chloroplast;EXPRESSED IN: 23 plant structures;EXPRESSED DURING: 15 growth stages;Has 30 Blast hits to 30 proteins in 13 species: Archae - 0;Bacteria - 0;Metazoa - 0;Fungi - 0;Plants - 30;Viruses - 0;Other Eukaryotes - 0 (source: NCBI BLink).;unknown protein;LOCATED IN: chloroplast;EXPRESSED IN: 23 plant structures;EXPRESSED DURING: 15 growth stages;Has 35333 Blast hits to 34131 proteins in 2444 species: Archae - 798;Bacteria - 22429;Metazoa - 974;Fungi - 991;Plants - 531;Viruses - 0;Other Eukaryotes - 9610 (source: NCBI BLink).
AT5G21222.1,protein kinase family protein
AT5G61500.1,autophagy 3 (APG3)
AT2G27150.1;AT2G27150.2,abscisic aldehyde oxidase 3
AT4G16860.1,Disease resistance protein (TIR-NBS-LRR class) family
AT1G76810.1,eukaryotic translation initiation factor 2 (eIF-2) family protein
AT2G17980.1,Sec1/munc18-like (SM) proteins superfamily
AT3G13772.1,transmembrane nine 7
AT5G51200.1,Protein of unknown function (DUF3414)
AT5G16570.1,glutamine synthetase 1;4
AT1G76990.1;AT1G76990.2;AT1G76990.3;AT1G76990.4;AT1G76990.5,ACT domain repeat 3
AT1G52260.1,PDI-like 1-5
AT4G32960.1,unknown protein;BEST Arabidopsis thaliana protein match is: unknown protein (TAIR:AT4G32970.1);Has 106 Blast hits to 106 proteins in 39 species: Archae - 0;Bacteria - 0;Metazoa - 62;Fungi - 0;Plants - 37;Viruses - 0;Other Eukaryotes - 7 (source: NCBI BLink).
AT3G23700.1,Nucleic acid-binding proteins superfamily
AT5G03040.1;AT5G03040.2;AT5G03040.3,IQ-domain 2
AT3G15640.1;AT3G15640.2,Rubredoxin-like superfamily protein
AT1G47250.1,20S proteasome alpha subunit F2
AT3G01540.1;AT3G01540.2;AT3G01540.3;AT3G01540.4,DEAD box RNA helicase 1
AT1G79600.1,Protein kinase superfamily protein
AT5G19860.1,"Protein of unknown function, DUF538"
AT1G52740.1;AT2G38810.1;AT2G38810.2;AT2G38810.3;AT3G54560.1;AT4G13570.1;AT4G13570.2,histone H2A protein 9;histone H2A 8;histone H2A 8;histone H2A 8;histone H2A 11;histone H2A 4;histone H2A 4
AT5G14100.1,non-intrinsic ABC protein 14
AT5G44410.1,FAD-binding Berberine family protein
AT5G20490.1,Myosin family protein with Dil domain
AT4G31490.1,"Coatomer, beta subunit"
AT4G02120.1,CTP synthase family protein
AT1G51400.1,Photosystem II 5 kD protein
AT5G61970.1,signal recognition particle-related / SRP-related
AT1G72880.1;AT1G72880.2,Survival protein SurE-like phosphatase/nucleotidase
AT4G02370.1,"Protein of unknown function, DUF538"
AT5G16620.1,hydroxyproline-rich glycoprotein family protein
AT5G16660.1;AT5G16660.2,"unknown protein;FUNCTIONS IN: molecular_function unknown;INVOLVED IN: biological_process unknown;LOCATED IN: chloroplast thylakoid membrane, chloroplast, membrane, chloroplast envelope;EXPRESSED IN: 23 plant structures;EXPRESSED DURING: 14 growth stages;BEST Arabidopsis thaliana protein match is: unknown protein (TAIR:AT3G02900.1);Has 30201 Blast hits to 17322 proteins in 780 species: Archae - 12;Bacteria - 1396;Metazoa - 17338;Fungi - 3422;Plants - 5037;Viruses - 0;Other Eukaryotes - 2996 (source: NCBI BLink).;unknown protein;FUNCTIONS IN: molecular_function unknown;INVOLVED IN: biological_process unknown;LOCATED IN: chloroplast, membrane;EXPRESSED IN: 23 plant structures;EXPRESSED DURING: 14 growth stages;BEST Arabidopsis thaliana protein match is: unknown protein (TAIR:AT3G02900.1);Has 106 Blast hits to 106 proteins in 32 species: Archae - 0;Bacteria - 28;Metazoa - 0;Fungi - 0;Plants - 78;Viruses - 0;Other Eukaryotes - 0 (source: NCBI BLink)."
AT4G12830.1,alpha/beta-Hydrolases superfamily protein
AT3G55010.1;AT3G55010.2,"phosphoribosylformylglycinamidine cyclo-ligase, chloroplast / phosphoribosyl-aminoimidazole synthetase / AIR synthase (PUR5);phosphoribosylformylglycinamidine cyclo-ligase, chloroplast / phosphoribosyl-aminoimidazole synthetase / AIR synthase (PUR5)"
AT3G13530.1,mitogen-activated protein kinase kinase kinase 7
AT3G05090.1;AT3G05090.2,Transducin/WD40 repeat-like superfamily protein
AT5G15980.1,Pentatricopeptide repeat (PPR) superfamily protein
AT5G07440.1;AT5G07440.2,glutamate dehydrogenase 2
AT2G37990.1,ribosome biogenesis regulatory protein (RRS1) family protein
ATCG00490.1,ribulose-bisphosphate carboxylases
AT1G59900.1,pyruvate dehydrogenase complex E1 alpha subunit
AT1G27970.1;AT1G27970.2,nuclear transport factor 2B
AT4G26750.1,hydroxyproline-rich glycoprotein family protein
AT5G46800.1,Mitochondrial substrate carrier family protein
AT4G10120.1;AT4G10120.2,Sucrose-phosphate synthase family protein
AT1G31780.1,CONTAINS InterPro DOMAIN/s: Conserved oligomeric complex COG6 (InterPro:IPR010490);Has 384 Blast hits to 379 proteins in 190 species: Archae - 0;Bacteria - 4;Metazoa - 151;Fungi - 156;Plants - 42;Viruses - 0;Other Eukaryotes - 31 (source: NCBI BLink).
AT3G17240.1;AT3G17240.3,lipoamide dehydrogenase 2
AT5G63260.1;AT5G63260.2,Zinc finger C-x8-C-x5-C-x3-H type family protein
AT3G59780.1,Rhodanese/Cell cycle control phosphatase superfamily protein
AT3G26060.1;AT3G26060.2,Thioredoxin superfamily protein
AT1G75850.1,VPS35 homolog B
AT4G28030.1;AT4G28030.2,Acyl-CoA N-acyltransferases (NAT) superfamily protein
AT1G53310.1;AT1G53310.2;AT1G53310.3,phosphoenolpyruvate carboxylase 1
AT5G26667.1;AT5G26667.2;AT5G26667.3,P-loop containing nucleoside triphosphate hydrolases superfamily protein
AT2G14750.1,APS kinase
AT1G23230.1;AT1G23230.2,CONTAINS InterPro DOMAIN/s: Mediator complex subunit Med23 (InterPro:IPR021629);Has 187 Blast hits to 184 proteins in 67 species: Archae - 0;Bacteria - 0;Metazoa - 135;Fungi - 0;Plants - 43;Viruses - 0;Other Eukaryotes - 9 (source: NCBI BLink).;FUNCTIONS IN: molecular_function unknown;INVOLVED IN: response to salt stress;EXPRESSED IN: 24 plant structures;EXPRESSED DURING: 15 growth stages;CONTAINS InterPro DOMAIN/s: Mediator complex subunit Med23 (InterPro:IPR021629).
AT2G39940.1,RNI-like superfamily protein
AT5G23040.1,Protein of unknown function (DUF3353)
AT1G62560.1,flavin-monooxygenase glucosinolate S-oxygenase 3
AT5G23300.1,pyrimidine d
AT5G22830.1,magnesium (Mg) transporter 10
AT3G26410.1,methyltransferases;nucleic acid binding
AT1G26170.1,ARM repeat superfamily protein
AT4G21090.1;AT4G21090.2;AT4G21090.3,MITOCHONDRIAL  FERREDOXIN 2
AT1G69340.1,appr-1-p processing enzyme family protein
AT1G67280.1;AT1G67280.2,Glyoxalase/Bleomycin resistance protein/Dioxygenase superfamily protein
AT5G16390.1,chloroplastic acetylcoenzyme A carboxylase 1
AT5G48030.1,gametophytic factor 2
AT5G37850.1;AT5G37850.2;AT5G37850.3,pfkB-like carbohydrate kinase family protein
AT1G20760.1,Calcium-binding EF hand family protein
AT4G39880.1,Ribosomal protein L23/L15e family protein
AT3G16220.1,Predicted eukaryotic LigT
AT1G47710.1,Serine protease inhibitor (SERPIN) family protein
AT2G27450.1;AT2G27450.2,nitrilase-like protein 1
AT1G72480.1,Lung seven transmembrane receptor family protein
AT5G66120.2,"3-dehydroquinate synthase, putative"
AT1G67680.1,SRP72 RNA-binding domain
AT1G23100.1,GroES-like family protein
AT1G61250.1;AT1G61250.2,secretory carrier 3
AT3G27190.1,uridine kinase-like 2
AT5G17170.1;AT5G17170.2,rubredoxin family protein
AT3G04830.1;AT3G04830.2,Protein prenylyltransferase superfamily protein
AT5G10170.1,myo-inositol-1-phosphate synthase 3
AT4G34215.1;AT4G34215.2,Domain of unknown function (DUF303)
AT1G02880.2;AT1G02880.3,thiamin pyrophosphokinase1
AT3G21790.1,UDP-Glycosyltransferase superfamily protein
AT4G08350.1,global transcription factor group A2
AT5G42790.1,proteasome alpha subunit F1
AT3G14240.1,Subtilase family protein
AT5G53530.1,vacuolar protein sorting 26A
AT1G76140.2,Prolyl oligopeptidase family protein
AT2G47110.1;AT2G47110.2;AT3G62250.1,ubiquitin 6;ubiquitin 6;ubiquitin 5
AT4G17010.1,unknown protein;Has 30201 Blast hits to 17322 proteins in 780 species: Archae - 12;Bacteria - 1396;Metazoa - 17338;Fungi - 3422;Plants - 5037;Viruses - 0;Other Eukaryotes - 2996 (source: NCBI BLink).
AT1G79440.1,aldehyde dehydrogenase 5F1
AT1G01420.1,UDP-glucosyl transferase 72B3
AT3G22590.1,PLANT HOMOLOGOUS TO PARAFIBROMIN
AT2G20530.1;AT2G20530.2,prohibitin 6
AT4G32770.1,"tocopherol cyclase, chloroplast / vitamin E deficient 1 (VTE1) / sucrose export defective 1 (SXD1)"
AT3G52840.1,beta-galactosidase 2
AT5G58800.1;AT5G58800.2,Quinone reductase family protein
AT2G39020.1,Acyl-CoA N-acyltransferases (NAT) superfamily protein
AT5G18070.1,phosphoglucosamine mutase-related
AT1G24050.1,"RNA-processing, Lsm domain"
AT2G36130.1,Cyclophilin-like peptidyl-prolyl cis-trans isomerase family protein
AT1G62040.1;AT1G62040.2,Ubiquitin-like superfamily protein
AT1G73250.1,"GDP-4-keto-6-deoxymannose-3,5-epimerase-4-reductase 1"
AT2G35900.1,unknown protein;FUNCTIONS IN: molecular_function unknown;INVOLVED IN: biological_process unknown;LOCATED IN: nucleus;EXPRESSED IN: 20 plant structures;EXPRESSED DURING: 13 growth stages;Has 32 Blast hits to 32 proteins in 12 species: Archae - 0;Bacteria - 0;Metazoa - 0;Fungi - 0;Plants - 32;Viruses - 0;Other Eukaryotes - 0 (source: NCBI BLink).
AT5G65700.1;AT5G65700.2,Leucine-rich receptor-like protein kinase family protein
AT5G52060.1,BCL-2-associated athanogene 1
AT2G47510.1;AT2G47510.2,fumarase 1
AT3G24420.1,alpha/beta-Hydrolases superfamily protein
AT2G29400.1,type one protein phosphatase 1
AT2G38410.1,ENTH/VHS/GAT family protein
AT3G20500.1,purple acid phosphatase 18
AT1G24180.1,Thiamin diphosphate-binding fold (THDP-binding) superfamily protein
AT1G77740.1,phosphatidylinositol-4-phosphate 5-kinase 2
AT3G43540.1;AT3G43540.2,Protein of unknown function (DUF1350)
AT5G38990.1,Malectin/receptor-like protein kinase family protein
AT1G15690.1,Inorganic H pyrophosphatase family protein
AT1G71220.1;AT1G71220.2,"UDP-glucose:glycoprotein glucosyltransferases;transferases, transferring hexosyl groups;transferases, transferring glycosyl groups;UDP-glucose:glycoprotein glucosyltransferases;transferases, transferring hexosyl groups;transferases, transferring glycosyl groups"
AT4G23460.1,Adaptin family protein
AT1G67230.1,little nuclei1
AT3G17020.1,Adenine nucleotide alpha hydrolases-like superfamily protein
AT3G07640.1,unknown protein;Has 27 Blast hits to 27 proteins in 10 species: Archae - 0;Bacteria - 0;Metazoa - 0;Fungi - 0;Plants - 27;Viruses - 0;Other Eukaryotes - 0 (source: NCBI BLink).
AT4G01660.1,ABC transporter 1
AT5G21326.1,Ca2+regulated serine-threonine protein kinase family protein
AT5G57460.1,"unknown protein;FUNCTIONS IN: molecular_function unknown;INVOLVED IN: biological_process unknown;LOCATED IN: plasma membrane, chloroplast;EXPRESSED IN: 23 plant structures;EXPRESSED DURING: 13 growth stages;Has 166 Blast hits to 166 proteins in 41 species: Archae - 0;Bacteria - 0;Metazoa - 112;Fungi - 4;Plants - 36;Viruses - 0;Other Eukaryotes - 14 (source: NCBI BLink)."
AT1G03680.1,thioredoxin M-type 1
AT3G14420.4,Aldolase-type TIM barrel family protein
AT1G15130.1,Endosomal targeting BRO1-like domain-containing protein
AT5G37510.1;AT5G37510.2,"NADH-ubiquinone dehydrogenase, mitochondrial, putative;NADH-ubiquinone dehydrogenase, mitochondrial, putative"
AT3G04680.1;AT3G04680.2,CLP-similar protein 3
AT3G20250.1,pumilio 5
AT2G26110.1,Protein of unknown function (DUF761)
AT1G15470.1,Transducin/WD40 repeat-like superfamily protein
AT5G53330.1,Ubiquitin-associated/translation elongation factor EF1B protein
AT5G23440.1,ferredoxin/thioredoxin reductase subunit A (variable subunit) 1
AT4G08690.1;AT4G08690.2,Sec14p-like phosphatidylinositol transfer family protein
AT5G16450.1;AT5G16450.2,Ribonuclease E inhibitor RraA/Dimethylmenaquinone methyltransferase
AT1G13990.1;AT1G13990.2;AT1G13990.3,unknown protein;FUNCTIONS IN: molecular_function unknown;INVOLVED IN: biological_process unknown;LOCATED IN: chloroplast;EXPRESSED IN: 23 plant structures;EXPRESSED DURING: 13 growth stages;CONTAINS InterPro DOMAIN/s: Protein of unknown function DUF3110 (InterPro:IPR021503);Has 25 Blast hits to 25 proteins in 8 species: Archae - 0;Bacteria - 0;Metazoa - 0;Fungi - 0;Plants - 25;Viruses - 0;Other Eukaryotes - 0 (source: NCBI BLink).;unknown protein;FUNCTIONS IN: molecular_function unknown;INVOLVED IN: biological_process unknown;LOCATED IN: chloroplast;EXPRESSED IN: 23 plant structures;EXPRESSED DURING: 13 growth stages;CONTAINS InterPro DOMAIN/s: Protein of unknown function DUF3110 (InterPro:IPR021503);Has 6 Blast hits to 6 proteins in 2 species: Archae - 0;Bacteria - 0;Metazoa - 0;Fungi - 0;Plants - 6;Viruses - 0;Other Eukaryotes - 0 (source: NCBI BLink).;unknown protein;FUNCTIONS IN: molecular_function unknown;INVOLVED IN: biological_process unknown;LOCATED IN: chloroplast;EXPRESSED IN: 23 plant structures;EXPRESSED DURING: 13 growth stages;CONTAINS InterPro DOMAIN/s: Protein of unknown function DUF3110 (InterPro:IPR021503);Has 4 Blast hits to 4 proteins in 1 species: Archae - 0;Bacteria - 0;Metazoa - 0;Fungi - 0;Plants - 4;Viruses - 0;Other Eukaryotes - 0 (source: NCBI BLink).
AT1G14980.1,chaperonin 10
AT1G10430.1,protein phosphatase 2A-2
AT1G14850.1,nucleoporin 155
AT1G01390.1,UDP-Glycosyltransferase superfamily protein
AT2G40290.1,Eukaryotic translation initiation factor 2 subunit 1
AT2G33180.1,unknown protein;FUNCTIONS IN: molecular_function unknown;INVOLVED IN: biological_process unknown;LOCATED IN: chloroplast stroma;EXPRESSED IN: 22 plant structures;EXPRESSED DURING: 13 growth stages;Has 57 Blast hits to 57 proteins in 22 species: Archae - 0;Bacteria - 8;Metazoa - 0;Fungi - 0;Plants - 35;Viruses - 0;Other Eukaryotes - 14 (source: NCBI BLink).
AT5G10870.1,chorismate mutase 2
AT5G14590.1,Isocitrate/isopropylmalate dehydrogenase family protein
AT3G45970.1,expansin-like A1
AT5G20290.1,Ribosomal protein S8e family protein
AT1G06530.1,Tropomyosin-related
AT3G03250.1,UDP-GLUCOSE PYROPHOSPHORYLASE 1
AT2G44210.1;AT2G44210.2,Protein of Unknown Function (DUF239)
AT1G71950.1,"Proteinase inhibitor, propeptide"
AT3G50380.1,Protein of unknown function (DUF1162)
AT4G21110.1,G10 family protein
AT1G48620.1,high mobility group A5
AT2G38020.1;AT2G38020.2,vacuoleless1 (VCL1)
AT5G46290.1;AT5G46290.2,3-ketoacyl-acyl carrier protein synthase I
AT2G03440.1,nodulin-related protein 1
AT3G05560.1;AT3G05560.2;AT3G05560.3,Ribosomal L22e protein family
AT1G13980.1;AT1G13980.2,sec7 domain-containing protein
AT5G01260.2,Carbohydrate-binding-like fold
AT4G30160.1;AT4G30160.2,villin 4
AT2G26890.1,DNAJ heat shock N-terminal domain-containing protein
AT5G57950.1,"26S proteasome regulatory subunit, putative"
AT4G04040.1,Phosphofructokinase family protein
AT3G55470.1;AT3G55470.2,Calcium-dependent lipid-binding (CaLB domain) family protein
AT4G39420.2,"unknown protein;INVOLVED IN: biological_process unknown;LOCATED IN: cellular_component unknown;EXPRESSED IN: leaf;EXPRESSED DURING: LP.04 four leaves visible, LP.02 two leaves visible;Has 20 Blast hits to 19 proteins in 8 species: Archae - 0;Bacteria - 0;Metazoa - 0;Fungi - 0;Plants - 20;Viruses - 0;Other Eukaryotes - 0 (source: NCBI BLink)."
AT5G19220.1,ADP glucose pyrophosphorylase large subunit 1
AT4G33090.1,aminopeptidase M1
AT1G69250.1;AT1G69250.2,Nuclear transport factor 2 (NTF2) family protein with RNA binding (RRM-RBD-RNP motifs) domain
AT4G27640.1,ARM repeat superfamily protein
AT4G21470.1,riboflavin kinase/FMN hydrolase
AT2G45200.1;AT2G45200.2,golgi snare 12
AT4G13940.1,S-adenosyl-L-homocysteine hydrolase
AT5G51830.1,pfkB-like carbohydrate kinase family protein
AT3G53390.1,Transducin/WD40 repeat-like superfamily protein
AT1G21630.1,Calcium-binding EF hand family protein
AT3G08510.1;AT3G08510.2;AT3G08510.3,phospholipase C 2
AT3G23400.1,Plastid-lipid associated protein PAP / fibrillin family protein
AT3G02710.1,ARM repeat superfamily protein
AT5G63190.1;AT5G63190.2,MA3 domain-containing protein
AT4G15510.1;AT4G15510.3,Photosystem II reaction center PsbP family protein
AT4G30100.1,P-loop containing nucleoside triphosphate hydrolases superfamily protein
AT1G14150.1,PsbQ-like 2
AT5G15910.1,NAD(P)-binding Rossmann-fold superfamily protein
AT5G22780.1,"Adaptor protein complex AP-2, alpha subunit"
AT3G29110.1,Terpenoid cyclases/Protein prenyltransferases superfamily protein
AT2G45810.1,DEA(D/H)-box RNA helicase family protein
AT5G56290.1,peroxin 5
AT5G56000.1,HEAT SHOCK PROTEIN 81.4
AT1G21440.1,Phosphoenolpyruvate carboxylase family protein
AT3G18780.2,actin 2
AT5G03660.1,Family of unknown function (DUF662)
AT3G09440.1;AT3G09440.2,Heat shock protein 70 (Hsp 70) family protein
AT2G26750.1,alpha/beta-Hydrolases superfamily protein
AT5G67385.1,Phototropic-responsive NPH3 family protein
AT5G59950.1;AT5G59950.5,RNA-binding (RRM/RBD/RNP motifs) family protein
AT4G32640.1;AT4G32640.2,Sec23/Sec24 protein transport family protein
AT1G70410.1;AT1G70410.3,beta carbonic anhydrase 4
AT3G20290.1;AT3G20290.2,EPS15 homology domain 1
AT5G49510.1;AT5G49510.2,prefoldin 3
AT4G38470.1,ACT-like protein tyrosine kinase family protein
AT3G13930.1,"Dihydrolipoamide acetyltransferase, long form protein"
AT3G62410.1,CP12 domain-containing protein 2
AT3G07010.1,Pectin lyase-like superfamily protein
AT5G07120.1,sorting nexin 2B
AT5G42650.1,allene oxide synthase
AT2G05170.1,vacuolar protein sorting 11
AT3G15880.1;AT3G15880.2;AT3G15880.3,WUS-interacting protein 2
AT1G01970.1,Tetratricopeptide repeat (TPR)-like superfamily protein
AT2G05840.1,20S proteasome subunit PAA2
AT4G36220.1,ferulic acid 5-hydroxylase 1
AT5G57560.1,Xyloglucan endotransglucosylase/hydrolase family protein
AT5G59480.1;AT5G59480.2,Haloacid dehalogenase-like hydrolase (HAD) superfamily protein
AT5G24490.1,"30S ribosomal protein, putative"
AT1G22060.1,"LOCATED IN: vacuole;EXPRESSED IN: 23 plant structures;EXPRESSED DURING: 13 growth stages;BEST Arabidopsis thaliana protein match is: FBD, F-box and Leucine Rich Repeat domains containing protein (TAIR:AT1G22000.1);Has 84739 Blast hits to 38714 proteins in 2257 species: Archae - 1436;Bacteria - 11314;Metazoa - 40747;Fungi - 7706;Plants - 4675;Viruses - 308;Other Eukaryotes - 18553 (source: NCBI BLink)."
AT4G38510.1;AT4G38510.2;AT4G38510.3;AT4G38510.4;AT4G38510.5,"ATPase, V1 complex, subunit B protein;ATPase, V1 complex, subunit B protein;ATPase, V1 complex, subunit B protein;ATPase, V1 complex, subunit B protein;ATPase, V1 complex, subunit B protein"
AT1G25490.1,ARM repeat superfamily protein
AT1G75680.1,glycosyl hydrolase 9B7
AT3G54540.1,general control non-repressible 4
AT4G18370.1,DEGP protease 5
AT3G04590.2,AT hook motif DNA-binding family protein
AT1G01610.1,glycerol-3-phosphate acyltransferase 4
AT5G59420.1,OSBP(oxysterol binding protein)-related protein 3C
AT1G69010.1,BES1-interacting Myc-like protein 2
AT2G17700.1,ACT-like protein tyrosine kinase family protein
AT1G14400.1;AT1G14400.2;AT2G02760.1,ubiquitin carrier protein 1;ubiquitin carrier protein 1;ubiquiting-conjugating enzyme 2
AT3G60370.1,FKBP-like peptidyl-prolyl cis-trans isomerase family protein
AT1G10370.1,Glutathione S-transferase family protein
AT3G10620.1,nudix hydrolase homolog 26
AT1G80560.1,isopropylmalate dehydrogenase 2
AT2G02390.1;AT2G02390.2,glutathione S-transferase zeta 1
AT5G01800.1,saposin B domain-containing protein
AT1G07180.1,alternative  NAD(P)H dehydrogenase 1
AT2G40730.1,Protein kinase family protein with ARM repeat domain
AT1G67350.1;AT1G67350.2,"unknown protein;Has 2 Blast hits to 2 proteins in 1 species: Archae - 0;Bacteria - 0;Metazoa - 0;Fungi - 0;Plants - 2;Viruses - 0;Other Eukaryotes - 0 (source: NCBI BLink).;unknown protein;FUNCTIONS IN: molecular_function unknown;INVOLVED IN: photorespiration;LOCATED IN: mitochondrial membrane, mitochondrial respiratory chain complex I, respiratory chain complex I;EXPRESSED IN: 24 plant structures;EXPRESSED DURING: 15 growth stages;Has 2 Blast hits to 2 proteins in 1 species: Archae - 0;Bacteria - 0;Metazoa - 0;Fungi - 0;Plants - 2;Viruses - 0;Other Eukaryotes - 0 (source: NCBI BLink)."
AT3G06350.1,"dehydroquinate dehydratase, putative / shikimate dehydrogenase, putative"
AT4G32910.1,"CONTAINS InterPro DOMAIN/s: Nuclear pore complex protein, Nucleoporin Nup85-like (InterPro:IPR011502);Has 30201 Blast hits to 17322 proteins in 780 species: Archae - 12;Bacteria - 1396;Metazoa - 17338;Fungi - 3422;Plants - 5037;Viruses - 0;Other Eukaryotes - 2996 (source: NCBI BLink)."
AT2G14260.2,proline iminopeptidase
AT4G30190.1,H(+)-ATPase 2
AT1G15750.1;AT1G15750.2;AT1G15750.3;AT1G15750.4,Transducin family protein / WD-40 repeat family protein
AT1G73260.1,kunitz trypsin inhibitor 1
AT5G13110.1,glucose-6-phosphate dehydrogenase 2
AT5G50000.1,Protein kinase superfamily protein
AT1G67090.1,ribulose bisphosphate carboxylase small chain 1A
AT4G38220.1;AT4G38220.2,Peptidase M20/M25/M40 family protein
AT1G49660.1,carboxyesterase 5
AT1G11430.1,"plastid developmental protein DAG, putative"
AT3G16460.1;AT3G16460.2,Mannose-binding lectin superfamily protein
AT3G47810.1;AT3G47810.2;AT3G47810.3,Calcineurin-like metallo-phosphoesterase superfamily protein
AT3G10420.2,P-loop containing nucleoside triphosphate hydrolases superfamily protein
ATCG00120.1,ATP synthase subunit alpha
AT4G26660.1,INVOLVED IN: biological_process unknown;LOCATED IN: chloroplast;EXPRESSED IN: 13 plant structures;EXPRESSED DURING: 7 growth stages;CONTAINS InterPro DOMAIN/s: Kinesin-related protein (InterPro:IPR010544);BEST Arabidopsis thaliana protein match is: unknown protein (TAIR:AT5G55520.2);Has 1807 Blast hits to 1807 proteins in 277 species: Archae - 0;Bacteria - 0;Metazoa - 736;Fungi - 347;Plants - 385;Viruses - 0;Other Eukaryotes - 339 (source: NCBI BLink).
AT3G55070.1,LisH/CRA/RING-U-box domains-containing protein
AT5G38480.1,general regulatory factor 3
AT1G52730.1;AT1G52730.2,Transducin/WD40 repeat-like superfamily protein
AT5G55530.1;AT5G55530.2;AT5G55530.3,Calcium-dependent lipid-binding (CaLB domain) family protein
AT5G48910.1,Pentatricopeptide repeat (PPR) superfamily protein
AT1G77090.1,Mog1/PsbP/DUF1795-like photosystem II reaction center PsbP family protein
AT2G03760.1,sulphotransferase 12
AT3G13235.1;AT3G13235.2;AT3G13235.3,ubiquitin family protein
AT3G07390.1,auxin-responsive family protein
AT3G15730.1,phospholipase D alpha 1
AT3G09670.1;AT3G09670.2,Tudor/PWWP/MBT superfamily protein
AT3G48680.1,gamma carbonic anhydrase-like 2
AT4G35690.1,Arabidopsis protein of unknown function (DUF241)
AT2G47470.1,thioredoxin family protein
AT1G70670.1,Caleosin-related family protein
AT5G53370.1,pectin methylesterase PCR fragment F
AT1G25230.1,Calcineurin-like metallo-phosphoesterase superfamily protein
AT3G20890.1,RNA-binding (RRM/RBD/RNP motifs) family protein
AT3G63460.1;AT3G63460.3,transducin family protein / WD-40 repeat family protein
AT1G02305.1,Cysteine proteinases superfamily protein
AT5G53140.1,Protein phosphatase 2C family protein
AT1G59520.1;AT1G59520.3,CW7
AT1G72160.1,Sec14p-like phosphatidylinositol transfer family protein
AT3G14420.1;AT3G14420.2,Aldolase-type TIM barrel family protein
AT2G34470.1;AT2G34470.2,urease accessory protein G
AT3G51830.1,SAC domain-containing protein 8
AT1G55020.1,lipoxygenase 1
AT5G39830.1;AT5G39830.2,Trypsin family protein with PDZ domain
AT4G17330.1,G2484-1 protein
AT2G04690.1;AT2G04690.2,Pyridoxamine 5'-phosphate oxidase family protein
AT1G20010.1,tubulin beta-5 chain
AT5G11040.1,TRS120
AT5G66190.1,ferredoxin-NADP(+)-oxidoreductase 1
AT5G43500.1;AT5G43500.2,actin-related protein 9
AT2G38660.1;AT2G38660.3;AT2G38660.4,Amino acid dehydrogenase family protein
AT3G01500.2,carbonic anhydrase 1
AT2G18700.1,trehalose phosphatase/synthase 11
AT1G03950.1,vacuolar protein sorting-associated protein 2.3
AT4G39100.1;AT4G39100.2,PHD finger family protein / bromo-adjacent homology (BAH) domain-containing protein
AT4G27520.1,early nodulin-like protein 2
AT1G73030.1,SNF7 family protein
AT4G16143.1;AT4G16143.2,importin alpha isoform 2
AT3G22950.1;AT3G22950.2,ADP-ribosylation factor C1
AT3G03600.1,ribosomal protein S2
AT4G37870.1,phosphoenolpyruvate carboxykinase 1
AT1G02170.1,metacaspase 1
AT2G40060.1,Clathrin light chain protein
AT5G08540.1,"unknown protein;FUNCTIONS IN: molecular_function unknown;INVOLVED IN: biological_process unknown;LOCATED IN: chloroplast thylakoid membrane, chloroplast, chloroplast envelope;EXPRESSED IN: 24 plant structures;EXPRESSED DURING: 13 growth stages;Has 30201 Blast hits to 17322 proteins in 780 species: Archae - 12;Bacteria - 1396;Metazoa - 17338;Fungi - 3422;Plants - 5037;Viruses - 0;Other Eukaryotes - 2996 (source: NCBI BLink)."
AT5G42150.1,Glutathione S-transferase family protein
AT3G62110.1,Pectin lyase-like superfamily protein
AT2G13560.1,NAD-dependent malic enzyme 1
AT1G48920.1,nucleolin like 1
AT3G54010.1,FKBP-type peptidyl-prolyl cis-trans isomerase family protein
AT2G30720.1,Thioesterase/thiol ester dehydrase-isomerase superfamily protein
AT3G58460.1;AT3G58460.2,RHOMBOID-like protein 15
AT4G11150.1,vacuolar ATP synthase subunit E1
AT1G62820.1,Calcium-binding EF-hand family protein
AT3G50790.1,esterase/lipase/thioesterase family protein
AT5G51720.1,"2 iron, 2 sulfur cluster binding"
AT5G02370.1,ATP binding microtubule motor family protein
AT2G23420.1,nicotinate phosphoribosyltransferase 2
AT2G24420.1;AT2G24420.2,DNA repair ATPase-related
AT4G35780.1,ACT-like protein tyrosine kinase family protein
AT3G09880.1,Protein phosphatase 2A regulatory B subunit family protein
AT5G15920.1,structural maintenance of chromosomes 5
AT5G02270.1;AT5G02270.2,non-intrinsic ABC protein 9
AT4G03020.1;AT4G03020.2,transducin family protein / WD-40 repeat family protein
AT5G45680.1,FK506-binding protein 13
AT5G23860.1;AT5G23860.2,tubulin beta 8
AT4G24830.1,arginosuccinate synthase family
AT1G30690.1;AT1G30690.2,Sec14p-like phosphatidylinositol transfer family protein
AT4G28880.1,casein kinase I-like 3
AT3G06860.1,multifunctional protein 2
AT4G04210.1,plant UBX domain containing protein 4
AT5G66090.1,"unknown protein;FUNCTIONS IN: molecular_function unknown;LOCATED IN: chloroplast, chloroplast stroma;EXPRESSED IN: 21 plant structures;EXPRESSED DURING: 13 growth stages;Has 30201 Blast hits to 17322 proteins in 780 species: Archae - 12;Bacteria - 1396;Metazoa - 17338;Fungi - 3422;Plants - 5037;Viruses - 0;Other Eukaryotes - 2996 (source: NCBI BLink)."
AT1G10700.1,phosphoribosyl pyrophosphate (PRPP) synthase 3
AT4G05160.1,AMP-dependent synthetase and ligase family protein
AT2G38530.1,lipid transfer protein 2
AT2G16600.1,rotamase CYP 3
AT3G48530.1,SNF1-related protein kinase regulatory subunit gamma 1
AT5G49020.1;AT5G49020.2,protein arginine methyltransferase 4A
AT2G26380.1,Leucine-rich repeat (LRR) family protein
AT2G45990.1;AT2G45990.2,"unknown protein;FUNCTIONS IN: molecular_function unknown;INVOLVED IN: biological_process unknown;LOCATED IN: chloroplast, chloroplast stroma;EXPRESSED IN: 22 plant structures;EXPRESSED DURING: 13 growth stages;Has 312 Blast hits to 312 proteins in 90 species: Archae - 0;Bacteria - 131;Metazoa - 0;Fungi - 0;Plants - 67;Viruses - 0;Other Eukaryotes - 114 (source: NCBI BLink).;unknown protein;FUNCTIONS IN: molecular_function unknown;INVOLVED IN: biological_process unknown;LOCATED IN: chloroplast;EXPRESSED IN: 22 plant structures;EXPRESSED DURING: 13 growth stages;Has 312 Blast hits to 312 proteins in 90 species: Archae - 0;Bacteria - 131;Metazoa - 0;Fungi - 0;Plants - 67;Viruses - 0;Other Eukaryotes - 114 (source: NCBI BLink)."
AT3G02110.1,serine carboxypeptidase-like 25
AT3G49010.1;AT3G49010.2;AT3G49010.3;AT3G49010.4,breast basic conserved 1
AT1G17050.1,solanesyl diphosphate synthase 2
AT2G02050.1,"NADH-ubiquinone oxidoreductase B18 subunit, putative"
AT2G19520.1,Transducin family protein / WD-40 repeat family protein
AT5G12040.1,Nitrilase/cyanide hydratase and apolipoprotein N-acyltransferase family protein
AT2G30970.1;AT2G30970.2,aspartate aminotransferase 1
AT2G26140.1,FTSH protease 4
AT3G15010.1;AT3G15010.2,RNA-binding (RRM/RBD/RNP motifs) family protein
AT1G54410.1,dehydrin family protein
AT1G09310.1,"Protein of unknown function, DUF538"
AT1G21660.1,Chaperone DnaJ-domain superfamily protein
AT1G08110.1;AT1G08110.2;AT1G08110.3;AT1G08110.4,lactoylglutathione lyase family protein / glyoxalase I family protein
AT3G11130.1,"Clathrin, heavy chain"
AT1G30050.1;AT2G30530.1,unknown protein;BEST Arabidopsis thaliana protein match is: unknown protein (TAIR:AT5G01970.1);Has 246 Blast hits to 244 proteins in 61 species: Archae - 0;Bacteria - 8;Metazoa - 78;Fungi - 10;Plants - 117;Viruses - 0;Other Eukaryotes - 33 (source: NCBI BLink).;unknown protein;LOCATED IN: cellular_component unknown;EXPRESSED IN: 25 plant structures;EXPRESSED DURING: 15 growth stages;BEST Arabidopsis thaliana protein match is: unknown protein (TAIR:AT5G01970.1);Has 5513 Blast hits to 872 proteins in 154 species: Archae - 0;Bacteria - 30;Metazoa - 615;Fungi - 144;Plants - 149;Viruses - 12;Other Eukaryotes - 4563 (source: NCBI BLink).
AT2G36060.2,MMS ZWEI homologue 3
AT5G17530.1;AT5G17530.2;AT5G17530.3,phosphoglucosamine mutase family protein
AT4G17530.1,RAB GTPase homolog 1C
AT1G02890.1;AT1G02890.2,AAA-type ATPase family protein
AT4G22890.1;AT4G22890.2;AT4G22890.3,PGR5-LIKE A
AT3G47110.1,Leucine-rich repeat protein kinase family protein
AT2G33255.1,Haloacid dehalogenase-like hydrolase (HAD) superfamily protein
AT1G06220.1;AT1G06220.2,Ribosomal protein S5/Elongation factor G/III/V family protein
AT1G79920.1;AT1G79920.2,Heat shock protein 70 (Hsp 70) family protein
AT4G35360.1,Uncharacterised conserved protein (UCP030210)
AT1G72040.1,P-loop containing nucleoside triphosphate hydrolases superfamily protein
AT1G51570.1,Calcium-dependent lipid-binding (CaLB domain) plant phosphoribosyltransferase family protein
AT2G14260.1,proline iminopeptidase
AT5G21430.1;AT5G21430.2,Chaperone DnaJ-domain superfamily protein
AT2G02850.1,plantacyanin
AT3G62700.1,multidrug resistance-associated protein 10
AT1G50600.1,scarecrow-like 5
AT5G20920.1;AT5G20920.3,eukaryotic translation initiation factor 2 beta subunit
AT4G28060.1;AT5G57815.1,"Cytochrome c oxidase, subunit Vib family protein;Cytochrome c oxidase, subunit Vib family protein"
AT5G56030.1,heat shock protein 81-2
AT1G79570.1,Protein kinase superfamily protein with octicosapeptide/Phox/Bem1p domain
AT2G22650.1,FAD-dependent oxidoreductase family protein
AT5G36700.1;AT5G36700.2;AT5G36700.4;AT5G36790.1;AT5G36790.2;AT5G36790.3,2-phosphoglycolate phosphatase 1;2-phosphoglycolate phosphatase 1;2-phosphoglycolate phosphatase 1;Haloacid dehalogenase-like hydrolase (HAD) superfamily protein;Haloacid dehalogenase-like hydrolase (HAD) superfamily protein;Haloacid dehalogenase-like hydrolase (HAD) superfamily protein
AT2G11890.1;AT2G11890.2,adenylate cyclases
AT4G39150.1;AT4G39150.2,DNAJ heat shock N-terminal domain-containing protein
AT2G41040.1,S-adenosyl-L-methionine-dependent methyltransferases superfamily protein
AT3G54250.1,GHMP kinase family protein
AT5G50960.1,nucleotide binding protein 35
AT3G16250.1,NDH-dependent cyclic electron flow 1
AT1G64850.1,Calcium-binding EF hand family protein
AT3G13300.1;AT3G13300.2,Transducin/WD40 repeat-like superfamily protein
AT5G18200.1,UTP:galactose-1-phosphate uridylyltransferases;ribose-5-phosphate adenylyltransferases
AT5G44710.1,"CONTAINS InterPro DOMAIN/s: Ribosomal protein S27/S33, mitochondrial (InterPro:IPR013219);Has 101 Blast hits to 101 proteins in 55 species: Archae - 0;Bacteria - 0;Metazoa - 8;Fungi - 59;Plants - 26;Viruses - 0;Other Eukaryotes - 8 (source: NCBI BLink)."
AT4G02030.1;AT4G02030.2,Vps51/Vps67 family (components of vesicular transport) protein
AT1G76700.1,DNAJ heat shock N-terminal domain-containing protein
AT3G09860.1,unknown protein;Has 34 Blast hits to 34 proteins in 12 species: Archae - 0;Bacteria - 0;Metazoa - 0;Fungi - 0;Plants - 34;Viruses - 0;Other Eukaryotes - 0 (source: NCBI BLink).
AT3G19990.1,"unknown protein;INVOLVED IN: biological_process unknown;LOCATED IN: chloroplast stroma, chloroplast;EXPRESSED IN: 23 plant structures;EXPRESSED DURING: 13 growth stages;Has 118 Blast hits to 118 proteins in 41 species: Archae - 0;Bacteria - 42;Metazoa - 0;Fungi - 0;Plants - 56;Viruses - 0;Other Eukaryotes - 20 (source: NCBI BLink)."
AT2G26590.1;AT2G26590.2;AT2G26590.3,regulatory particle non-ATPase 13
AT5G52440.1,Bacterial sec-independent translocation protein mttA/Hcf106
AT3G53020.1,Ribosomal protein L24e family protein
AT2G44350.1;AT2G44350.2,Citrate synthase family protein
AT3G16810.1,pumilio 24
AT3G62830.1;AT3G62830.2,NAD(P)-binding Rossmann-fold superfamily protein
AT5G50850.1,Transketolase family protein
AT4G30000.1;AT4G30000.2,Dihydropterin pyrophosphokinase / Dihydropteroate synthase
AT3G42050.1,vacuolar ATP synthase subunit H family protein
AT2G38025.1,Cysteine proteinases superfamily protein
AT3G46460.1,ubiquitin-conjugating enzyme 13
AT2G36580.1,Pyruvate kinase family protein
AT4G35470.1,plant intracellular ras group-related LRR 4
AT1G80670.1,Transducin/WD40 repeat-like superfamily protein
AT5G22080.1;AT5G22080.2,Chaperone DnaJ-domain superfamily protein
AT4G16660.1,heat shock protein 70 (Hsp 70) family protein
AT1G26460.1,Tetratricopeptide repeat (TPR)-like superfamily protein
AT3G59760.1;AT3G59760.3,O-acetylserine (thiol) lyase isoform C
AT1G79790.1,Haloacid dehalogenase-like hydrolase (HAD) superfamily protein
AT1G29750.1;AT1G29750.2,receptor-like kinase in flowers 1
AT2G38870.1,"Serine protease inhibitor, potato inhibitor I-type family protein"
AT1G09830.1,Glycinamide ribonucleotide (GAR) synthetase
AT1G70190.1;AT1G70190.2,"Ribosomal protein L7/L12, oligomerisation;Ribosomal protein L7/L12, C-terminal/adaptor protein ClpS-like;Ribosomal protein L7/L12, oligomerisation;Ribosomal protein L7/L12, C-terminal/adaptor protein ClpS-like"
AT5G27710.1,unknown protein;Has 49 Blast hits to 49 proteins in 17 species: Archae - 0;Bacteria - 0;Metazoa - 0;Fungi - 0;Plants - 48;Viruses - 0;Other Eukaryotes - 1 (source: NCBI BLink).
AT4G13520.1,small acidic protein 1
AT4G29670.1,atypical CYS  HIS rich thioredoxin 2
AT1G21670.1,"LOCATED IN: cell wall, plant-type cell wall;EXPRESSED IN: 23 plant structures;EXPRESSED DURING: 14 growth stages;CONTAINS InterPro DOMAIN/s: WD40-like Beta Propeller (InterPro:IPR011659), Six-bladed beta-propeller, TolB-like (InterPro:IPR011042);BEST Arabidopsis thaliana protein match is: DPP6 N-terminal domain-like protein (TAIR:AT1G21680.1);Has 8461 Blast hits to 5060 proteins in 1257 species: Archae - 79;Bacteria - 5567;Metazoa - 37;Fungi - 70;Plants - 117;Viruses - 0;Other Eukaryotes - 2591 (source: NCBI BLink)."
AT5G54810.1,tryptophan synthase beta-subunit 1
AT2G29560.1,cytosolic enolase
AT2G18110.1,Translation elongation  factor EF1B/ribosomal protein S6 family protein
AT4G35830.1,aconitase 1
AT2G37660.1,NAD(P)-binding Rossmann-fold superfamily protein
AT2G24200.1;AT2G24200.2,Cytosol aminopeptidase family protein
AT5G48880.1;AT5G48880.2;AT5G48880.3,peroxisomal 3-keto-acyl-CoA thiolase 2
AT2G40760.1,Rhodanese/Cell cycle control phosphatase superfamily protein
AT1G67890.1;AT1G67890.2,PAS domain-containing protein tyrosine kinase family protein
AT1G10760.1,"Pyruvate phosphate dikinase, PEP/pyruvate binding domain"
AT5G10630.1;AT5G10630.2,Translation elongation factor EF1A/initiation factor IF2gamma family protein
AT5G18900.1,2-oxoglutarate (2OG) and Fe(II)-dependent oxygenase superfamily protein
AT1G53120.1,RNA-binding S4 domain-containing protein
AT3G04930.1,DNA-binding storekeeper protein-related transcriptional regulator
AT3G10650.1,BEST Arabidopsis thaliana protein match is: nucleoporin-related (TAIR:AT5G20200.1);Has 61042 Blast hits to 31782 proteins in 2093 species: Archae - 202;Bacteria - 16480;Metazoa - 16017;Fungi - 12552;Plants - 1653;Viruses - 629;Other Eukaryotes - 13509 (source: NCBI BLink).
AT5G04920.1,EAP30/Vps36 family protein
AT1G78380.1,glutathione S-transferase TAU 19
AT1G18270.1;AT1G18270.2;AT1G18270.3,ketose-bisphosphate aldolase class-II family protein
AT1G19130.1,"CONTAINS InterPro DOMAIN/s: Protein of unknown function DUF985 (InterPro:IPR009327), RmlC-like jelly roll fold (InterPro:IPR014710);Has 1465 Blast hits to 1465 proteins in 584 species: Archae - 10;Bacteria - 1038;Metazoa - 19;Fungi - 43;Plants - 51;Viruses - 0;Other Eukaryotes - 304 (source: NCBI BLink)."
AT1G09870.1,histidine acid phosphatase family protein
AT3G25150.1;AT3G25150.2,Nuclear transport factor 2 (NTF2) family protein with RNA binding (RRM-RBD-RNP motifs) domain
AT4G01370.1,MAP kinase 4
AT1G17290.1,alanine aminotransferas
AT2G01490.1,phytanoyl-CoA dioxygenase (PhyH) family protein
AT2G38740.1,Haloacid dehalogenase-like hydrolase (HAD) superfamily protein
AT1G50380.1,Prolyl oligopeptidase family protein
AT5G45160.1,Root hair defective 3 GTP-binding protein (RHD3)
AT1G51160.1;AT1G51160.2,SNARE-like superfamily protein
AT2G30410.1;AT2G30410.2,tubulin folding cofactor A (KIESEL)
AT4G36770.1,UDP-Glycosyltransferase superfamily protein
AT5G46430.1;AT5G46430.2,Ribosomal protein L32e
AT4G19003.1;AT4G19003.2,E2F/DP family winged-helix DNA-binding domain
AT1G50900.1,Ankyrin repeat family protein
AT5G43900.1;AT5G43900.2;AT5G43900.3,myosin 2
AT1G53500.1,NAD-dependent epimerase/dehydratase family protein
AT3G61620.1;AT3G61620.2,3'-5'-exoribonuclease family protein
AT5G48760.1;AT5G48760.2,Ribosomal protein L13 family protein
AT4G01810.1,Sec23/Sec24 protein transport family protein
AT4G28510.1,prohibitin 1
AT1G52380.1,NUP50 (Nucleoporin 50 kDa) protein
AT5G54750.1,Transport protein particle (TRAPP) component
AT1G16790.1,ribosomal protein-related
AT1G27430.1,GYF domain-containing protein
AT3G07810.1;AT3G07810.2,RNA-binding (RRM/RBD/RNP motifs) family protein
AT5G23890.1,"LOCATED IN: mitochondrion, chloroplast thylakoid membrane, chloroplast, plastid, chloroplast envelope;EXPRESSED IN: 24 plant structures;EXPRESSED DURING: 14 growth stages;CONTAINS InterPro DOMAIN/s: S-layer homology domain (InterPro:IPR001119);BEST Arabidopsis thaliana protein match is: unknown protein (TAIR:AT5G52410.2);Has 1807 Blast hits to 1807 proteins in 277 species: Archae - 0;Bacteria - 0;Metazoa - 736;Fungi - 347;Plants - 385;Viruses - 0;Other Eukaryotes - 339 (source: NCBI BLink)."
AT4G14100.1,"transferases, transferring glycosyl groups"
AT2G41410.1,Calcium-binding EF-hand family protein
AT5G06130.1,chaperone protein dnaJ-related
AT5G23140.1,nuclear-encoded CLP protease P7
AT1G06130.1;AT1G06130.2,glyoxalase 2-4
AT4G25940.1,ENTH/ANTH/VHS superfamily protein
AT1G59610.1,dynamin-like 3
AT1G64190.1,6-phosphogluconate dehydrogenase family protein
AT1G48970.1,NagB/RpiA/CoA transferase-like superfamily protein
AT4G24840.1,"FUNCTIONS IN: molecular_function unknown;INVOLVED IN: protein transport, Golgi organization;LOCATED IN: vacuole;EXPRESSED IN: 23 plant structures;EXPRESSED DURING: 13 growth stages;CONTAINS InterPro DOMAIN/s: COG complex component, COG2 (InterPro:IPR009316);Has 30201 Blast hits to 17322 proteins in 780 species: Archae - 12;Bacteria - 1396;Metazoa - 17338;Fungi - 3422;Plants - 5037;Viruses - 0;Other Eukaryotes - 2996 (source: NCBI BLink)."
AT1G71410.1,ARM repeat superfamily protein
AT2G46600.1,Calcium-binding EF-hand family protein
AT1G76300.1,snRNP core protein SMD3
AT2G39770.1;AT2G39770.2,Glucose-1-phosphate adenylyltransferase family protein
AT5G62810.1,peroxin 14
AT3G17820.1,glutamine synthetase 1.3
AT5G59160.1;AT5G59160.2;AT5G59160.3,type one serine/threonine protein phosphatase 2
AT3G27430.2,N-terminal nucleophile aminohydrolases (Ntn hydrolases) superfamily protein
AT1G16920.1,RAB GTPase homolog A1B
AT5G21060.1,Glyceraldehyde-3-phosphate dehydrogenase-like family protein
AT5G03260.1,laccase 11
AT1G12900.1,glyceraldehyde 3-phosphate dehydrogenase A subunit 2
AT2G17280.1;AT2G17280.2,Phosphoglycerate mutase family protein
AT1G33590.1,Leucine-rich repeat (LRR) family protein
AT5G35360.1,acetyl Co-enzyme a carboxylase biotin carboxylase subunit
AT1G06690.1,NAD(P)-linked oxidoreductase superfamily protein
AT1G15230.1,unknown protein;FUNCTIONS IN: molecular_function unknown;INVOLVED IN: biological_process unknown;LOCATED IN: cellular_component unknown;EXPRESSED IN: 24 plant structures;EXPRESSED DURING: 15 growth stages;Has 26 Blast hits to 26 proteins in 12 species: Archae - 0;Bacteria - 0;Metazoa - 0;Fungi - 0;Plants - 26;Viruses - 0;Other Eukaryotes - 0 (source: NCBI BLink).
AT3G46510.1,plant U-box 13
AT2G45470.1,FASCICLIN-like arabinogalactan protein 8
AT3G53740.1;AT3G53740.2;AT3G53740.3;AT3G53740.4,Ribosomal protein L36e family protein
AT4G26860.1;AT4G26860.2,"Predicted pyridoxal phosphate-dependent enzyme, YBL036C type;Predicted pyridoxal phosphate-dependent enzyme, YBL036C type"
AT3G45770.1,"Polyketide synthase, enoylreductase family protein"
AT1G76160.1,SKU5 similar 5
AT4G15110.1,"cytochrome P450, family 97, subfamily B, polypeptide 3"
AT3G18780.1,actin 2
AT1G71695.1,Peroxidase superfamily protein
AT5G04590.1,sulfite reductase
AT4G39120.1,myo-inositol monophosphatase like 2
AT1G20340.1,Cupredoxin superfamily protein
AT5G49810.1,methionine S-methyltransferase
AT3G60820.1;AT3G60820.3,N-terminal nucleophile aminohydrolases (Ntn hydrolases) superfamily protein
AT5G65270.1,RAB GTPase homolog A4A
AT3G27240.1,Cytochrome C1 family
AT2G44060.1;AT2G44060.2,"Late embryogenesis abundant protein, group 2;Late embryogenesis abundant protein, group 2"
AT5G07220.1,BCL-2-associated athanogene 3
AT1G55810.1;AT1G55810.3,uridine kinase-like 3
AT4G36800.1;AT4G36800.2,RUB1 conjugating enzyme 1
AT1G19140.1;AT1G19140.2,"FUNCTIONS IN: molecular_function unknown;INVOLVED IN: ubiquinone biosynthetic process;LOCATED IN: mitochondrion;EXPRESSED IN: 24 plant structures;EXPRESSED DURING: 15 growth stages;CONTAINS InterPro DOMAIN/s: COQ9 (InterPro:IPR013718), Ubiquinone biosynthesis protein COQ9 (InterPro:IPR012762);Has 748 Blast hits to 748 proteins in 260 species: Archae - 0;Bacteria - 218;Metazoa - 126;Fungi - 101;Plants - 39;Viruses - 0;Other Eukaryotes - 264 (source: NCBI BLink).;FUNCTIONS IN: molecular_function unknown;INVOLVED IN: ubiquinone biosynthetic process;LOCATED IN: mitochondrion;EXPRESSED IN: 24 plant structures;EXPRESSED DURING: 15 growth stages;CONTAINS InterPro DOMAIN/s: COQ9 (InterPro:IPR013718), Ubiquinone biosynthesis protein COQ9 (InterPro:IPR012762);Has 35333 Blast hits to 34131 proteins in 2444 species: Archae - 798;Bacteria - 22429;Metazoa - 974;Fungi - 991;Plants - 531;Viruses - 0;Other Eukaryotes - 9610 (source: NCBI BLink)."
AT4G11260.1,phosphatase-related
AT4G32285.1;AT4G32285.2,ENTH/ANTH/VHS superfamily protein
AT4G05420.1;AT4G05420.2,damaged DNA binding protein 1A
AT1G28150.1,unknown protein;FUNCTIONS IN: molecular_function unknown;INVOLVED IN: biological_process unknown;LOCATED IN: plastoglobule;EXPRESSED IN: 22 plant structures;EXPRESSED DURING: 13 growth stages;Has 96 Blast hits to 96 proteins in 44 species: Archae - 0;Bacteria - 56;Metazoa - 0;Fungi - 0;Plants - 40;Viruses - 0;Other Eukaryotes - 0 (source: NCBI BLink).
AT5G09260.1,vacuolar protein sorting-associated protein 20.2
AT3G55330.1,PsbP-like protein 1
AT2G35880.1,TPX2 (targeting protein for Xklp2) protein family
AT5G20280.1,sucrose phosphate synthase 1F
AT1G26110.1;AT1G26110.2,decapping 5
AT1G10200.1,GATA type zinc finger transcription factor family protein
AT3G53420.1;AT3G53420.2,plasma membrane intrinsic protein 2A
AT5G64270.1,"splicing factor, putative"
AT1G07790.1,Histone superfamily protein
AT5G38660.1,acclimation of photosynthesis to  environment
AT3G02730.1,thioredoxin F-type 1
AT3G55620.1,Translation initiation factor IF6
AT3G14010.1;AT3G14010.2;AT3G14010.3;AT3G14010.4,CTC-interacting domain 4
AT5G16300.1,Vps51/Vps67 family (components of vesicular transport) protein
AT3G48720.1,HXXXD-type acyl-transferase family protein
AT3G55120.1,Chalcone-flavanone isomerase family protein
AT3G07460.1;AT3G07460.2,"Protein of unknown function, DUF538;Protein of unknown function, DUF538"
AT1G75510.1,"Transcription initiation factor IIF, beta subunit"
AT4G00660.1;AT4G00660.2,RNAhelicase-like 8
AT2G25870.1,haloacid dehalogenase-like hydrolase family protein
AT1G10290.1,dynamin-like protein 6
AT3G11910.1;AT3G11910.2,ubiquitin-specific protease 13
AT5G55670.1;AT5G55670.2,RNA-binding (RRM/RBD/RNP motifs) family protein
AT2G34970.1,Trimeric LpxA-like enzyme
AT5G48470.1,unknown protein;FUNCTIONS IN: molecular_function unknown;INVOLVED IN: biological_process unknown;LOCATED IN: chloroplast;EXPRESSED IN: 22 plant structures;EXPRESSED DURING: 13 growth stages;Has 30201 Blast hits to 17322 proteins in 780 species: Archae - 12;Bacteria - 1396;Metazoa - 17338;Fungi - 3422;Plants - 5037;Viruses - 0;Other Eukaryotes - 2996 (source: NCBI BLink).
AT4G14800.1,20S proteasome beta subunit D2
AT2G15290.1,translocon at inner membrane of chloroplasts 21
AT5G47860.1,Protein of unknown function (DUF1350)
AT4G02450.1;AT4G02450.2,HSP20-like chaperones superfamily protein
AT2G31790.1,UDP-Glycosyltransferase superfamily protein
AT1G29880.1,glycyl-tRNA synthetase / glycine--tRNA ligase
AT2G34510.1,"Protein of unknown function, DUF642"
AT2G42700.1;AT2G42700.2,"FUNCTIONS IN: molecular_function unknown;INVOLVED IN: vesicle-mediated transport, vesicle docking involved in exocytosis;LOCATED IN: cellular_component unknown;EXPRESSED IN: 22 plant structures;EXPRESSED DURING: 14 growth stages;CONTAINS InterPro DOMAIN/s: Sec1-like protein (InterPro:IPR001619);Has 30201 Blast hits to 17322 proteins in 780 species: Archae - 12;Bacteria - 1396;Metazoa - 17338;Fungi - 3422;Plants - 5037;Viruses - 0;Other Eukaryotes - 2996 (source: NCBI BLink).;FUNCTIONS IN: molecular_function unknown;INVOLVED IN: vesicle-mediated transport, vesicle docking involved in exocytosis;LOCATED IN: cellular_component unknown;EXPRESSED IN: 22 plant structures;EXPRESSED DURING: 14 growth stages;CONTAINS InterPro DOMAIN/s: Sec1-like protein (InterPro:IPR001619)."
AT5G23290.1,prefoldin 5
AT5G56630.1,phosphofructokinase 7
AT3G25070.1,RPM1 interacting protein 4
AT3G53970.1,proteasome inhibitor-related
AT2G40765.1,"unknown protein;FUNCTIONS IN: molecular_function unknown;INVOLVED IN: biological_process unknown;LOCATED IN: mitochondrion, mitochondrial respiratory chain complex III;EXPRESSED IN: 24 plant structures;EXPRESSED DURING: 15 growth stages;Has 32 Blast hits to 32 proteins in 11 species: Archae - 0;Bacteria - 0;Metazoa - 0;Fungi - 0;Plants - 32;Viruses - 0;Other Eukaryotes - 0 (source: NCBI BLink)."
AT4G17270.1,Mo25 family protein
AT2G31490.1,unknown protein;Has 55 Blast hits to 55 proteins in 15 species: Archae - 0;Bacteria - 0;Metazoa - 0;Fungi - 0;Plants - 55;Viruses - 0;Other Eukaryotes - 0 (source: NCBI BLink).
AT5G13050.1,5-formyltetrahydrofolate cycloligase
AT3G43410.1,unknown protein;BEST Arabidopsis thaliana protein match is: unknown protein (TAIR:AT5G35945.1);Has 30 Blast hits to 30 proteins in 2 species: Archae - 0;Bacteria - 0;Metazoa - 0;Fungi - 0;Plants - 30;Viruses - 0;Other Eukaryotes - 0 (source: NCBI BLink).
AT1G48170.1,unknown protein;Has 78 Blast hits to 78 proteins in 34 species: Archae - 0;Bacteria - 0;Metazoa - 30;Fungi - 0;Plants - 48;Viruses - 0;Other Eukaryotes - 0 (source: NCBI BLink).
AT3G52380.1,chloroplast RNA-binding protein 33
AT2G37370.1,unknown protein;BEST Arabidopsis thaliana protein match is: unknown protein (TAIR:AT5G13560.1);Has 30201 Blast hits to 17322 proteins in 780 species: Archae - 12;Bacteria - 1396;Metazoa - 17338;Fungi - 3422;Plants - 5037;Viruses - 0;Other Eukaryotes - 2996 (source: NCBI BLink).
AT3G59990.1;AT3G59990.2;AT3G59990.3;AT3G59990.4,methionine aminopeptidase 2B
AT1G31730.1,Adaptin family protein
AT1G74640.1,alpha/beta-Hydrolases superfamily protein
AT1G64440.1,NAD(P)-binding Rossmann-fold superfamily protein
AT1G71100.1,"Ribose 5-phosphate isomerase, type A protein"
AT1G47830.1,SNARE-like superfamily protein
AT1G04170.1,eukaryotic translation initiation factor 2 gamma subunit
AT5G06290.1,2-cysteine peroxiredoxin B
AT3G63190.1,"ribosome recycling factor, chloroplast precursor"
AT4G21900.1,proteinaceous RNase P 3
AT2G35530.1,basic region/leucine zipper transcription factor 16
AT4G16580.1,Protein phosphatase 2C family protein
AT5G59880.1,actin depolymerizing factor 3
AT5G59320.1,lipid transfer protein 3
AT1G23800.1,aldehyde dehydrogenase 2B7
AT4G04640.1,"ATPase, F1 complex, gamma subunit protein"
AT3G52340.1;AT3G52340.2;AT3G52340.3,sucrose-6F-phosphate phosphohydrolase 2
AT4G32400.1,Mitochondrial substrate carrier family protein
AT1G71860.1;AT1G71860.3,protein tyrosine phosphatase 1
AT2G45790.1,phosphomannomutase
AT4G01970.1,stachyose synthase
AT5G42470.1,CONTAINS InterPro DOMAIN/s: Brain/reproductive organ-expressed protein (InterPro:IPR010358);Has 35333 Blast hits to 34131 proteins in 2444 species: Archae - 798;Bacteria - 22429;Metazoa - 974;Fungi - 991;Plants - 531;Viruses - 0;Other Eukaryotes - 9610 (source: NCBI BLink).
AT1G48090.1,calcium-dependent lipid-binding family protein
AT1G60420.1,DC1 domain-containing protein
AT1G35470.1;AT1G35470.2,SPla/RYanodine receptor (SPRY) domain-containing protein
AT4G30490.1,AFG1-like ATPase family protein
AT5G12240.1;AT5G12240.2,unknown protein;Has 1807 Blast hits to 1807 proteins in 277 species: Archae - 0;Bacteria - 0;Metazoa - 736;Fungi - 347;Plants - 385;Viruses - 0;Other Eukaryotes - 339 (source: NCBI BLink).;unknown protein;FUNCTIONS IN: molecular_function unknown;INVOLVED IN: biological_process unknown;LOCATED IN: cellular_component unknown;EXPRESSED IN: 19 plant structures;EXPRESSED DURING: 10 growth stages.
AT1G76400.1,Ribophorin I
AT5G40930.1,translocase of outer membrane 20-4
AT1G03600.1,photosystem II family protein
AT4G32250.1;AT4G32250.2;AT4G32250.3,Protein kinase superfamily protein
AT5G04420.1;AT5G04420.2;AT5G04420.3,Galactose oxidase/kelch repeat superfamily protein
AT5G65770.1;AT5G65770.2;AT5G65770.3;AT5G65780.2,little nuclei4;little nuclei4;little nuclei4;branched-chain amino acid aminotransferase 5 / branched-chain amino acid transaminase 5 (BCAT5)
AT5G63860.1,Regulator of chromosome condensation (RCC1) family protein
AT4G13930.1,serine hydroxymethyltransferase 4
AT2G37220.1,RNA-binding (RRM/RBD/RNP motifs) family protein
AT5G48730.1,Pentatricopeptide repeat (PPR) superfamily protein
AT4G18740.1;AT4G18740.2;AT4G18740.3,Rho termination factor
AT5G11720.1,Glycosyl hydrolases family 31  protein
AT4G02530.1,chloroplast thylakoid lumen protein
AT4G13360.1,ATP-dependent caseinolytic (Clp) protease/crotonase family protein
AT1G05385.1,photosystem II 11 kDa protein-related
AT4G18810.1;AT4G18810.2,NAD(P)-binding Rossmann-fold superfamily protein
AT3G19508.1,unknown protein;LOCATED IN: mitochondrion;Has 34 Blast hits to 34 proteins in 14 species: Archae - 0;Bacteria - 0;Metazoa - 0;Fungi - 0;Plants - 34;Viruses - 0;Other Eukaryotes - 0 (source: NCBI BLink).
AT2G43160.1;AT2G43160.2;AT2G43160.3,ENTH/VHS family protein
AT2G20760.1,Clathrin light chain protein
AT5G10540.1,Zincin-like metalloproteases family protein
AT1G22340.1,UDP-glucosyl transferase 85A7
AT2G35800.1,mitochondrial substrate carrier family protein
AT5G15400.1,U-box domain-containing protein
AT4G34270.1,TIP41-like family protein
AT5G55730.1;AT5G55730.2,FASCICLIN-like arabinogalactan 1
AT1G30680.1,toprim domain-containing protein
AT4G27320.1,Adenine nucleotide alpha hydrolases-like superfamily protein
AT1G14000.1,VH1-interacting kinase
AT4G30620.1,"Uncharacterised BCR, YbaB family COG0718"
AT1G75950.1,S phase kinase-associated protein 1
AT5G40770.1,prohibitin 3
AT1G54580.1,acyl carrier protein 2
AT1G17720.2,"Protein phosphatase 2A, regulatory subunit PR55"
AT2G35490.1,Plastid-lipid associated protein PAP / fibrillin family protein
AT3G16370.1,GDSL-like Lipase/Acylhydrolase superfamily protein
AT1G52340.1,NAD(P)-binding Rossmann-fold superfamily protein
AT2G44100.1;AT2G44100.2,guanosine nucleotide diphosphate dissociation inhibitor 1
AT4G17720.1,RNA-binding (RRM/RBD/RNP motifs) family protein
AT3G04890.1;AT3G04890.2,Uncharacterized conserved protein (DUF2358)
AT3G56860.1;AT3G56860.2;AT3G56860.3;AT3G56860.4;AT3G56860.5,UBP1-associated protein 2A
AT1G48950.1,C3HC zinc finger-like
AT1G01860.1,Ribosomal RNA adenine dimethylase family protein
AT5G57850.1,D-aminoacid aminotransferase-like PLP-dependent enzymes superfamily protein
AT5G06260.1,TLD-domain containing nucleolar protein
AT1G03160.1,FZO-like
AT1G27450.2,adenine phosphoribosyl transferase 1
AT4G39280.1;AT4G39280.2,"phenylalanyl-tRNA synthetase, putative / phenylalanine--tRNA ligase, putative;phenylalanyl-tRNA synthetase, putative / phenylalanine--tRNA ligase, putative"
AT1G68300.1,Adenine nucleotide alpha hydrolases-like superfamily protein
AT5G19210.2,P-loop containing nucleoside triphosphate hydrolases superfamily protein
AT5G53860.1;AT5G53860.2;AT5G53860.5,embryo defective 2737
AT3G58750.1,citrate synthase 2
AT1G09640.1,"Translation elongation factor EF1B, gamma chain"
AT4G29040.1,regulatory particle AAA-ATPase 2A
AT2G18100.1,Protein of unknown function (DUF726)
AT1G26670.1,Vesicle transport v-SNARE family protein
AT1G32080.1,"membrane protein, putative"
AT1G26380.1,FAD-binding Berberine family protein
AT2G34160.1,Alba DNA/RNA-binding protein
AT3G48860.2,unknown protein;INVOLVED IN: biological_process unknown;LOCATED IN: plasma membrane;EXPRESSED IN: 22 plant structures;EXPRESSED DURING: 13 growth stages;BEST Arabidopsis thaliana protein match is: unknown protein (TAIR:AT5G23700.1);Has 12429 Blast hits to 9751 proteins in 897 species: Archae - 180;Bacteria - 1190;Metazoa - 6552;Fungi - 1361;Plants - 886;Viruses - 50;Other Eukaryotes - 2210 (source: NCBI BLink).
AT5G17020.1;AT5G17020.2,exportin 1A
AT3G02510.1,Regulator of chromosome condensation (RCC1) family protein
AT5G16050.1,general regulatory factor 5
AT1G31070.2,N-acetylglucosamine-1-phosphate uridylyltransferase 1
AT2G32680.1,receptor like protein 23
AT4G11740.1,Ubiquitin-like superfamily protein
AT3G26720.1,Glycosyl hydrolase family 38 protein
AT3G16850.1,Pectin lyase-like superfamily protein
AT1G09150.1,pseudouridine synthase and archaeosine transglycosylase (PUA) domain-containing protein
AT1G01220.1,L-fucokinase/GDP-L-fucose pyrophosphorylase
AT1G16720.1,high chlorophyll fluorescence phenotype 173
AT5G49830.1;AT5G49830.2;AT5G49830.3,exocyst complex component 84B
AT3G26080.1,plastid-lipid associated protein PAP / fibrillin family protein
AT2G24765.1,ADP-ribosylation factor 3
AT3G58010.1,plastoglobulin 34kD
AT4G36945.1,PLC-like phosphodiesterases superfamily protein
AT5G45020.1;AT5G45020.2,Glutathione S-transferase family protein
AT3G23750.1,Leucine-rich repeat protein kinase family protein
AT5G23120.1,"photosystem II stability/assembly factor, chloroplast (HCF136)"
AT1G71810.1,Protein kinase superfamily protein
AT3G57560.1,N-acetyl-l-glutamate kinase
AT5G17270.1,Protein prenylyltransferase superfamily protein
AT2G31800.1,Integrin-linked protein kinase family
AT2G29690.1,anthranilate synthase 2
AT2G19670.1,protein arginine methyltransferase 1A
AT5G61790.1,calnexin 1
AT1G67830.1,alpha-fucosidase 1
AT1G65650.1,"Peptidase C12, ubiquitin carboxyl-terminal hydrolase 1"
AT5G54440.1,CLUB
AT4G03520.2,Thioredoxin superfamily protein
AT1G72190.1,D-isomer specific 2-hydroxyacid dehydrogenase family protein
AT2G03820.1,nonsense-mediated mRNA decay NMD3 family protein
AT2G15620.1,nitrite reductase 1
AT2G36145.1,"unknown protein;FUNCTIONS IN: molecular_function unknown;INVOLVED IN: biological_process unknown;LOCATED IN: chloroplast thylakoid membrane, chloroplast stroma, chloroplast;EXPRESSED IN: 19 plant structures;EXPRESSED DURING: 13 growth stages;Has 49 Blast hits to 49 proteins in 17 species: Archae - 0;Bacteria - 0;Metazoa - 0;Fungi - 0;Plants - 49;Viruses - 0;Other Eukaryotes - 0 (source: NCBI BLink)."
AT3G55360.1,3-oxo-5-alpha-steroid 4-dehydrogenase family protein
AT4G31180.1;AT4G31180.2,Class II aminoacyl-tRNA and biotin synthetases superfamily protein
AT5G03300.1,adenosine kinase 2
AT1G43690.1,ubiquitin interaction motif-containing protein
AT3G57410.1,villin 3
AT1G68020.2,UDP-Glycosyltransferase / trehalose-phosphatase family protein
AT2G05990.1;AT2G05990.2,NAD(P)-binding Rossmann-fold superfamily protein
AT3G48590.1;AT5G63470.1;AT5G63470.2,"nuclear factor Y, subunit C1;nuclear factor Y, subunit C4;nuclear factor Y, subunit C4"
AT2G40840.1,disproportionating enzyme 2
AT3G48420.1,Haloacid dehalogenase-like hydrolase (HAD) superfamily protein
AT1G31230.1,aspartate kinase-homoserine dehydrogenase i
AT4G23630.1,VIRB2-interacting protein 1
AT2G20610.1,Tyrosine transaminase family protein
AT5G58005.1;AT5G58005.2,"Cytochrome c oxidase, subunit Vib family protein;Cytochrome c oxidase, subunit Vib family protein"
AT4G36760.1,aminopeptidase P1
AT1G03230.1,Eukaryotic aspartyl protease family protein
AT5G49530.1,SIN-like family protein
AT5G65950.1,"FUNCTIONS IN: molecular_function unknown;INVOLVED IN: biological_process unknown;LOCATED IN: cellular_component unknown;EXPRESSED IN: 25 plant structures;EXPRESSED DURING: 15 growth stages;CONTAINS InterPro DOMAIN/s: Protein of unknown function DUF1683, C-terminal (InterPro:IPR012880), Foie gras liver health family 1 (InterPro:IPR021773);Has 30201 Blast hits to 17322 proteins in 780 species: Archae - 12;Bacteria - 1396;Metazoa - 17338;Fungi - 3422;Plants - 5037;Viruses - 0;Other Eukaryotes - 2996 (source: NCBI BLink)."
AT5G21990.1,Tetratricopeptide repeat (TPR)-like superfamily protein
AT5G15770.1,glucose-6-phosphate acetyltransferase 1
AT4G15802.1,heat shock factor binding protein
ATCG00810.1,ribosomal protein L22
AT3G24480.1,Leucine-rich repeat (LRR) family protein
AT2G02070.1,indeterminate(ID)-domain 5
AT5G16370.1,acyl activating enzyme 5
AT4G21150.1;AT4G21150.3,ribophorin II (RPN2) family protein
AT3G23940.1;AT3G23940.2,dehydratase family
AT4G30890.1;AT4G30890.2;AT4G30890.3,ubiquitin-specific protease 24
AT1G19690.1,NAD(P)-binding Rossmann-fold superfamily protein
AT5G39590.1,TLD-domain containing nucleolar protein
AT5G48680.1,Sterile alpha motif (SAM) domain-containing protein
AT5G61240.2,Leucine-rich repeat (LRR) family protein
AT5G13260.1,unknown protein;BEST Arabidopsis thaliana protein match is: unknown protein (TAIR:AT3G48860.2);Has 30201 Blast hits to 17322 proteins in 780 species: Archae - 12;Bacteria - 1396;Metazoa - 17338;Fungi - 3422;Plants - 5037;Viruses - 0;Other Eukaryotes - 2996 (source: NCBI BLink).
AT2G45740.1;AT2G45740.2;AT2G45740.3,peroxin 11D
AT3G04610.1,RNA-binding KH domain-containing protein
AT1G73630.1,EF hand calcium-binding protein family
AT3G49220.1,Plant invertase/pectin methylesterase inhibitor superfamily
AT5G46250.1,RNA-binding protein
AT5G02790.1,Glutathione S-transferase family protein
AT1G07140.1,Pleckstrin homology (PH) domain superfamily protein
AT4G37000.1,accelerated cell death 2 (ACD2)
AT3G59870.1,unknown protein;FUNCTIONS IN: molecular_function unknown;INVOLVED IN: biological_process unknown;LOCATED IN: chloroplast;EXPRESSED IN: 23 plant structures;EXPRESSED DURING: 13 growth stages;BEST Arabidopsis thaliana protein match is: unknown protein (TAIR:AT2G43945.1);Has 292 Blast hits to 292 proteins in 84 species: Archae - 0;Bacteria - 122;Metazoa - 0;Fungi - 0;Plants - 46;Viruses - 0;Other Eukaryotes - 124 (source: NCBI BLink).
AT2G37240.1,Thioredoxin superfamily protein
AT1G60690.1,NAD(P)-linked oxidoreductase superfamily protein
AT1G61620.1,phosphoinositide binding
AT5G42740.1,Sugar isomerase (SIS) family protein
AT4G30530.1,Class I glutamine amidotransferase-like superfamily protein
AT4G32605.1,Mitochondrial glycoprotein family protein
AT4G14350.1;AT4G14350.2;AT4G14350.3,"AGC (cAMP-dependent, cGMP-dependent and protein kinase C) kinase family protein;AGC (cAMP-dependent, cGMP-dependent and protein kinase C) kinase family protein;AGC (cAMP-dependent, cGMP-dependent and protein kinase C) kinase family protein"
AT2G26210.1;AT2G26210.2;AT2G26210.3,Ankyrin repeat family protein
AT3G01850.1;AT3G01850.2,Aldolase-type TIM barrel family protein
AT1G19870.1,IQ-domain 32
AT1G31860.1,histidine biosynthesis bifunctional protein (HISIE)
AT2G17200.1,ubiquitin family protein
AT5G12860.1;AT5G12860.2,dicarboxylate transporter 1
AT1G21640.1,NAD kinase 2
AT5G41950.1,Tetratricopeptide repeat (TPR)-like superfamily protein
AT5G42760.1;AT5G42760.2,Leucine carboxyl methyltransferase
AT5G52840.1,NADH-ubiquinone oxidoreductase-related
AT1G55540.1;AT1G55540.2,Nuclear pore complex protein
AT2G29450.1,glutathione S-transferase tau  5
AT1G56340.1,calreticulin 1a
AT5G27120.1,NOP56-like pre RNA processing ribonucleoprotein
AT5G10860.1,Cystathionine beta-synthase (CBS) family protein
AT5G08410.1,ferredoxin/thioredoxin reductase subunit A (variable subunit) 2
AT4G37530.1;AT4G37530.2,Peroxidase superfamily protein
AT2G06990.1,"RNA helicase, ATP-dependent, SK12/DOB1 protein"
AT3G44600.1,cyclophilin71
AT4G15930.1,Dynein light chain type 1 family protein
AT5G59750.1;AT5G59750.2,DHBP synthase RibB-like alpha/beta domain;GTP cyclohydrolase II;DHBP synthase RibB-like alpha/beta domain;GTP cyclohydrolase II
AT5G13530.1;AT5G13530.2,protein kinases;ubiquitin-protein ligases;protein kinases;ubiquitin-protein ligases
AT1G08480.1,"unknown protein;FUNCTIONS IN: molecular_function unknown;INVOLVED IN: biological_process unknown;LOCATED IN: mitochondrion, plasma membrane, plastid, vacuole;EXPRESSED IN: 27 plant structures;EXPRESSED DURING: 15 growth stages;Has 39 Blast hits to 39 proteins in 13 species: Archae - 0;Bacteria - 0;Metazoa - 0;Fungi - 0;Plants - 39;Viruses - 0;Other Eukaryotes - 0 (source: NCBI BLink)."
AT5G32470.1,"Haem oxygenase-like, multi-helical"
AT3G11630.1,Thioredoxin superfamily protein
AT5G57860.1;AT5G57860.2;AT5G57860.3,Ubiquitin-like superfamily protein
AT1G09270.1;AT1G09270.2,importin alpha isoform 4
AT4G26900.1,HIS HF
AT3G08030.1,"Protein of unknown function, DUF642"
AT3G16990.1,"Haem oxygenase-like, multi-helical"
AT2G37170.1,plasma membrane intrinsic protein 2
AT4G10430.1;AT4G10430.3,TMPIT-like protein
AT2G36835.1,unknown protein;FUNCTIONS IN: molecular_function unknown;INVOLVED IN: biological_process unknown;LOCATED IN: chloroplast envelope;EXPRESSED IN: 22 plant structures;EXPRESSED DURING: 13 growth stages;Has 26 Blast hits to 26 proteins in 11 species: Archae - 0;Bacteria - 0;Metazoa - 0;Fungi - 0;Plants - 26;Viruses - 0;Other Eukaryotes - 0 (source: NCBI BLink).
AT5G37475.1,Translation initiation factor eIF3 subunit
AT1G27480.1,alpha/beta-Hydrolases superfamily protein
AT1G50500.1;AT1G50500.2,Membrane trafficking VPS53 family protein
AT1G11870.1;AT1G11870.2,Seryl-tRNA synthetase
AT5G19050.1,alpha/beta-Hydrolases superfamily protein
AT5G42020.1,Heat shock protein 70 (Hsp 70) family protein
AT1G23900.1;AT1G23900.2,gamma-adaptin 1
AT4G14240.1;AT4G14240.2,CBS domain-containing protein with a domain of unknown function (DUF21)
AT5G42765.1,"INVOLVED IN: biological_process unknown;LOCATED IN: thylakoid, chloroplast thylakoid membrane, chloroplast;EXPRESSED IN: 22 plant structures;EXPRESSED DURING: 13 growth stages;CONTAINS InterPro DOMAIN/s: Twin-arginine translocation pathway, signal sequence (InterPro:IPR006311);Has 30201 Blast hits to 17322 proteins in 780 species: Archae - 12;Bacteria - 1396;Metazoa - 17338;Fungi - 3422;Plants - 5037;Viruses - 0;Other Eukaryotes - 2996 (source: NCBI BLink)."
AT2G42310.1;AT3G57785.1,unknown protein;BEST Arabidopsis thaliana protein match is: unknown protein (TAIR:AT3G57785.1);Has 115 Blast hits to 115 proteins in 48 species: Archae - 0;Bacteria - 0;Metazoa - 4;Fungi - 44;Plants - 67;Viruses - 0;Other Eukaryotes - 0 (source: NCBI BLink).;unknown protein;BEST Arabidopsis thaliana protein match is: unknown protein (TAIR:AT2G42310.1);Has 121 Blast hits to 121 proteins in 51 species: Archae - 0;Bacteria - 0;Metazoa - 4;Fungi - 48;Plants - 67;Viruses - 0;Other Eukaryotes - 2 (source: NCBI BLink).
AT5G23200.1,unknown protein;BEST Arabidopsis thaliana protein match is: unknown protein (TAIR:AT5G08270.1);Has 30201 Blast hits to 17322 proteins in 780 species: Archae - 12;Bacteria - 1396;Metazoa - 17338;Fungi - 3422;Plants - 5037;Viruses - 0;Other Eukaryotes - 2996 (source: NCBI BLink).
AT4G26520.1,Aldolase superfamily protein
AT4G38740.1,rotamase CYP 1
AT4G04570.1;AT4G04570.2,cysteine-rich RLK (RECEPTOR-like protein kinase) 40
AT1G12250.1;AT1G12250.2,Pentapeptide repeat-containing protein
AT5G50870.1;AT5G50870.2,ubiquitin-conjugating enzyme 27
AT1G57720.1;AT1G57720.2,"Translation elongation factor EF1B, gamma chain;Translation elongation factor EF1B, gamma chain"
AT2G21130.1,Cyclophilin-like peptidyl-prolyl cis-trans isomerase family protein
AT3G47700.1,RINT-1 / TIP-1 family
AT3G03570.1,Protein of unknown function (DUF3550/UPF0682)
AT1G55140.1,Ribonuclease III family protein
AT1G48520.1,GLU-ADT subunit B
AT1G08680.1,ARF GAP-like zinc finger-containing protein ZIGA4
AT2G37550.1;AT2G37550.2,ARF-GAP domain 7
AT5G67380.1,casein kinase alpha 1
AT3G02720.1,Class I glutamine amidotransferase-like superfamily protein
AT5G06600.1;AT5G06600.2,ubiquitin-specific protease 12
AT1G26640.1,Amino acid kinase family protein
AT4G39660.1,alanine:glyoxylate aminotransferase 2
AT2G20920.1,Protein of unknown function (DUF3353)
AT1G52160.1,tRNAse Z3
AT4G23200.1,cysteine-rich RLK (RECEPTOR-like protein kinase) 12
AT4G21710.1,DNA-directed RNA polymerase family protein
AT1G63770.3;AT1G63770.4,Peptidase M1 family protein
AT1G49245.1,Prefoldin chaperone subunit family protein
AT2G39270.1,P-loop containing nucleoside triphosphate hydrolases superfamily protein
AT2G32910.1,DCD (Development and Cell Death) domain protein
AT5G52970.1,thylakoid lumen 15.0 kDa protein
AT5G02120.1,one helix protein
AT3G09820.1,adenosine kinase 1
AT2G42490.1,Copper amine oxidase family protein
AT3G52960.1,Thioredoxin superfamily protein
AT2G31670.1,Stress responsive alpha-beta barrel domain protein
AT2G26230.1,"uricase / urate oxidase / nodulin 35, putative"
AT2G05790.1,O-Glycosyl hydrolases family 17 protein
AT5G19760.1,Mitochondrial substrate carrier family protein
AT1G76405.2,unknown protein;FUNCTIONS IN: molecular_function unknown;INVOLVED IN: biological_process unknown;LOCATED IN: chloroplast envelope;EXPRESSED IN: 21 plant structures;EXPRESSED DURING: 13 growth stages;BEST Arabidopsis thaliana protein match is: unknown protein (TAIR:AT1G20816.1);Has 52 Blast hits to 52 proteins in 19 species: Archae - 0;Bacteria - 0;Metazoa - 0;Fungi - 0;Plants - 50;Viruses - 0;Other Eukaryotes - 2 (source: NCBI BLink).
AT5G53400.1,HSP20-like chaperones superfamily protein
AT5G35790.1,glucose-6-phosphate dehydrogenase 1
AT2G23820.2,Metal-dependent phosphohydrolase
AT4G38350.1;AT4G38350.2,Patched family protein
AT5G02740.1;AT5G02740.2,Ribosomal protein S24e family protein
AT3G08740.1,elongation factor P (EF-P) family protein
AT3G14990.1;AT3G14990.2;AT3G14990.3,Class I glutamine amidotransferase-like superfamily protein
AT3G16170.1,AMP-dependent synthetase and ligase family protein
AT1G66200.1,glutamine synthase clone F11
AT5G56680.1,Class II aminoacyl-tRNA and biotin synthetases superfamily protein
AT1G18640.2,3-phosphoserine phosphatase
AT3G59010.1,pectin methylesterase 61
AT1G26880.1,Ribosomal protein L34e superfamily protein
AT4G10730.1,Protein kinase superfamily protein
AT3G10520.1,haemoglobin 2
AT3G25800.1,protein phosphatase 2A  subunit A2
AT3G27530.1,golgin candidate 6
AT1G07250.1,UDP-glucosyl transferase 71C4
AT4G39860.2,unknown protein;BEST Arabidopsis thaliana protein match is: unknown protein (TAIR:AT2G22270.1);Has 148 Blast hits to 144 proteins in 18 species: Archae - 0;Bacteria - 0;Metazoa - 0;Fungi - 0;Plants - 144;Viruses - 0;Other Eukaryotes - 4 (source: NCBI BLink).
AT5G48300.1,ADP glucose pyrophosphorylase  1
AT3G02360.1;AT3G02360.2,6-phosphogluconate dehydrogenase family protein
AT3G15610.1,Transducin/WD40 repeat-like superfamily protein
AT4G33945.1,ARM repeat superfamily protein
AT5G02780.1;AT5G02780.2,glutathione transferase lambda 1
AT4G22220.1,SufE/NifU family protein
AT4G09520.1,Cofactor-independent phosphoglycerate mutase
AT2G01620.1,RNI-like superfamily protein
AT5G51040.1;AT5G51040.2,unknown protein;CONTAINS InterPro DOMAIN/s: Protein of unknown function DUF339 (InterPro:IPR005631);Has 532 Blast hits to 532 proteins in 207 species: Archae - 0;Bacteria - 285;Metazoa - 16;Fungi - 41;Plants - 40;Viruses - 0;Other Eukaryotes - 150 (source: NCBI BLink).;unknown protein;CONTAINS InterPro DOMAIN/s: Protein of unknown function DUF339 (InterPro:IPR005631);Has 368 Blast hits to 368 proteins in 141 species: Archae - 0;Bacteria - 216;Metazoa - 8;Fungi - 13;Plants - 40;Viruses - 0;Other Eukaryotes - 91 (source: NCBI BLink).
AT2G30920.1,coenzyme Q 3
AT5G02450.1,Ribosomal protein L36e family protein
AT5G04260.1,WCRKC thioredoxin 2
AT1G32160.1,Protein of unknown function (DUF760)
AT5G47770.1,farnesyl diphosphate synthase 1
AT2G43760.1;AT2G43760.2;AT2G43760.3,molybdopterin biosynthesis MoaE family protein
AT4G32470.1,"Cytochrome bd ubiquinol oxidase, 14kDa subunit"
AT5G58200.1;AT5G58200.2,Calcineurin-like metallo-phosphoesterase superfamily protein
AT3G27310.1,plant UBX domain-containing protein 1
AT1G05320.1;AT1G05320.2;AT1G05320.3,"FUNCTIONS IN: molecular_function unknown;INVOLVED IN: biological_process unknown;LOCATED IN: cellular_component unknown;EXPRESSED IN: fruit, egg cell;CONTAINS InterPro DOMAIN/s: Prefoldin (InterPro:IPR009053);BEST Arabidopsis thaliana protein match is: unknown protein (TAIR:AT2G32240.1);Has 267650 Blast hits to 119772 proteins in 3899 species: Archae - 3706;Bacteria - 62589;Metazoa - 106546;Fungi - 19914;Plants - 13918;Viruses - 1287;Other Eukaryotes - 59690 (source: NCBI BLink).;FUNCTIONS IN: molecular_function unknown;INVOLVED IN: biological_process unknown;LOCATED IN: cellular_component unknown;EXPRESSED IN: fruit, egg cell;CONTAINS InterPro DOMAIN/s: Prefoldin (InterPro:IPR009053);BEST Arabidopsis thaliana protein match is: unknown protein (TAIR:AT2G32240.1);Has 267650 Blast hits to 119772 proteins in 3899 species: Archae - 3706;Bacteria - 62589;Metazoa - 106546;Fungi - 19914;Plants - 13918;Viruses - 1287;Other Eukaryotes - 59690 (source: NCBI BLink).;FUNCTIONS IN: molecular_function unknown;INVOLVED IN: biological_process unknown;LOCATED IN: cellular_component unknown;EXPRESSED IN: fruit, egg cell;CONTAINS InterPro DOMAIN/s: Prefoldin (InterPro:IPR009053);BEST Arabidopsis thaliana protein match is: unknown protein (TAIR:AT2G32240.1);Has 267444 Blast hits to 119656 proteins in 3886 species: Archae - 3699;Bacteria - 62432;Metazoa - 106542;Fungi - 19875;Plants - 13918;Viruses - 1288;Other Eukaryotes - 59690 (source: NCBI BLink)."
AT3G18000.1,S-adenosyl-L-methionine-dependent methyltransferases superfamily protein
AT3G51260.1,20S proteasome  alpha subunit PAD1
AT3G20330.1,PYRIMIDINE B
AT2G35690.1,acyl-CoA oxidase 5
AT1G48850.1,"chorismate synthase, putative / 5-enolpyruvylshikimate-3-phosphate phospholyase, putative"
AT4G02930.1,GTP binding Elongation factor Tu family protein
AT1G80030.1;AT1G80030.2;AT1G80030.3,Molecular chaperone Hsp40/DnaJ family protein
AT2G02400.1,NAD(P)-binding Rossmann-fold superfamily protein
AT2G29570.1,proliferating cell nuclear antigen 2
AT3G12050.1,Aha1 domain-containing protein
AT4G20410.1,gamma-soluble NSF attachment protein
AT3G19400.1;AT3G19400.2,Cysteine proteinases superfamily protein
AT1G70070.1,"DEAD/DEAH box helicase, putative"
AT3G48380.1;AT3G48380.2;AT3G48380.3,"Peptidase C78, ubiquitin fold modifier-specific peptidase 1/ 2;Peptidase C78, ubiquitin fold modifier-specific peptidase 1/ 2;Peptidase C78, ubiquitin fold modifier-specific peptidase 1/ 2"
AT5G65940.1,beta-hydroxyisobutyryl-CoA hydrolase 1
AT3G52990.1,Pyruvate kinase family protein
AT4G33540.1,metallo-beta-lactamase family protein
AT1G01620.1,plasma membrane intrinsic protein 1C
AT5G26200.1,Mitochondrial substrate carrier family protein
AT3G47520.1,malate dehydrogenase
AT2G37400.1,Tetratricopeptide repeat (TPR)-like superfamily protein
AT3G14415.1;AT3G14415.3,Aldolase-type TIM barrel family protein
AT3G18500.1;AT3G18500.2;AT3G18500.3,DNAse I-like superfamily protein
AT1G16350.1,Aldolase-type TIM barrel family protein
AT4G01940.1,NFU domain protein 1
AT4G21450.1,PapD-like superfamily protein
AT5G56500.1;AT5G56500.2,TCP-1/cpn60 chaperonin family protein
AT5G61020.1;AT5G61020.2,evolutionarily conserved C-terminal region 3
AT3G27850.1,ribosomal protein L12-C
AT5G14720.1,Protein kinase superfamily protein
AT4G18060.1,SH3 domain-containing protein
AT5G63570.1,"glutamate-1-semialdehyde-2,1-aminomutase"
AT4G21960.1,Peroxidase superfamily protein
AT5G20890.1,TCP-1/cpn60 chaperonin family protein
AT1G49140.1;AT3G18410.1;AT3G18410.2,Complex I subunit NDUFS6
AT5G58590.1,RAN binding protein 1
AT3G62870.1,Ribosomal protein L7Ae/L30e/S12e/Gadd45 family protein
AT3G60750.1;AT3G60750.2,Transketolase
AT3G54840.1;AT3G54840.2,Ras-related small GTP-binding family protein
AT2G23610.1,methyl esterase 3
AT5G28060.1,Ribosomal protein S24e family protein
AT3G27180.1,S-adenosyl-L-methionine-dependent methyltransferases superfamily protein
AT4G15490.1,UDP-Glycosyltransferase superfamily protein
AT2G32600.1,hydroxyproline-rich glycoprotein family protein
AT4G22530.1,S-adenosyl-L-methionine-dependent methyltransferases superfamily protein
AT5G52780.1,Protein of unknown function (DUF3464)
AT5G10450.1;AT5G10450.2;AT5G10450.3;AT5G10450.4,G-box regulating factor 6
AT3G12140.1;AT3G12140.2;AT3G12140.3,Emsy N Terminus (ENT)/ plant Tudor-like domains-containing protein
AT5G08290.1,"mRNA splicing factor, thioredoxin-like U5 snRNP"
AT5G36880.1;AT5G36880.2,acetyl-CoA synthetase
AT5G03510.1,C2H2-type zinc finger family protein
AT3G10070.1,TBP-associated factor 12
AT4G11290.1,Peroxidase superfamily protein
AT1G22430.1;AT1G22430.2,GroES-like zinc-binding dehydrogenase family protein
AT1G75980.1,Single hybrid motif superfamily protein
AT3G62360.1,Carbohydrate-binding-like fold
AT4G18240.1,starch synthase 4
AT5G60360.1;AT5G60360.2;AT5G60360.3,aleurain-like protease
AT4G22010.1,SKU5  similar 4
AT1G04440.1,casein kinase like 13
AT5G28540.1,heat shock protein 70 (Hsp 70) family protein
AT3G57890.1;AT3G57890.2,Tubulin binding cofactor C domain-containing protein
AT2G26730.1,Leucine-rich repeat protein kinase family protein
AT1G30630.1,Coatomer epsilon subunit
AT5G06690.1,WCRKC thioredoxin 1
AT1G18730.1;AT1G18730.3,NDH dependent flow 6
AT4G26555.1,FKBP-like peptidyl-prolyl cis-trans isomerase family protein
AT5G51700.1,protein binding;zinc ion binding
AT2G25430.1,epsin N-terminal homology (ENTH) domain-containing protein / clathrin assembly protein-related
AT5G24710.1,Transducin/WD40 repeat-like superfamily protein
AT5G14320.1,Ribosomal protein S13/S18 family
AT1G53850.1;AT1G53850.2,20S proteasome alpha subunit E1
AT5G64290.1,dicarboxylate transport 2.1
AT2G29700.1,pleckstrin homologue 1
AT1G64770.1,NDH-dependent cyclic electron flow 1
AT1G74470.1,Pyridine nucleotide-disulphide oxidoreductase family protein
AT4G20760.1,NAD(P)-binding Rossmann-fold superfamily protein
AT1G55090.1,carbon-nitrogen hydrolase family protein
AT5G10460.1,Haloacid dehalogenase-like hydrolase (HAD) superfamily protein
AT2G47940.1,DEGP protease 2
AT2G41740.1,villin 2
AT4G38440.1,"LOCATED IN: chloroplast;EXPRESSED IN: 21 plant structures;EXPRESSED DURING: 12 growth stages;CONTAINS InterPro DOMAIN/s: RNA polymerase II-associated protein 1, C-terminal (InterPro:IPR013929), RNA polymerase II-associated protein 1, N-terminal (InterPro:IPR013930);Has 276 Blast hits to 220 proteins in 102 species: Archae - 0;Bacteria - 2;Metazoa - 151;Fungi - 65;Plants - 41;Viruses - 0;Other Eukaryotes - 17 (source: NCBI BLink)."
AT4G24620.1,phosphoglucose isomerase 1
AT3G48750.1,cell division control 2
AT3G10860.1;AT5G05370.1,"Cytochrome b-c1 complex, subunit 8 protein;Cytochrome b-c1 complex, subunit 8 protein"
AT1G23440.1,"Peptidase C15, pyroglutamyl peptidase I-like"
AT2G24050.1,MIF4G domain-containing protein / MA3 domain-containing protein
AT4G16155.1,dihydrolipoyl dehydrogenases
AT2G22980.1;AT2G22980.2;AT2G22980.3;AT2G22980.4,serine carboxypeptidase-like 13
AT1G74910.1;AT1G74910.2,ADP-glucose pyrophosphorylase family protein
AT1G29400.1;AT1G29400.2,MEI2-like protein 5
AT1G49630.1;AT1G49630.2;AT1G49630.3,presequence protease 2
AT5G11490.1;AT5G11490.2,adaptin family protein
AT2G27600.1,AAA-type ATPase family protein
AT1G32520.1,unknown protein;FUNCTIONS IN: molecular_function unknown;INVOLVED IN: biological_process unknown;LOCATED IN: chloroplast;EXPRESSED IN: 24 plant structures;EXPRESSED DURING: 15 growth stages;Has 143 Blast hits to 142 proteins in 34 species: Archae - 0;Bacteria - 0;Metazoa - 39;Fungi - 0;Plants - 56;Viruses - 0;Other Eukaryotes - 48 (source: NCBI BLink).
AT1G32060.1,phosphoribulokinase
AT3G52090.1;AT3G52090.2,"DNA-directed RNA polymerase, RBP11-like;DNA-directed RNA polymerase, RBP11-like"
AT4G23850.1,AMP-dependent synthetase and ligase family protein
AT5G11710.1,ENTH/VHS family protein
AT5G04885.1,Glycosyl hydrolase family protein
AT4G35090.1,catalase 2
AT3G09890.1,Ankyrin repeat family protein
AT1G68830.1,STT7 homolog STN7
AT4G06598.1,BEST Arabidopsis thaliana protein match is: Basic-leucine zipper (bZIP) transcription factor family protein (TAIR:AT1G58110.2);Has 392 Blast hits to 388 proteins in 30 species: Archae - 0;Bacteria - 0;Metazoa - 15;Fungi - 8;Plants - 363;Viruses - 0;Other Eukaryotes - 6 (source: NCBI BLink).
AT5G61220.1,LYR family of Fe/S cluster biogenesis protein
AT3G25690.1;AT3G25690.2,Hydroxyproline-rich glycoprotein family protein
AT2G33340.1;AT2G33340.2,MOS4-associated  complex 3B
AT1G75100.1,J-domain protein required for chloroplast accumulation response 1
AT1G53165.1;AT1G53165.2;AT1G53165.3,Protein kinase superfamily protein
AT3G10220.1,tubulin folding cofactor B
AT1G11930.1;AT1G11930.2,"Predicted pyridoxal phosphate-dependent enzyme, YBL036C type;Predicted pyridoxal phosphate-dependent enzyme, YBL036C type"
AT4G20360.1,RAB GTPase homolog E1B
AT5G46870.1,RNA-binding (RRM/RBD/RNP motifs) family protein
AT5G41670.1;AT5G41670.2,6-phosphogluconate dehydrogenase family protein
AT1G26520.1,Cobalamin biosynthesis CobW-like protein
AT4G13730.1,Ypt/Rab-GAP domain of gyp1p superfamily protein
AT5G58410.1,HEAT/U-box domain-containing protein
AT5G66930.2;AT5G66930.3,unknown protein;CONTAINS InterPro DOMAIN/s: Protein of unknown function DUF1649 (InterPro:IPR012445);Has 251 Blast hits to 251 proteins in 113 species: Archae - 0;Bacteria - 0;Metazoa - 91;Fungi - 85;Plants - 58;Viruses - 0;Other Eukaryotes - 17 (source: NCBI BLink).;unknown protein;FUNCTIONS IN: molecular_function unknown;INVOLVED IN: biological_process unknown;LOCATED IN: cellular_component unknown;EXPRESSED IN: 24 plant structures;EXPRESSED DURING: 15 growth stages;CONTAINS InterPro DOMAIN/s: Protein of unknown function DUF1649 (InterPro:IPR012445);Has 247 Blast hits to 247 proteins in 111 species: Archae - 0;Bacteria - 0;Metazoa - 89;Fungi - 83;Plants - 58;Viruses - 0;Other Eukaryotes - 17 (source: NCBI BLink).
AT1G77060.1,Phosphoenolpyruvate carboxylase family protein
AT5G10050.1,NAD(P)-binding Rossmann-fold superfamily protein
AT5G58770.1,Undecaprenyl pyrophosphate synthetase family protein
AT3G10090.1;AT5G03850.1,"Nucleic acid-binding, OB-fold-like protein;Nucleic acid-binding, OB-fold-like protein"
AT5G16470.1,zinc finger (C2H2 type) family protein
AT4G32590.1;AT4G32590.3,2Fe-2S ferredoxin-like superfamily protein
AT1G05520.1,Sec23/Sec24 protein transport family protein
AT1G30230.1;AT1G30230.2,"Glutathione S-transferase, C-terminal-like;Translation elongation  factor EF1B/ribosomal protein S6;Glutathione S-transferase, C-terminal-like;Translation elongation  factor EF1B/ribosomal protein S6"
AT1G17470.1;AT1G17470.2,developmentally regulated G-protein 1
AT2G37160.1;AT2G37160.2,Transducin/WD40 repeat-like superfamily protein
AT1G08880.1;AT1G54690.1,Histone superfamily protein;gamma histone variant H2AX
AT2G36485.1,ENTH/VHS family protein
AT3G26030.1,serine/threonine protein phosphatase 2A 55 kDa regulatory subunit B prime delta
AT5G63840.1,Glycosyl hydrolases family 31  protein
AT4G34240.1,aldehyde dehydrogenase 3I1
AT3G29350.1,histidine-containing phosphotransmitter 2
AT1G45150.1,unknown protein;Has 219 Blast hits to 202 proteins in 78 species: Archae - 0;Bacteria - 166;Metazoa - 0;Fungi - 0;Plants - 36;Viruses - 0;Other Eukaryotes - 17 (source: NCBI BLink).
AT2G42400.1,vascular plant one zinc finger protein 2
AT4G25050.1,acyl carrier protein 4
AT5G02490.1,Heat shock protein 70 (Hsp 70) family protein
AT4G27800.1,thylakoid-associated phosphatase 38
AT1G17100.1,SOUL heme-binding family protein
AT4G24730.2;AT4G24730.3,Calcineurin-like metallo-phosphoesterase superfamily protein
AT3G55430.1,O-Glycosyl hydrolases family 17 protein
AT2G43560.1,FKBP-like peptidyl-prolyl cis-trans isomerase family protein
AT2G44160.1,methylenetetrahydrofolate reductase 2
AT1G09330.1,"unknown protein;FUNCTIONS IN: molecular_function unknown;INVOLVED IN: biological_process unknown;LOCATED IN: integral to membrane;EXPRESSED IN: 24 plant structures;EXPRESSED DURING: 15 growth stages;CONTAINS InterPro DOMAIN/s: Protein of unknown function DUF846, eukaryotic (InterPro:IPR008564);Has 518 Blast hits to 518 proteins in 206 species: Archae - 0;Bacteria - 0;Metazoa - 193;Fungi - 145;Plants - 73;Viruses - 0;Other Eukaryotes - 107 (source: NCBI BLink)."
AT3G10300.1;AT3G10300.2;AT3G10300.3;AT3G10300.4;AT3G10300.5,Calcium-binding EF-hand family protein
AT4G26510.1;AT4G26510.2,uridine kinase-like 4
AT1G48600.1,S-adenosyl-L-methionine-dependent methyltransferases superfamily protein
AT4G03110.1;AT4G03110.2,RNA-binding protein-defense related 1
AT1G07110.1,"fructose-2,6-bisphosphatase"
AT1G65450.1,HXXXD-type acyl-transferase family protein
AT3G12610.1,Leucine-rich repeat (LRR) family protein
AT3G56460.1,GroES-like zinc-binding alcohol dehydrogenase family protein
AT3G15040.1,"Protein of unknown function, DUF584"
AT1G20190.1,expansin 11
AT2G42130.3,Plastid-lipid associated protein PAP / fibrillin family protein
AT5G09830.1,BolA-like family protein
AT2G36310.1,uridine-ribohydrolase 1
AT3G47910.1;AT3G47910.2,Ubiquitin carboxyl-terminal hydrolase-related protein
AT5G60980.1;AT5G60980.2,Nuclear transport factor 2 (NTF2) family protein with RNA binding (RRM-RBD-RNP motifs) domain
AT5G59180.1,DNA-directed RNA polymerase II
AT3G05040.1,ARM repeat superfamily protein
AT5G40490.1,RNA-binding (RRM/RBD/RNP motifs) family protein
AT5G27470.1,seryl-tRNA synthetase / serine--tRNA ligase
AT2G37020.1;AT2G37020.2,Translin family protein
AT1G15340.1,methyl-CPG-binding domain 10
AT2G47790.1,Transducin/WD40 repeat-like superfamily protein
AT4G09430.1,Disease resistance protein (TIR-NBS-LRR class) family
AT1G65590.1,beta-hexosaminidase 3
AT3G55610.1,delta 1-pyrroline-5-carboxylate synthase 2
AT5G04830.1;AT5G04830.2,Nuclear transport factor 2 (NTF2) family protein
AT2G04550.1;AT2G04550.3,indole-3-butyric acid response 5
AT1G79870.1,D-isomer specific 2-hydroxyacid dehydrogenase family protein
AT3G57050.1,cystathionine beta-lyase
AT2G39050.1,hydroxyproline-rich glycoprotein family protein
AT1G01940.1,Cyclophilin-like peptidyl-prolyl cis-trans isomerase family protein
AT1G80380.2;AT1G80380.3;AT1G80380.4,P-loop containing nucleoside triphosphate hydrolases superfamily protein
AT2G04520.1,"Nucleic acid-binding, OB-fold-like protein"
AT1G55860.1;AT1G55860.2,ubiquitin-protein ligase 1
AT1G64650.1,Major facilitator superfamily protein
AT1G25350.1,"glutamine-tRNA ligase, putative / glutaminyl-tRNA synthetase, putative / GlnRS, putative"
AT2G02570.1;AT2G02570.2;AT2G02570.3;AT2G02570.4,nucleic acid binding;RNA binding;nucleic acid binding;RNA binding;nucleic acid binding;RNA binding;nucleic acid binding;RNA binding
AT4G13780.1,"methionine--tRNA ligase, putative / methionyl-tRNA synthetase, putative / MetRS, putative"
AT1G71350.1,eukaryotic translation initiation factor SUI1 family protein
AT3G49470.1,nascent polypeptide-associated complex subunit alpha-like protein 2
AT5G04750.1,"F1F0-ATPase inhibitor protein, putative"
AT1G16340.1;AT1G16340.2;AT1G16340.3,Aldolase superfamily protein
AT2G23350.1,poly(A) binding protein 4
AT2G42690.1,alpha/beta-Hydrolases superfamily protein
AT3G61820.1,Eukaryotic aspartyl protease family protein
AT3G11830.1,TCP-1/cpn60 chaperonin family protein
AT2G06530.1,SNF7 family protein
AT3G15190.1,"chloroplast 30S ribosomal protein S20, putative"
AT1G67440.1,Minichromosome maintenance (MCM2/3/5) family protein
AT5G25070.1,unknown protein;FUNCTIONS IN: molecular_function unknown;INVOLVED IN: biological_process unknown;LOCATED IN: cellular_component unknown;EXPRESSED IN: 23 plant structures;EXPRESSED DURING: 13 growth stages;Has 1807 Blast hits to 1807 proteins in 277 species: Archae - 0;Bacteria - 0;Metazoa - 736;Fungi - 347;Plants - 385;Viruses - 0;Other Eukaryotes - 339 (source: NCBI BLink).
AT5G22060.1,DNAJ homologue 2
AT3G52230.1,"unknown protein;FUNCTIONS IN: molecular_function unknown;INVOLVED IN: biological_process unknown;LOCATED IN: chloroplast outer membrane, chloroplast thylakoid membrane, chloroplast, chloroplast envelope;EXPRESSED IN: 24 plant structures;EXPRESSED DURING: 13 growth stages;Has 29 Blast hits to 29 proteins in 12 species: Archae - 0;Bacteria - 0;Metazoa - 3;Fungi - 0;Plants - 26;Viruses - 0;Other Eukaryotes - 0 (source: NCBI BLink)."
AT4G17650.1,Polyketide cyclase / dehydrase and lipid transport protein
AT1G06510.1,unknown protein;FUNCTIONS IN: molecular_function unknown;INVOLVED IN: biological_process unknown;LOCATED IN: chloroplast;EXPRESSED IN: 21 plant structures;EXPRESSED DURING: 13 growth stages;Has 376 Blast hits to 369 proteins in 152 species: Archae - 5;Bacteria - 113;Metazoa - 105;Fungi - 46;Plants - 27;Viruses - 2;Other Eukaryotes - 78 (source: NCBI BLink).
AT3G16000.1,MAR binding filament-like protein 1
AT5G65685.1;AT5G65685.2,UDP-Glycosyltransferase superfamily protein
AT2G20280.1,Zinc finger C-x8-C-x5-C-x3-H type family protein
AT2G16460.1,Protein of unknown function (DUF1640)
AT5G47320.1,ribosomal protein S19
AT1G69410.1,eukaryotic elongation factor 5A-3
AT4G27960.1;AT4G27960.2;AT5G41700.1;AT5G41700.2;AT5G41700.3;AT5G41700.4;AT5G41700.5;AT5G53300.1;AT5G53300.2;AT5G53300.3;AT5G53300.4,ubiquitin conjugating enzyme 9;ubiquitin conjugating enzyme 9;ubiquitin conjugating enzyme 8;ubiquitin conjugating enzyme 8;ubiquitin conjugating enzyme 8;ubiquitin conjugating enzyme 8;ubiquitin conjugating enzyme 8;ubiquitin-conjugating enzyme 10;ubiquitin-conjugating enzyme 10;ubiquitin-conjugating enzyme 10;ubiquitin-conjugating enzyme 10
AT4G15020.1;AT4G15020.2,hAT transposon superfamily
AT4G20020.1;AT4G20020.2,unknown protein;BEST Arabidopsis thaliana protein match is: unknown protein (TAIR:AT5G44780.1);Has 28928 Blast hits to 16023 proteins in 1033 species: Archae - 4;Bacteria - 4155;Metazoa - 15463;Fungi - 2938;Plants - 3091;Viruses - 205;Other Eukaryotes - 3072 (source: NCBI BLink).;unknown protein;BEST Arabidopsis thaliana protein match is: unknown protein (TAIR:AT5G44780.1);Has 35333 Blast hits to 34131 proteins in 2444 species: Archae - 798;Bacteria - 22429;Metazoa - 974;Fungi - 991;Plants - 531;Viruses - 0;Other Eukaryotes - 9610 (source: NCBI BLink).
AT1G15140.1,FAD/NAD(P)-binding oxidoreductase
AT4G24820.1;AT4G24820.2,"26S proteasome, regulatory subunit Rpn7;Proteasome component (PCI) domain;26S proteasome, regulatory subunit Rpn7;Proteasome component (PCI) domain"
AT4G33350.1,Tic22-like family protein
AT2G27210.1;AT2G27210.2,BRI1 suppressor 1 (BSU1)-like 3
AT2G35630.1,ARM repeat superfamily protein
AT2G22370.1,unknown protein;Has 127 Blast hits to 127 proteins in 48 species: Archae - 0;Bacteria - 0;Metazoa - 87;Fungi - 0;Plants - 39;Viruses - 0;Other Eukaryotes - 1 (source: NCBI BLink).
AT4G33640.1,unknown protein;Has 30201 Blast hits to 17322 proteins in 780 species: Archae - 12;Bacteria - 1396;Metazoa - 17338;Fungi - 3422;Plants - 5037;Viruses - 0;Other Eukaryotes - 2996 (source: NCBI BLink).
AT1G79260.1,CONTAINS InterPro DOMAIN/s: Domain of unknown function DUF1794 (InterPro:IPR014878);Has 30201 Blast hits to 17322 proteins in 780 species: Archae - 12;Bacteria - 1396;Metazoa - 17338;Fungi - 3422;Plants - 5037;Viruses - 0;Other Eukaryotes - 2996 (source: NCBI BLink).
AT4G11175.1,"Nucleic acid-binding, OB-fold-like protein"
AT1G59600.1,ZCW7
AT5G20670.1,Protein of unknown function (DUF1677)
AT3G56070.1;AT3G56070.2,rotamase cyclophilin 2
AT1G24510.1,TCP-1/cpn60 chaperonin family protein
AT5G15090.1;AT5G15090.2,voltage dependent anion channel 3
AT3G18600.1,P-loop containing nucleoside triphosphate hydrolases superfamily protein
AT2G42600.1;AT2G42600.2,phosphoenolpyruvate carboxylase 2
AT2G37760.1;AT2G37760.2,NAD(P)-linked oxidoreductase superfamily protein
AT3G45780.1;AT3G45780.2,phototropin 1
AT5G65780.1,branched-chain amino acid aminotransferase 5 / branched-chain amino acid transaminase 5 (BCAT5)
AT1G03030.1,P-loop containing nucleoside triphosphate hydrolases superfamily protein
AT5G03540.1,exocyst subunit exo70 family protein A1
AT1G71880.1,sucrose-proton symporter 1
AT5G19620.1,outer envelope protein of 80 kDa
AT2G25140.1,casein lytic proteinase B4
AT5G26360.1,TCP-1/cpn60 chaperonin family protein
AT4G24280.1,chloroplast heat shock protein 70-1
AT2G37500.1,arginine biosynthesis protein ArgJ family
AT1G05500.1,Calcium-dependent lipid-binding (CaLB domain) family protein
AT3G23310.1,"AGC (cAMP-dependent, cGMP-dependent and protein kinase C) kinase family protein"
AT2G16780.1,Transducin family protein / WD-40 repeat family protein
AT3G62810.1,complex 1 family protein / LVR family protein
ATMG00510.1,NADH dehydrogenase subunit 7
AT2G03750.1,P-loop containing nucleoside triphosphate hydrolases superfamily protein
AT5G11770.1,"NADH-ubiquinone oxidoreductase 20 kDa subunit, mitochondrial"
AT2G05620.1,proton gradient regulation 5
AT1G66520.1,"formyltransferase, putative"
AT2G32520.1,alpha/beta-Hydrolases superfamily protein
AT4G23890.1,"unknown protein;FUNCTIONS IN: molecular_function unknown;INVOLVED IN: biological_process unknown;LOCATED IN: chloroplast thylakoid membrane, chloroplast;EXPRESSED IN: 22 plant structures;EXPRESSED DURING: 13 growth stages;CONTAINS InterPro DOMAIN/s: Protein of unknown function DUF3252 (InterPro:IPR021659);Has 287 Blast hits to 287 proteins in 81 species: Archae - 0;Bacteria - 118;Metazoa - 12;Fungi - 6;Plants - 40;Viruses - 0;Other Eukaryotes - 111 (source: NCBI BLink)."
AT3G53110.1,P-loop containing nucleoside triphosphate hydrolases superfamily protein
AT1G71720.1,Nucleic acid-binding proteins superfamily
AT1G79230.1,mercaptopyruvate sulfurtransferase 1
AT4G35460.1,NADPH-dependent thioredoxin reductase B
AT2G01690.1,ARM repeat superfamily protein
AT1G79550.1;AT1G79550.2,phosphoglycerate kinase
AT5G08450.1;AT5G08450.2;AT5G08450.3,CONTAINS InterPro DOMAIN/s: Histone deacetylation protein Rxt3 (InterPro:IPR013951);Has 34444 Blast hits to 20801 proteins in 1175 species: Archae - 64;Bacteria - 2390;Metazoa - 15568;Fungi - 3729;Plants - 1886;Viruses - 208;Other Eukaryotes - 10599 (source: NCBI BLink).;CONTAINS InterPro DOMAIN/s: Histone deacetylation protein Rxt3 (InterPro:IPR013951);Has 30201 Blast hits to 17322 proteins in 780 species: Archae - 12;Bacteria - 1396;Metazoa - 17338;Fungi - 3422;Plants - 5037;Viruses - 0;Other Eukaryotes - 2996 (source: NCBI BLink).;FUNCTIONS IN: molecular_function unknown;INVOLVED IN: biological_process unknown;LOCATED IN: cellular_component unknown;EXPRESSED IN: 25 plant structures;EXPRESSED DURING: 15 growth stages;CONTAINS InterPro DOMAIN/s: Histone deacetylation protein Rxt3 (InterPro:IPR013951);Has 34444 Blast hits to 20801 proteins in 1175 species: Archae - 64;Bacteria - 2390;Metazoa - 15568;Fungi - 3729;Plants - 1886;Viruses - 208;Other Eukaryotes - 10599 (source: NCBI BLink).
AT1G35670.1,calcium-dependent protein kinase 2
AT1G64500.1,Glutaredoxin family protein
AT4G27500.1,proton pump interactor 1
AT4G18950.1,Integrin-linked protein kinase family
AT1G16410.1,cytochrome p450 79f1
AT5G35170.1;AT5G35170.2,adenylate kinase family protein
AT1G07670.1,endomembrane-type CA-ATPase 4
AT1G13780.1,F-box/RNI-like/FBD-like domains-containing protein
AT1G29840.1,alpha/beta-Hydrolases superfamily protein
AT1G14700.1;AT1G14700.2,purple acid phosphatase 3
AT1G07910.1;AT1G07910.2,RNAligase
AT2G31170.1,"Cysteinyl-tRNA synthetase, class Ia family protein"
AT3G47860.1,chloroplastic lipocalin
AT5G45900.1,ThiF family protein
AT4G25130.1,peptide met sulfoxide reductase 4
AT3G51160.1,NAD(P)-binding Rossmann-fold superfamily protein
AT1G61010.1;AT1G61010.2;AT1G61010.3,cleavage and polyadenylation specificity factor 73-I
AT2G04160.1,Subtilisin-like serine endopeptidase family protein
AT5G05570.1;AT5G05570.2,transducin family protein / WD-40 repeat family protein
AT2G32080.1,purin-rich alpha 1
AT3G14690.1,"cytochrome P450, family 72, subfamily A, polypeptide 15"
AT2G10940.1;AT2G10940.2,Bifunctional inhibitor/lipid-transfer protein/seed storage 2S albumin superfamily protein
AT1G06410.1,trehalose-phosphatase/synthase 7
AT1G76080.1,chloroplastic drought-induced stress protein of 32 kD
AT2G07340.1,PREFOLDIN 1
AT5G55940.1,Uncharacterised protein family (UPF0172)
AT1G24040.1;AT1G24040.2,Acyl-CoA N-acyltransferases (NAT) superfamily protein
AT3G24830.1,Ribosomal protein L13 family protein
AT5G63680.1,Pyruvate kinase family protein
AT2G42710.1,Ribosomal protein L1p/L10e family
AT1G09020.1,homolog of yeast sucrose nonfermenting 4
AT5G13640.1,phospholipid:diacylglycerol acyltransferase
AT4G02480.1,AAA-type ATPase family protein
AT2G23000.1,serine carboxypeptidase-like 10
AT4G01400.2,FUNCTIONS IN: molecular_function unknown;INVOLVED IN: biological_process unknown;LOCATED IN: cellular_component unknown;EXPRESSED IN: 23 plant structures;EXPRESSED DURING: 15 growth stages;CONTAINS InterPro DOMAIN/s: COG4 transport (InterPro:IPR013167);Has 465 Blast hits to 425 proteins in 199 species: Archae - 0;Bacteria - 3;Metazoa - 153;Fungi - 166;Plants - 45;Viruses - 0;Other Eukaryotes - 98 (source: NCBI BLink).
AT3G22310.1,putative mitochondrial RNA helicase 1
AT1G54170.1,CTC-interacting domain 3
AT1G19520.1,pentatricopeptide (PPR) repeat-containing protein
AT5G64370.1,beta-ureidopropionase
AT1G73990.1,signal peptide peptidase
AT3G04710.1;AT3G04710.3,ankyrin repeat family protein
AT3G55800.1,sedoheptulose-bisphosphatase
AT2G39990.1,eukaryotic translation initiation factor 2
AT2G21250.1,NAD(P)-linked oxidoreductase superfamily protein
AT3G25230.1;AT3G25230.2,rotamase FKBP 1
AT5G55200.1,Co-chaperone GrpE family protein
AT3G46610.1,Pentatricopeptide repeat (PPR-like) superfamily protein
AT2G39800.2,delta1-pyrroline-5-carboxylate synthase 1
AT3G62030.1;AT3G62030.2;AT3G62030.3,rotamase CYP 4
AT5G48120.1,ARM repeat superfamily protein
AT4G28300.1;AT4G28300.2,Protein of unknown function (DUF1421)
AT3G50360.1,centrin2
AT3G46830.1,RAB GTPase homolog A2C
AT5G65020.1,annexin 2
AT3G59840.1,"unknown protein;FUNCTIONS IN: molecular_function unknown;INVOLVED IN: biological_process unknown;LOCATED IN: chloroplast, chloroplast envelope;EXPRESSED IN: 23 plant structures;EXPRESSED DURING: 13 growth stages;Has 72 Blast hits to 72 proteins in 12 species: Archae - 0;Bacteria - 0;Metazoa - 0;Fungi - 0;Plants - 72;Viruses - 0;Other Eukaryotes - 0 (source: NCBI BLink)."
AT3G23640.1;AT3G23640.2,heteroglycan glucosidase 1
AT5G42250.1,Zinc-binding alcohol dehydrogenase family protein
AT5G37830.1,oxoprolinase 1
AT5G50210.1,quinolinate synthase
AT1G17220.1,"Translation initiation factor 2, small GTP-binding protein"
AT5G66520.1,Tetratricopeptide repeat (TPR)-like superfamily protein
AT1G13020.1,eukaryotic initiation factor 4B2
AT1G78060.1,Glycosyl hydrolase family protein
AT1G20090.1;AT1G75840.1,RHO-related protein from plants 2;RAC-like GTP binding protein 5
AT3G20430.1,"CONTAINS InterPro DOMAIN/s: Phosphorylated adapter RNA export protein, RNA-binding domain (InterPro:IPR019385);Has 110 Blast hits to 110 proteins in 51 species: Archae - 0;Bacteria - 3;Metazoa - 56;Fungi - 0;Plants - 36;Viruses - 0;Other Eukaryotes - 15 (source: NCBI BLink)."
AT2G37690.1,"phosphoribosylaminoimidazole carboxylase, putative / AIR carboxylase, putative"
AT3G17790.1,purple acid phosphatase 17
AT1G11720.1;AT1G11720.2,starch synthase 3
AT5G67440.1;AT5G67440.2,Phototropic-responsive NPH3 family protein
AT4G29010.1,Enoyl-CoA hydratase/isomerase family
AT5G15760.1,Ribosomal protein PSRP-3/Ycf65
AT4G28600.1,no pollen germination related 2
AT1G31190.1,myo-inositol monophosphatase like 1
AT3G58530.1,RNI-like superfamily protein
AT5G47880.1;AT5G47880.2,eukaryotic release factor 1-1
AT4G08280.1,Thioredoxin superfamily protein
AT4G38780.1,Pre-mRNA-processing-splicing factor
AT3G04820.1,Pseudouridine synthase family protein
AT3G52155.1,Phosphoglycerate mutase family protein
AT2G22910.1,N-acetyl-l-glutamate synthase 1
AT5G04440.1,Protein of unknown function (DUF1997)
AT1G79730.1,hydroxyproline-rich glycoprotein family protein
AT3G15220.1,Protein kinase superfamily protein
AT3G17205.1;AT3G17205.2;AT3G17205.3,ubiquitin protein ligase 6
AT5G17380.1,Thiamine pyrophosphate dependent pyruvate decarboxylase family protein
AT5G14910.1,Heavy metal transport/detoxification superfamily protein
AT5G39900.1,Small GTP-binding protein
AT5G05980.2,DHFS-FPGS homolog B
AT3G23810.1,S-adenosyl-l-homocysteine (SAH) hydrolase 2
AT2G07180.1;AT2G07180.2,Protein kinase superfamily protein
AT5G23540.1;AT5G23540.2,Mov34/MPN/PAD-1 family protein
AT1G26160.1,Metal-dependent phosphohydrolase
AT1G20140.1,SKP1-like 4
AT4G16760.1,acyl-CoA oxidase 1
AT3G58840.1;AT3G58840.2,Tropomyosin-related
AT5G35620.1,Eukaryotic initiation factor 4E protein
AT5G64860.1,disproportionating enzyme
AT4G26965.1,"NADH:ubiquinone oxidoreductase, 17.2kDa subunit"
AT1G18660.4,zinc finger (C3HC4-type RING finger) family protein
AT1G30510.1;AT1G30510.2;AT1G30510.3,root FNR 2
AT4G12780.1;AT4G12780.2,Chaperone DnaJ-domain superfamily protein
AT5G42310.1,Pentatricopeptide repeat (PPR-like) superfamily protein
AT3G06530.1;AT3G06530.2;AT3G06530.3,ARM repeat superfamily protein
AT3G58570.1,P-loop containing nucleoside triphosphate hydrolases superfamily protein
AT5G17710.1;AT5G17710.2,Co-chaperone GrpE family protein
AT4G29120.1,6-phosphogluconate dehydrogenase family protein
AT5G19440.1,NAD(P)-binding Rossmann-fold superfamily protein
AT3G19650.1,cyclin-related
AT5G55230.1,microtubule-associated proteins 65-1
AT4G27090.1,Ribosomal protein L14
AT4G24340.1,Phosphorylase superfamily protein
AT1G51680.1,4-coumarate:CoA ligase 1
AT3G48890.1,membrane-associated progesterone binding protein 3
AT1G08490.1,chloroplastic NIFS-like cysteine desulfurase
AT4G03200.1;AT4G03200.2,catalytics
AT3G47050.1,Glycosyl hydrolase family protein
AT2G38670.1,phosphorylethanolamine cytidylyltransferase 1
AT4G35850.1,Pentatricopeptide repeat (PPR) superfamily protein
AT4G08920.1,cryptochrome 1
AT2G44310.1,Calcium-binding EF-hand family protein
AT1G48480.1,receptor-like kinase 1
AT2G30105.1,"CONTAINS InterPro DOMAIN/s: Leucine-rich repeat, typical subtype (InterPro:IPR003591), Leucine-rich repeat (InterPro:IPR001611), Ubiquitin (InterPro:IPR000626), Ubiquitin supergroup (InterPro:IPR019955);BEST Arabidopsis thaliana protein match is: Leucine-rich repeat (LRR) family protein (TAIR:AT5G07910.1)."
AT5G11420.1,"Protein of unknown function, DUF642"
AT1G48410.1;AT1G48410.2;AT1G48410.3,Stabilizer of iron transporter SufD / Polynucleotidyl transferase
AT5G21100.1,Plant L-ascorbate oxidase
AT3G16520.1;AT3G16520.2;AT3G16520.3,UDP-glucosyl transferase 88A1
AT5G53170.1,FTSH protease 11
AT5G58390.1,Peroxidase superfamily protein
AT4G38970.1,fructose-bisphosphate aldolase 2
AT1G60780.1,Clathrin adaptor complexes medium subunit family protein
AT2G43590.1,Chitinase family protein
AT5G12320.1,ankyrin repeat family protein
AT5G13030.1,unknown protein;FUNCTIONS IN: molecular_function unknown;INVOLVED IN: biological_process unknown;LOCATED IN: chloroplast;EXPRESSED IN: 23 plant structures;EXPRESSED DURING: 13 growth stages;CONTAINS InterPro DOMAIN/s: Uncharacterised protein family UPF0061 (InterPro:IPR003846);Has 5046 Blast hits to 4997 proteins in 1211 species: Archae - 8;Bacteria - 2327;Metazoa - 120;Fungi - 134;Plants - 48;Viruses - 0;Other Eukaryotes - 2409 (source: NCBI BLink).
AT3G55440.1,triosephosphate isomerase
AT4G39820.1,Tetratricopeptide repeat (TPR)-like superfamily protein
AT2G43620.1,Chitinase family protein
AT2G28430.1,unknown protein;Has 28 Blast hits to 28 proteins in 12 species: Archae - 0;Bacteria - 0;Metazoa - 0;Fungi - 0;Plants - 28;Viruses - 0;Other Eukaryotes - 0 (source: NCBI BLink).
AT2G47620.1,SWITCH/sucrose nonfermenting 3A
AT1G29850.1;AT1G29850.2;AT1G29850.3,double-stranded DNA-binding family protein
AT2G14120.1;AT2G14120.2;AT2G14120.3,dynamin related protein
AT5G34850.1,purple acid phosphatase 26
AT3G54900.1,CAX interacting protein 1
AT5G22000.1;AT5G22000.2;AT5G22000.3,RING-H2 group F2A
AT2G38270.1,CAX-interacting protein 2
AT1G64740.1,alpha-1 tubulin
AT1G04810.1,"26S proteasome regulatory complex, non-ATPase subcomplex, Rpn2/Psmd1 subunit"
AT3G06480.1,DEAD box RNA helicase family protein
AT5G67590.1,NADH-ubiquinone oxidoreductase-related
AT1G33980.1;AT1G33980.2,Smg-4/UPF3 family protein
AT4G02260.1;AT4G02260.2;AT4G02260.3,RELA/SPOT homolog 1
AT4G14680.1,Pseudouridine synthase/archaeosine transglycosylase-like family protein
AT4G23710.1,vacuolar ATP synthase subunit G2
AT3G01790.1;AT3G01790.2,Ribosomal protein L13 family protein
AT1G62180.1,5'adenylylphosphosulfate reductase 2
AT5G58220.1,transthyretin-like protein
AT3G01590.1;AT3G01590.2,Galactose mutarotase-like superfamily protein
AT2G01140.1,Aldolase superfamily protein
AT5G67630.1,P-loop containing nucleoside triphosphate hydrolases superfamily protein
AT5G16070.1,TCP-1/cpn60 chaperonin family protein
AT1G13950.1,eukaryotic elongation factor 5A-1
AT3G02875.1,Peptidase M20/M25/M40 family protein
AT3G22890.1,ATP sulfurylase 1
AT5G24460.1,unknown protein;INVOLVED IN: biological_process unknown;LOCATED IN: cell wall;EXPRESSED IN: 24 plant structures;EXPRESSED DURING: 15 growth stages;Has 1807 Blast hits to 1807 proteins in 277 species: Archae - 0;Bacteria - 0;Metazoa - 736;Fungi - 347;Plants - 385;Viruses - 0;Other Eukaryotes - 339 (source: NCBI BLink).
AT5G48960.1,"HAD-superfamily hydrolase, subfamily IG, 5'-nucleotidase"
AT2G42910.1,Phosphoribosyltransferase family protein
AT1G54040.2,epithiospecifier protein
AT4G29740.1;AT4G29740.2,cytokinin oxidase 4
AT5G20360.1,Octicosapeptide/Phox/Bem1p (PB1) domain-containing protein / tetratricopeptide repeat (TPR)-containing protein
AT3G10740.1,alpha-L-arabinofuranosidase 1
AT5G04550.1,Protein of unknown function (DUF668)
AT5G11450.1,Mog1/PsbP/DUF1795-like photosystem II reaction center PsbP family protein
AT5G08170.1,porphyromonas-type peptidyl-arginine deiminase family protein
AT3G08780.1;AT3G08780.2,"unknown protein;FUNCTIONS IN: molecular_function unknown;INVOLVED IN: biological_process unknown;LOCATED IN: cellular_component unknown;EXPRESSED IN: male gametophyte, cultured cell;EXPRESSED DURING: L mature pollen stage, M germinated pollen stage;Has 129 Blast hits to 129 proteins in 38 species: Archae - 0;Bacteria - 0;Metazoa - 96;Fungi - 0;Plants - 31;Viruses - 0;Other Eukaryotes - 2 (source: NCBI BLink).;unknown protein;FUNCTIONS IN: molecular_function unknown;INVOLVED IN: biological_process unknown;LOCATED IN: cellular_component unknown;EXPRESSED IN: male gametophyte, cultured cell;EXPRESSED DURING: L mature pollen stage, M germinated pollen stage;Has 35333 Blast hits to 34131 proteins in 2444 species: Archae - 798;Bacteria - 22429;Metazoa - 974;Fungi - 991;Plants - 531;Viruses - 0;Other Eukaryotes - 9610 (source: NCBI BLink)."
AT3G25220.1,FK506-binding protein 15 kD-1
AT5G17670.1,alpha/beta-Hydrolases superfamily protein
AT5G48580.1,FK506- and rapamycin-binding protein 15 kD-2
AT3G46000.1,actin depolymerizing factor 2
AT1G57660.1;AT1G57860.1,Translation protein SH3-like family protein
AT3G44340.1,clone eighty-four
AT4G02990.1,Mitochondrial transcription termination factor family protein
AT1G26550.1,FKBP-like peptidyl-prolyl cis-trans isomerase family protein
AT4G09570.1,calcium-dependent protein kinase 4
AT3G07100.1,Sec23/Sec24 protein transport family protein
AT1G79210.1;AT1G79210.2;AT1G79210.3,N-terminal nucleophile aminohydrolases (Ntn hydrolases) superfamily protein
AT1G14810.1,semialdehyde dehydrogenase family protein
AT5G40820.1,Ataxia telangiectasia-mutated and RAD3-related
AT4G39520.1,GTP-binding protein-related
AT1G45000.1,AAA-type ATPase family protein
AT3G05910.1,Pectinacetylesterase family protein
AT5G23820.1,MD-2-related lipid recognition domain-containing protein
AT4G27560.1,UDP-Glycosyltransferase superfamily protein
AT5G19770.1;AT5G19780.1,tubulin alpha-3;tubulin alpha-5
AT1G11660.1,heat shock protein 70 (Hsp 70) family protein
AT5G50340.1,ATP-dependent peptidases;nucleotide binding;serine-type endopeptidases;DNA helicases;ATP binding;damaged DNA binding;nucleoside-triphosphatases
AT3G58660.1,Ribosomal protein L1p/L10e family
AT2G25840.1;AT2G25840.2,Nucleotidylyl transferase superfamily protein
AT3G07660.1,Kinase-related protein of unknown function (DUF1296)
AT3G21215.1,RNA-binding (RRM/RBD/RNP motifs) family protein
AT1G51580.1,RNA-binding KH domain-containing protein
AT3G17640.1,Leucine-rich repeat (LRR) family protein
AT3G15020.1,Lactate/malate dehydrogenase family protein
AT2G43810.1;AT2G43810.2,Small nuclear ribonucleoprotein family protein
AT1G01800.1,NAD(P)-binding Rossmann-fold superfamily protein
AT4G32410.1,cellulose synthase 1
AT5G04510.1,3'-phosphoinositide-dependent protein kinase 1
AT1G78510.1;AT1G78510.2,solanesyl diphosphate synthase 1
AT1G01050.1,pyrophosphorylase 1
AT2G38230.1,pyridoxine biosynthesis 1.1
AT2G17033.1;AT2G17033.2,pentatricopeptide (PPR) repeat-containing protein
AT4G17040.1,CLP protease R subunit 4
AT4G25080.4,magnesium-protoporphyrin IX methyltransferase
AT3G54400.1,Eukaryotic aspartyl protease family protein
AT2G30110.1,ubiquitin-activating enzyme 1
AT2G41630.1,transcription factor IIB
AT4G16950.1;AT4G16950.2,Disease resistance protein (TIR-NBS-LRR class) family
AT2G16950.1;AT2G16950.2,transportin 1
AT1G56050.1,GTP-binding protein-related
AT5G50370.1,Adenylate kinase family protein
AT5G19460.1,nudix hydrolase homolog 20
AT4G39980.1,3-deoxy-D-arabino-heptulosonate 7-phosphate synthase 1
AT1G29470.1;AT1G29470.2,S-adenosyl-L-methionine-dependent methyltransferases superfamily protein
AT1G62810.1,Copper amine oxidase family protein
AT3G12670.1,CTP synthase family protein
AT2G17390.1,ankyrin repeat-containing 2B
AT4G30310.2,FGGY family of carbohydrate kinase
AT5G06830.1,unknown protein;CONTAINS InterPro DOMAIN/s: Protein of unknown function DUF773 (InterPro:IPR008491);Has 365 Blast hits to 359 proteins in 109 species: Archae - 9;Bacteria - 13;Metazoa - 209;Fungi - 7;Plants - 47;Viruses - 0;Other Eukaryotes - 80 (source: NCBI BLink).
AT3G15970.1,NUP50 (Nucleoporin 50 kDa) protein
AT3G07300.1;AT3G07300.2;AT3G07300.3,NagB/RpiA/CoA transferase-like superfamily protein
AT5G48220.1,Aldolase-type TIM barrel family protein
AT1G20620.1,catalase 3
AT4G18100.1,Ribosomal protein L32e
AT2G38010.1;AT2G38010.2,Neutral/alkaline non-lysosomal ceramidase
AT5G16280.1,Tetratricopeptide repeat (TPR)-like superfamily protein
AT3G06510.1;AT3G06510.2,Glycosyl hydrolase superfamily protein
AT1G18540.1,Ribosomal protein L6 family protein
AT2G26830.1,Protein kinase superfamily protein
AT3G07770.1,HEAT SHOCK PROTEIN 89.1
AT3G62940.2;AT3G62940.3,Cysteine proteinases superfamily protein
AT1G27752.1,Ubiquitin system component Cue protein
AT2G26080.1,glycine decarboxylase P-protein 2
AT4G35490.1,mitochondrial ribosomal protein L11
AT2G29190.1;AT2G29190.2;AT2G29200.1,pumilio 2;pumilio 2;pumilio 1
AT1G15500.1,TLC ATP/ADP transporter
AT1G68530.1,3-ketoacyl-CoA synthase 6
AT4G34740.1,GLN phosphoribosyl pyrophosphate amidotransferase 2
AT2G15430.1,DNA-directed RNA polymerase family protein
AT2G43790.1,MAP kinase 6
AT3G05970.1,long-chain acyl-CoA synthetase 6
AT1G33811.1,GDSL-like Lipase/Acylhydrolase superfamily protein
AT2G01350.1;AT2G01350.3,quinolinate phoshoribosyltransferase
AT4G19210.1,RNAse l inhibitor protein 2
AT3G55200.1;AT3G55220.1,Cleavage and polyadenylation specificity factor (CPSF) A subunit protein
AT1G41830.1,SKU5-similar 6
AT2G21330.1,fructose-bisphosphate aldolase 1
AT3G61080.1,Protein kinase superfamily protein
AT2G17510.1;AT2G17510.2,ribonuclease II family protein
AT1G72810.1,Pyridoxal-5'-phosphate-dependent enzyme family protein
AT5G07340.1;AT5G07340.2,Calreticulin family protein
AT5G64140.1,ribosomal protein S28
AT4G15790.1,unknown protein;INVOLVED IN: biological_process unknown;LOCATED IN: chloroplast;EXPRESSED IN: 21 plant structures;EXPRESSED DURING: 13 growth stages;Has 411 Blast hits to 380 proteins in 121 species: Archae - 4;Bacteria - 107;Metazoa - 85;Fungi - 29;Plants - 59;Viruses - 0;Other Eukaryotes - 127 (source: NCBI BLink).
AT5G02250.1,Ribonuclease II/R family protein
AT3G28860.1,ATP binding cassette subfamily B19
AT4G36910.1,Cystathionine beta-synthase (CBS) family protein
AT3G63170.1,Chalcone-flavanone isomerase family protein
AT1G31220.1,Formyl transferase
AT3G12800.1,short-chain dehydrogenase-reductase B
AT1G04290.1,Thioesterase superfamily protein
AT5G38830.1,"Cysteinyl-tRNA synthetase, class Ia family protein"
AT1G79850.1,ribosomal protein S17
AT3G43520.1,Transmembrane proteins 14C
AT4G27690.1;AT4G27690.2,vacuolar protein sorting 26B
AT5G43430.1,electron transfer flavoprotein beta
AT2G17840.1,Senescence/dehydration-associated protein-related
AT1G43670.1,Inositol monophosphatase family protein
AT5G54900.1,RNA-binding protein 45A
AT2G20580.1,26S proteasome regulatory subunit S2 1A
AT3G55260.1,beta-hexosaminidase 1
AT4G13670.1,plastid transcriptionally active 5
AT4G14110.1,"COP9 signalosome, subunit CSN8"
AT4G36020.1,cold shock domain protein 1
AT3G22630.1,20S proteasome beta subunit D1
AT1G74920.1;AT1G74920.2,aldehyde dehydrogenase 10A8
AT5G53490.1;AT5G53490.2;AT5G53490.3,Tetratricopeptide repeat (TPR)-like superfamily protein
AT4G20960.1,Cytidine/deoxycytidylate deaminase family protein
AT3G47070.1,"LOCATED IN: thylakoid, chloroplast thylakoid membrane, chloroplast, chloroplast envelope;EXPRESSED IN: 22 plant structures;EXPRESSED DURING: 13 growth stages;CONTAINS InterPro DOMAIN/s: Thylakoid soluble phosphoprotein TSP9 (InterPro:IPR021584);Has 37 Blast hits to 37 proteins in 10 species: Archae - 0;Bacteria - 0;Metazoa - 0;Fungi - 0;Plants - 37;Viruses - 0;Other Eukaryotes - 0 (source: NCBI BLink)."
AT1G15710.1,prephenate dehydrogenase family protein
AT3G52400.1,syntaxin of plants 122
AT3G46630.1,Protein of unknown function (DUF3223)
AT4G25450.1;AT4G25450.3,non-intrinsic ABC protein 8
AT4G11010.1,nucleoside diphosphate kinase 3
AT1G75300.1,NmrA-like negative transcriptional regulator family protein
AT4G21105.1;AT4G21105.2,cytochrome-c oxidases;electron carriers;cytochrome-c oxidases;electron carriers
AT3G19130.1,RNA-binding protein 47B
AT5G16760.1,"Inositol 1,3,4-trisphosphate 5/6-kinase family protein"
AT4G33400.1,"Vacuolar import/degradation, Vid27-related protein"
AT5G49880.1,mitotic checkpoint family protein
AT1G21720.1,proteasome beta subunit C1
AT2G32500.1,Stress responsive alpha-beta barrel domain protein
AT5G63890.1;AT5G63890.2,histidinol dehydrogenase
AT3G13560.1;AT3G13560.2;AT3G13560.3,O-Glycosyl hydrolases family 17 protein
AT3G11770.1,"Polynucleotidyl transferase, ribonuclease H-like superfamily protein"
AT1G63160.1,replication factor C 2
AT1G73180.1;AT1G73180.2,Eukaryotic translation initiation factor eIF2A family protein
AT5G56600.1;AT5G56600.2,profilin 3
AT1G72640.2,NAD(P)-binding Rossmann-fold superfamily protein
AT1G48160.1,"signal recognition particle 19 kDa protein, putative / SRP19, putative"
AT5G07360.1;AT5G07360.2,Amidase family protein
AT5G24350.1;AT5G24350.2,CONTAINS InterPro DOMAIN/s: Secretory pathway Sec39 (InterPro:IPR013244);Has 1807 Blast hits to 1807 proteins in 277 species: Archae - 0;Bacteria - 0;Metazoa - 736;Fungi - 347;Plants - 385;Viruses - 0;Other Eukaryotes - 339 (source: NCBI BLink).;FUNCTIONS IN: molecular_function unknown;INVOLVED IN: biological_process unknown;LOCATED IN: cellular_component unknown;EXPRESSED IN: 23 plant structures;EXPRESSED DURING: 13 growth stages;CONTAINS InterPro DOMAIN/s: Secretory pathway Sec39 (InterPro:IPR013244).
AT1G07920.1;AT1G07930.1;AT1G07940.1;AT1G07940.2;AT5G60390.1;AT5G60390.3,GTP binding Elongation factor Tu family protein
AT4G32190.1,Myosin heavy chain-related protein
AT1G33810.1,"unknown protein;FUNCTIONS IN: molecular_function unknown;INVOLVED IN: biological_process unknown;LOCATED IN: chloroplast thylakoid membrane, chloroplast, chloroplast envelope;EXPRESSED IN: 22 plant structures;EXPRESSED DURING: 13 growth stages;Has 39 Blast hits to 39 proteins in 18 species: Archae - 0;Bacteria - 0;Metazoa - 0;Fungi - 0;Plants - 39;Viruses - 0;Other Eukaryotes - 0 (source: NCBI BLink)."
AT1G71480.1,Nuclear transport factor 2 (NTF2) family protein
AT5G03340.1,"ATPase, AAA-type, CDC48 protein"
AT4G12060.1,Double Clp-N motif protein
AT3G23300.1,S-adenosyl-L-methionine-dependent methyltransferases superfamily protein
AT1G27950.1,glycosylphosphatidylinositol-anchored lipid protein transfer 1
AT1G49780.1;AT3G19380.1,plant U-box 26;plant U-box 25
AT2G32540.1,cellulose synthase-like B4
AT5G58290.1,regulatory particle triple-A ATPase 3
AT3G03150.1,unknown protein;FUNCTIONS IN: molecular_function unknown;INVOLVED IN: biological_process unknown;LOCATED IN: mitochondrion;EXPRESSED IN: 22 plant structures;EXPRESSED DURING: 13 growth stages;BEST Arabidopsis thaliana protein match is: unknown protein (TAIR:AT5G17165.1);Has 39 Blast hits to 39 proteins in 11 species: Archae - 0;Bacteria - 0;Metazoa - 0;Fungi - 0;Plants - 39;Viruses - 0;Other Eukaryotes - 0 (source: NCBI BLink).
AT1G18630.1,glycine-rich RNA-binding protein 6
AT1G20370.1,Pseudouridine synthase family protein
AT1G28600.1,GDSL-like Lipase/Acylhydrolase superfamily protein
AT1G70570.1,"anthranilate phosphoribosyltransferase, putative"
AT2G30880.1,Pleckstrin homology (PH) domain-containing protein
AT3G13920.1,eukaryotic translation initiation factor 4A1
AT3G08530.1,"Clathrin, heavy chain"
AT2G44650.1,chloroplast chaperonin 10
AT2G43060.1,ILI1 binding bHLH 1
AT2G45540.1,WD-40 repeat family protein / beige-related
AT5G48930.1,hydroxycinnamoyl-CoA shikimate/quinate hydroxycinnamoyl transferase
AT2G21860.1,violaxanthin de-epoxidase-related
AT3G61480.1;AT5G28350.1;AT5G28350.2,"Quinoprotein amine dehydrogenase, beta chain-like;RIC1-like guanyl-nucleotide exchange factor;Quinoprotein amine dehydrogenase, beta chain-like;RIC1-like guanyl-nucleotide exchange factor;Quinoprotein amine dehydrogenase, beta chain-like;RIC1-like guanyl-nucleotide exchange factor"
AT5G44320.1,Eukaryotic translation initiation factor 3 subunit 7 (eIF-3)
AT3G07680.1,emp24/gp25L/p24 family/GOLD family protein
AT5G13410.1,FKBP-like peptidyl-prolyl cis-trans isomerase family protein
AT1G35580.1;AT1G35580.2,cytosolic invertase 1
AT5G26860.1,lon protease 1
AT5G59730.1;AT5G59730.2,exocyst subunit exo70 family protein H7
AT5G04140.1,glutamate synthase 1
AT3G55630.1;AT3G55630.3,DHFS-FPGS homolog D
AT1G09100.1,26S proteasome AAA-ATPase subunit RPT5B
AT5G60600.1,4-hydroxy-3-methylbut-2-enyl diphosphate synthase
AT5G15270.1;AT5G15270.2,RNA-binding KH domain-containing protein
AT3G62020.1;AT3G62020.2,germin-like protein 10
AT1G64980.1,Nucleotide-diphospho-sugar transferases superfamily protein
AT5G03490.1,UDP-Glycosyltransferase superfamily protein
AT1G73060.1,Low  PSII Accumulation 3
AT4G00560.1;AT4G00560.4,NAD(P)-binding Rossmann-fold superfamily protein
AT4G10750.1,Phosphoenolpyruvate carboxylase family protein
AT5G03650.1,starch branching enzyme 2.2
AT5G45550.1,Mob1/phocein family protein
AT1G52570.1,phospholipase D alpha 2
AT1G22630.1,unknown protein;LOCATED IN: chloroplast;EXPRESSED IN: 21 plant structures;EXPRESSED DURING: 13 growth stages;Has 87 Blast hits to 86 proteins in 34 species: Archae - 0;Bacteria - 13;Metazoa - 27;Fungi - 0;Plants - 40;Viruses - 0;Other Eukaryotes - 7 (source: NCBI BLink).
ATCG00500.1,acetyl-CoA carboxylase carboxyl transferase subunit beta
AT1G64550.1,general control non-repressible 3
AT3G54360.1,zinc ion binding
AT3G19820.1;AT3G19820.2;AT3G19820.3,cell elongation protein / DWARF1 / DIMINUTO (DIM)
AT5G19840.1;AT5G19840.2,2-oxoglutarate (2OG) and Fe(II)-dependent oxygenase superfamily protein
AT5G63640.1,ENTH/VHS/GAT family protein
AT1G66530.1,"Arginyl-tRNA synthetase, class Ic"
AT4G17890.1,ARF-GAP domain 8
AT2G29960.1;AT2G29960.2,cyclophilin 5
AT3G27890.1,NADPH:quinone oxidoreductase
AT1G64520.1,regulatory particle non-ATPase 12A
AT1G18070.1;AT1G18070.2;AT1G18070.3,Translation elongation factor EF1A/initiation factor IF2gamma family protein
AT5G05730.1,anthranilate synthase alpha subunit 1
AT5G10470.1,kinesin like protein for actin based chloroplast movement 1
AT3G20720.1;AT3G20720.2,unknown protein;Has 184 Blast hits to 181 proteins in 66 species: Archae - 0;Bacteria - 2;Metazoa - 137;Fungi - 0;Plants - 40;Viruses - 0;Other Eukaryotes - 5 (source: NCBI BLink).;unknown protein;FUNCTIONS IN: molecular_function unknown;INVOLVED IN: biological_process unknown;EXPRESSED IN: 22 plant structures;EXPRESSED DURING: 13 growth stages.
AT1G15270.1,Translation machinery associated TMA7
AT3G03490.1,peroxin 19-1
AT5G44720.1,Molybdenum cofactor sulfurase family protein
AT3G56310.1,Melibiase family protein
AT1G05010.1,ethylene-forming enzyme
AT5G55130.1;AT5G55130.2,"co-factor for nitrate, reductase and xanthine dehydrogenase 5;co-factor for nitrate, reductase and xanthine dehydrogenase 5"
AT2G02740.1;AT2G02740.2,ssDNA-binding transcriptional regulator
AT1G20560.1,acyl activating enzyme 1
AT3G24503.1,aldehyde dehydrogenase 2C4
AT5G03160.1,homolog of mamallian P58IPK
AT5G46860.1,Syntaxin/t-SNARE family protein
AT5G22650.1;AT5G22650.2,histone deacetylase 2B
AT1G18870.1;AT1G18870.2,isochorismate synthase 2
AT3G09840.1,cell division cycle 48
AT1G50030.1;AT1G50030.2,target of rapamycin
AT2G20890.1,photosystem II reaction center PSB29 protein
AT3G22480.1;AT3G22480.2,prefoldin 2
AT4G34570.1,thymidylate synthase 2
AT2G19860.1;AT2G19860.2,hexokinase 2
AT1G48350.1,Ribosomal L18p/L5e family protein
AT1G78680.1;AT1G78680.2,gamma-glutamyl hydrolase 2
AT4G08900.1,arginase
AT5G27380.1,glutathione synthetase 2
AT3G53610.1;AT3G53610.2;AT3G53610.3,RAB GTPase homolog 8
AT1G14650.1;AT1G14650.2,SWAP (Suppressor-of-White-APricot)/surp domain-containing protein / ubiquitin family protein
AT5G63180.1,Pectin lyase-like superfamily protein
AT3G03890.1;AT3G03890.2,FMN binding
AT5G28750.1,Bacterial sec-independent translocation protein mttA/Hcf106
AT1G76150.1,enoyl-CoA hydratase 2
AT3G51780.1,BCL-2-associated athanogene 4
AT2G24270.1;AT2G24270.2;AT2G24270.3;AT2G24270.4,aldehyde dehydrogenase 11A3
AT4G33050.2;AT4G33050.3,calmodulin-binding family protein
AT1G75460.1,ATP-dependent protease La (LON) domain protein
AT1G74960.1;AT1G74960.2;AT1G74960.3,fatty acid biosynthesis 1
AT3G44530.1;AT3G44530.2,homolog of histone chaperone HIRA
AT3G04870.1;AT3G04870.2,zeta-carotene desaturase
AT1G54270.1,eif4a-2
AT1G68790.1,little nuclei3
AT5G06060.1,NAD(P)-binding Rossmann-fold superfamily protein
AT2G35410.1,RNA-binding (RRM/RBD/RNP motifs) family protein
AT2G30860.1,glutathione S-transferase PHI 9
AT1G20450.1;AT1G20450.2,Dehydrin family protein
AT1G11650.2,RNA-binding (RRM/RBD/RNP motifs) family protein
AT1G65270.1;AT1G65270.2;AT1G65270.3,"unknown protein;FUNCTIONS IN: molecular_function unknown;INVOLVED IN: biological_process unknown;LOCATED IN: endoplasmic reticulum, plasma membrane;EXPRESSED IN: 24 plant structures;EXPRESSED DURING: 13 growth stages;Has 149 Blast hits to 149 proteins in 49 species: Archae - 0;Bacteria - 0;Metazoa - 98;Fungi - 0;Plants - 47;Viruses - 0;Other Eukaryotes - 4 (source: NCBI BLink).;unknown protein;FUNCTIONS IN: molecular_function unknown;INVOLVED IN: biological_process unknown;LOCATED IN: endoplasmic reticulum, plasma membrane;EXPRESSED IN: 24 plant structures;EXPRESSED DURING: 13 growth stages;Has 149 Blast hits to 149 proteins in 49 species: Archae - 0;Bacteria - 0;Metazoa - 98;Fungi - 0;Plants - 47;Viruses - 0;Other Eukaryotes - 4 (source: NCBI BLink).;unknown protein;FUNCTIONS IN: molecular_function unknown;INVOLVED IN: biological_process unknown;LOCATED IN: endoplasmic reticulum, plasma membrane;EXPRESSED IN: 24 plant structures;EXPRESSED DURING: 13 growth stages;Has 35333 Blast hits to 34131 proteins in 2444 species: Archae - 798;Bacteria - 22429;Metazoa - 974;Fungi - 991;Plants - 531;Viruses - 0;Other Eukaryotes - 9610 (source: NCBI BLink)."
AT5G56260.1,Ribonuclease E inhibitor RraA/Dimethylmenaquinone methyltransferase
AT2G26670.1,Plant haem oxygenase (decyclizing) family protein
AT4G33010.1,glycine decarboxylase P-protein 1
AT3G19720.1,P-loop containing nucleoside triphosphate hydrolases superfamily protein
AT5G66860.1,"Ribosomal protein L25/Gln-tRNA synthetase, anti-codon-binding domain"
AT5G21160.1;AT5G21160.2;AT5G21160.3,LA RNA-binding protein
AT2G22300.1;AT2G22300.2,signal responsive 1
AT5G35630.1;AT5G35630.2;AT5G35630.3,glutamine synthetase 2
AT5G10160.1,Thioesterase superfamily protein
AT2G46280.1;AT2G46280.2,TGF-beta receptor interacting protein 1
AT4G24800.1;AT4G24800.2;AT4G24800.3,MA3 domain-containing protein
AT1G13730.1,Nuclear transport factor 2 (NTF2) family protein with RNA binding (RRM-RBD-RNP motifs) domain
AT5G03420.1,5'-AMP-activated protein kinase-related
AT5G15350.1,early nodulin-like protein 17
AT3G10920.1,manganese superoxide dismutase 1
AT5G65720.1,nitrogen fixation S (NIFS)-like 1
AT5G17510.1,unknown protein;BEST Arabidopsis thaliana protein match is: unknown protein (TAIR:AT3G03460.1);Has 1807 Blast hits to 1807 proteins in 277 species: Archae - 0;Bacteria - 0;Metazoa - 736;Fungi - 347;Plants - 385;Viruses - 0;Other Eukaryotes - 339 (source: NCBI BLink).
AT1G02280.1;AT1G02280.2,translocon at the outer envelope membrane of chloroplasts 33
AT5G66550.1,Maf-like protein
AT4G10840.1,Tetratricopeptide repeat (TPR)-like superfamily protein
AT4G05530.1,indole-3-butyric acid response 1
AT5G14220.1,Flavin containing amine oxidoreductase family
AT4G27430.1;AT4G27430.2,COP1-interacting protein 7
AT4G31700.1,ribosomal protein S6
AT5G27600.1,long-chain acyl-CoA synthetase 7
AT4G33650.1;AT4G33650.2,dynamin-related protein 3A
AT1G61870.1,pentatricopeptide repeat 336
AT1G69800.1;AT1G69800.2,Cystathionine beta-synthase (CBS) protein
AT1G18450.1,actin-related protein 4
AT3G05180.1,GDSL-like Lipase/Acylhydrolase superfamily protein
AT3G07480.1,2Fe-2S ferredoxin-like superfamily protein
AT2G32730.1,"26S proteasome regulatory complex, non-ATPase subcomplex, Rpn2/Psmd1 subunit"
AT5G64120.1,Peroxidase superfamily protein
AT1G74970.1,ribosomal protein S9
AT2G40510.1,Ribosomal protein S26e family protein
AT5G53180.1,polypyrimidine tract-binding protein 2
AT4G38460.1,geranylgeranyl reductase
AT5G38530.1,tryptophan synthase beta type 2
AT3G07690.1,6-phosphogluconate dehydrogenase family protein
AT1G50120.1,"FUNCTIONS IN: molecular_function unknown;INVOLVED IN: biological_process unknown;LOCATED IN: cellular_component unknown;EXPRESSED IN: 23 plant structures;EXPRESSED DURING: 13 growth stages;CONTAINS InterPro DOMAIN/s: Rgp1 (InterPro:IPR014848), Immunoglobulin E-set (InterPro:IPR014756);Has 144 Blast hits to 140 proteins in 61 species: Archae - 0;Bacteria - 0;Metazoa - 86;Fungi - 10;Plants - 39;Viruses - 0;Other Eukaryotes - 9 (source: NCBI BLink)."
AT2G21590.1;AT2G21590.2,Glucose-1-phosphate adenylyltransferase family protein
AT5G58420.1,Ribosomal protein S4 (RPS4A) family protein
AT2G38470.1,WRKY DNA-binding protein 33
AT2G04780.1;AT2G04780.2,FASCICLIN-like arabinoogalactan 7
AT3G47000.1,Glycosyl hydrolase family protein
AT3G46100.1,Histidyl-tRNA synthetase 1
AT5G16730.1,Plant protein of unknown function (DUF827)
AT1G79830.1;AT1G79830.2;AT1G79830.3;AT1G79830.4,golgin candidate 5
AT1G29660.1,GDSL-like Lipase/Acylhydrolase superfamily protein
AT1G06210.1,ENTH/VHS/GAT family protein
AT1G31500.1;AT1G31500.2;AT1G31500.3;AT1G31500.4,DNAse I-like superfamily protein
AT1G13870.1,calmodulin binding;purine nucleotide binding
AT3G07090.1,PPPDE putative thiol peptidase family protein
AT1G10630.1;AT1G23490.1;AT1G70490.1;AT1G70490.2;AT1G70490.3;AT2G47170.1;AT3G62290.1;AT3G62290.2;AT3G62290.3;AT5G14670.1,ADP-ribosylation factor A1F;ADP-ribosylation factor 1;Ras-related small GTP-binding family protein;Ras-related small GTP-binding family protein;Ras-related small GTP-binding family protein;Ras-related small GTP-binding family protein;ADP-ribosylation factor A1E;ADP-ribosylation factor A1E;ADP-ribosylation factor A1E;ADP-ribosylation factor A1B
AT1G26220.1,Acyl-CoA N-acyltransferases (NAT) superfamily protein
AT2G31880.1,Leucine-rich repeat protein kinase family protein
AT4G38020.1,tRNA/rRNA methyltransferase (SpoU) family protein
AT3G13290.1,varicose-related
AT4G04950.1,thioredoxin family protein
AT5G03280.1,NRAMP metal ion transporter family protein
AT5G13510.1,Ribosomal protein L10 family protein
AT3G51840.1,acyl-CoA oxidase 4
AT1G01710.1,Acyl-CoA thioesterase family protein
AT4G36680.1,Tetratricopeptide repeat (TPR)-like superfamily protein
AT3G56720.1;AT3G56720.2,unknown protein;Has 6239 Blast hits to 4635 proteins in 365 species: Archae - 6;Bacteria - 230;Metazoa - 3389;Fungi - 659;Plants - 656;Viruses - 13;Other Eukaryotes - 1286 (source: NCBI BLink).;unknown protein;FUNCTIONS IN: molecular_function unknown;INVOLVED IN: biological_process unknown;LOCATED IN: cellular_component unknown;EXPRESSED IN: 24 plant structures;EXPRESSED DURING: 15 growth stages.
AT2G14835.1;AT2G14835.2,RING/U-box superfamily protein
AT2G46090.1,Diacylglycerol kinase family protein
AT4G10060.1,"Beta-glucosidase, GBA2 type family protein"
AT3G54050.1;AT3G54050.2,high cyclic electron flow 1
AT2G45240.1,methionine aminopeptidase 1A
AT3G24315.1,Sec20 family protein
AT4G01850.1;AT4G01850.2,S-adenosylmethionine synthetase 2
AT1G70830.1,MLP-like protein 28
AT3G01920.1,DHBP synthase RibB-like alpha/beta domain
AT3G17210.1,heat stable protein 1
AT5G44600.1,S-adenosyl-L-methionine-dependent methyltransferases superfamily protein
AT5G42970.1,Proteasome component (PCI) domain protein
AT3G52430.1,alpha/beta-Hydrolases superfamily protein
AT1G33780.1,Protein of unknown function (DUF179)
AT1G06950.1,translocon at the inner envelope membrane of chloroplasts 110
AT4G14210.1;AT4G14210.2,phytoene desaturase 3
AT5G18400.1;AT5G18400.2;AT5G18400.3,"Cytokine-induced anti-apoptosis inhibitor 1, Fe-S biogenesis;Cytokine-induced anti-apoptosis inhibitor 1, Fe-S biogenesis;Cytokine-induced anti-apoptosis inhibitor 1, Fe-S biogenesis"
AT1G53750.1,regulatory particle triple-A 1A
AT4G26480.1,RNA-binding KH domain-containing protein
AT1G31817.1,Ribosomal L18p/L5e family protein
AT3G58140.1,phenylalanyl-tRNA synthetase class IIc family protein
AT2G23740.1;AT2G23740.2,nucleic acid binding;sequence-specific DNA binding transcription factors;zinc ion binding;nucleic acid binding;sequence-specific DNA binding transcription factors;zinc ion binding
AT5G63880.1;AT5G63880.2,SNF7 family protein
AT4G15130.1,phosphorylcholine cytidylyltransferase2
AT5G02530.1;AT5G02530.2,RNA-binding (RRM/RBD/RNP motifs) family protein
AT5G04560.1;AT5G04560.2,HhH-GPD base excision DNA repair family protein
AT5G20010.1,RAS-related nuclear protein-1
AT5G47870.1,FUNCTIONS IN: molecular_function unknown;INVOLVED IN: biological_process unknown;LOCATED IN: chloroplast;EXPRESSED IN: 22 plant structures;EXPRESSED DURING: 13 growth stages;BEST Arabidopsis thaliana protein match is: cobalt ion binding (TAIR:AT1G71310.1);Has 1807 Blast hits to 1807 proteins in 277 species: Archae - 0;Bacteria - 0;Metazoa - 736;Fungi - 347;Plants - 385;Viruses - 0;Other Eukaryotes - 339 (source: NCBI BLink).
AT2G24490.1;AT2G24490.2,replicon protein A2
AT5G41210.1,glutathione S-transferase THETA 1
AT2G19740.1;AT4G26230.1;AT5G56710.1,Ribosomal protein L31e family protein
AT2G39470.1;AT2G39470.2,PsbP-like protein 2
AT5G11030.1;AT5G11030.2;AT5G11030.3,aberrant lateral root formation 4
AT5G64620.1,cell wall / vacuolar inhibitor of fructosidase 2
AT5G57020.1,myristoyl-CoA:protein N-myristoyltransferase
AT4G02570.1;AT4G02570.2;AT4G02570.3;AT4G02570.4,cullin 1
AT1G24310.1,unknown protein;FUNCTIONS IN: molecular_function unknown;INVOLVED IN: biological_process unknown;LOCATED IN: nucleolus;EXPRESSED IN: 20 plant structures;EXPRESSED DURING: 13 growth stages;Has 2922 Blast hits to 2454 proteins in 263 species: Archae - 0;Bacteria - 57;Metazoa - 1043;Fungi - 654;Plants - 388;Viruses - 11;Other Eukaryotes - 769 (source: NCBI BLink).
AT1G75280.1,NmrA-like negative transcriptional regulator family protein
AT5G13010.1,RNA helicase family protein
AT1G62540.1,flavin-monooxygenase glucosinolate S-oxygenase 2
AT4G31390.1,Protein kinase superfamily protein
AT2G30520.1,Phototropic-responsive NPH3 family protein
AT2G27020.1,20S proteasome alpha subunit G1
AT5G65220.1,Ribosomal L29 family protein
AT5G13420.1,Aldolase-type TIM barrel family protein
AT3G55290.2,NAD(P)-binding Rossmann-fold superfamily protein
AT5G15450.1,casein lytic proteinase B3
AT3G16780.1,Ribosomal protein L19e family protein
AT3G13460.1,evolutionarily conserved C-terminal region 2
AT4G20850.1,tripeptidyl peptidase ii
AT3G45620.1;AT3G45620.2,Transducin/WD40 repeat-like superfamily protein
AT2G35010.1;AT2G35010.2,thioredoxin O1
AT5G51110.1;AT5G51110.2,Transcriptional coactivator/pterin dehydratase
AT2G46910.1,Plastid-lipid associated protein PAP / fibrillin family protein
AT5G44130.1,FASCICLIN-like arabinogalactan protein 13 precursor
AT5G23900.1,Ribosomal protein L13e family protein
AT5G42080.1,dynamin-like protein
AT3G06770.2,Pectin lyase-like superfamily protein
AT5G18660.1,NAD(P)-binding Rossmann-fold superfamily protein
AT1G08980.1,amidase 1
AT1G09760.1,U2 small nuclear ribonucleoprotein A
AT3G63130.1;AT3G63130.2,RAN GTPase activating protein 1
AT3G06650.1,ATP-citrate lyase B-1
AT1G29150.1,non-ATPase subunit 9
AT2G22500.1,uncoupling protein 5
AT2G47380.1,Cytochrome c oxidase subunit Vc family protein
AT5G42890.1,sterol carrier protein 2
AT1G03900.1,non-intrinsic ABC protein 4
AT2G38560.1,transcript elongation factor IIS
AT1G07470.1;AT1G07480.1;AT1G07480.2,"Transcription factor IIA, alpha/beta subunit;Transcription factor IIA, alpha/beta subunit;Transcription factor IIA, alpha/beta subunit"
AT5G35700.1,fimbrin-like protein 2
AT3G62120.1;AT3G62120.2,Class II aaRS and biotin synthetases superfamily protein
AT1G01960.1,SEC7-like guanine nucleotide exchange family protein
AT1G79930.1;AT1G79930.2,heat shock protein 91
AT3G07565.1;AT3G07565.2;AT3G07565.3;AT3G07565.4,Protein of unknown function (DUF3755)
AT5G08160.1,serine/threonine protein kinase 3
AT5G04280.1,RNA-binding (RRM/RBD/RNP motifs) family protein with retrovirus zinc finger-like domain
AT1G68010.1,hydroxypyruvate reductase
AT3G43300.2,HOPM interactor 7
AT2G07360.1;AT2G07360.2,SH3 domain-containing protein
AT4G17140.1;AT4G17140.2;AT4G17140.3,pleckstrin homology (PH) domain-containing protein
AT2G21470.1;AT2G21470.3,SUMO-activating enzyme 2
AT5G59290.1;AT5G59290.2,UDP-glucuronic acid decarboxylase 3
AT4G09750.1,NAD(P)-binding Rossmann-fold superfamily protein
AT5G42220.1,Ubiquitin-like superfamily protein
AT1G03860.1;AT1G03860.3,prohibitin 2
AT4G13200.1,"unknown protein;FUNCTIONS IN: molecular_function unknown;INVOLVED IN: biological_process unknown;LOCATED IN: thylakoid, chloroplast thylakoid membrane, chloroplast, plastoglobule;EXPRESSED IN: 22 plant structures;EXPRESSED DURING: 13 growth stages;Has 97 Blast hits to 97 proteins in 46 species: Archae - 0;Bacteria - 65;Metazoa - 2;Fungi - 0;Plants - 28;Viruses - 0;Other Eukaryotes - 2 (source: NCBI BLink)."
AT5G27390.1,Mog1/PsbP/DUF1795-like photosystem II reaction center PsbP family protein
AT4G14540.1,"nuclear factor Y, subunit B3"
AT1G76450.1,Photosystem II reaction center PsbP family protein
AT5G57870.1;AT5G57870.2,MIF4G domain-containing protein / MA3 domain-containing protein
AT1G19580.1,gamma carbonic anhydrase 1
AT4G24290.2,MAC/Perforin domain-containing protein
AT2G45300.1,"RNA 3'-terminal phosphate cyclase/enolpyruvate transferase, alpha/beta"
AT3G52930.1,Aldolase superfamily protein
AT1G53280.1,Class I glutamine amidotransferase-like superfamily protein
AT4G03080.1,BRI1 suppressor 1 (BSU1)-like 1
AT2G39840.1,type one serine/threonine protein phosphatase 4
AT1G31180.1,isopropylmalate dehydrogenase 3
AT5G14790.1,ARM repeat superfamily protein
AT2G40300.1,ferritin 4
AT4G34730.1,ribosome-binding factor A family protein
AT5G54600.1,Translation protein SH3-like family protein
AT4G31530.1,NAD(P)-binding Rossmann-fold superfamily protein
AT3G27740.1,carbamoyl phosphate synthetase A
AT1G76110.1,HMG (high mobility group) box protein with ARID/BRIGHT DNA-binding domain
AT4G10710.1,global transcription factor C
AT5G08470.1,peroxisome 1
AT3G54470.1,uridine 5'-monophosphate synthase / UMP synthase (PYRE-F) (UMPS)
AT5G64220.1;AT5G64220.2,Calmodulin-binding transcription activator protein with CG-1 and Ankyrin domains
AT2G44760.1,Domain of unknown function (DUF3598)
AT3G49560.1,Mitochondrial import inner membrane translocase subunit Tim17/Tim22/Tim23 family protein
AT5G49910.1,chloroplast heat shock protein 70-2
AT5G54310.1,ARF-GAP domain 5
AT5G64180.1,unknown protein;Has 1807 Blast hits to 1807 proteins in 277 species: Archae - 0;Bacteria - 0;Metazoa - 736;Fungi - 347;Plants - 385;Viruses - 0;Other Eukaryotes - 339 (source: NCBI BLink).
AT1G11840.1;AT1G11840.2;AT1G11840.3;AT1G11840.4;AT1G11840.6,glyoxalase I homolog
AT5G05000.1;AT5G05000.2;AT5G05000.3,translocon at the outer envelope membrane of chloroplasts 34
AT3G02870.1,Inositol monophosphatase family protein
ATCG00800.1,structural constituent of ribosome
AT3G06720.1;AT3G06720.2,importin alpha isoform 1
AT1G13320.1;AT1G13320.3,protein phosphatase 2A  subunit A3
AT3G10580.1;AT3G10580.2,Homeodomain-like superfamily protein
AT4G12730.1,FASCICLIN-like arabinogalactan 2
AT1G14380.1;AT1G14380.3,IQ-domain 28
AT4G38130.1,histone deacetylase 1
AT2G05830.1,NagB/RpiA/CoA transferase-like superfamily protein
AT4G31480.1;AT4G31480.2,"Coatomer, beta subunit;Coatomer, beta subunit"
AT1G68310.2,Protein of unknown function (DUF59)
AT1G65660.1,Pre-mRNA splicing Prp18-interacting factor
AT1G31812.1,acyl-CoA-binding protein 6
AT1G32580.1,"plastid developmental protein DAG, putative"
AT2G41900.1,CCCH-type zinc finger protein with ARM repeat domain
AT3G51460.1,Phosphoinositide phosphatase family protein
AT2G26060.1,Transducin/WD40 repeat-like superfamily protein
AT5G02310.1,proteolysis 6
AT5G53480.1,ARM repeat superfamily protein
AT1G13750.1,Purple acid phosphatases superfamily protein
AT5G64440.1,fatty acid amide hydrolase
AT1G12920.1,eukaryotic release factor 1-2
AT1G27090.1,glycine-rich protein
AT2G25350.1,Phox (PX) domain-containing protein
AT3G16640.1,translationally controlled tumor protein
AT5G22950.1,SNF7 family protein
AT4G08790.1,Nitrilase/cyanide hydratase and apolipoprotein N-acyltransferase family protein
AT3G50740.1,UDP-glucosyl transferase 72E1
AT5G35100.1,Cyclophilin-like peptidyl-prolyl cis-trans isomerase family protein
AT3G20810.1;AT3G20810.2;AT3G20810.3,2-oxoglutarate (2OG) and Fe(II)-dependent oxygenase superfamily protein
AT2G36390.1,starch branching enzyme 2.1
AT4G34920.1,PLC-like phosphodiesterases superfamily protein
AT4G01290.1;AT4G01290.2,unknown protein;FUNCTIONS IN: molecular_function unknown;INVOLVED IN: biological_process unknown;LOCATED IN: cellular_component unknown;EXPRESSED IN: 24 plant structures;EXPRESSED DURING: 15 growth stages;Has 1744 Blast hits to 1308 proteins in 219 species: Archae - 0;Bacteria - 241;Metazoa - 793;Fungi - 253;Plants - 108;Viruses - 0;Other Eukaryotes - 349 (source: NCBI BLink).;unknown protein;FUNCTIONS IN: molecular_function unknown;INVOLVED IN: biological_process unknown;LOCATED IN: cellular_component unknown;EXPRESSED IN: 24 plant structures;EXPRESSED DURING: 15 growth stages;Has 1797 Blast hits to 1352 proteins in 216 species: Archae - 0;Bacteria - 202;Metazoa - 850;Fungi - 267;Plants - 109;Viruses - 0;Other Eukaryotes - 369 (source: NCBI BLink).
AT5G60170.1;AT5G60170.2,RNA binding (RRM/RBD/RNP motifs) family protein
AT1G36180.1,acetyl-CoA carboxylase 2
AT1G55480.1,"protein containing PDZ domain, a K-box domain, and a TPR region"
AT5G42850.1;AT5G42850.2,Thioredoxin superfamily protein
AT1G30580.1,GTP binding
AT1G14410.1,ssDNA-binding transcriptional regulator
AT5G44200.1;AT5G44200.2,CAP-binding protein 20
AT1G33610.1,Leucine-rich repeat (LRR) family protein
AT3G46970.1,alpha-glucan phosphorylase 2
AT3G02630.1,Plant stearoyl-acyl-carrier-protein desaturase family protein
AT1G78870.2,ubiquitin-conjugating enzyme 35
AT3G60240.3;AT3G60240.4,eukaryotic translation initiation factor 4G
AT5G57610.1,Protein kinase superfamily protein with octicosapeptide/Phox/Bem1p domain
AT4G28470.1,26S proteasome regulatory subunit S2 1B
AT3G60860.1,SEC7-like guanine nucleotide exchange family protein
AT2G33470.1;AT2G33470.2,glycolipid transfer protein 1
AT5G58490.1,NAD(P)-binding Rossmann-fold superfamily protein
AT4G26840.1,small ubiquitin-like modifier 1
AT4G23620.1;AT4G23620.2,"Ribosomal protein L25/Gln-tRNA synthetase, anti-codon-binding domain;Ribosomal protein L25/Gln-tRNA synthetase, anti-codon-binding domain"
AT5G17050.1,UDP-glucosyl transferase 78D2
AT2G35840.1;AT2G35840.2;AT2G35840.3,Sucrose-6F-phosphate phosphohydrolase family protein
AT3G19420.1,PTEN 2
AT3G58580.1,DNAse I-like superfamily protein
AT2G34420.1,photosystem II light harvesting complex gene B1B2
AT3G07750.1;AT3G07750.2,3'-5'-exoribonuclease family protein
AT3G03100.1,"NADH:ubiquinone oxidoreductase, 17.2kDa subunit"
AT5G03690.1,Aldolase superfamily protein
AT1G75350.1,Ribosomal protein L31
AT2G13360.1;AT2G13360.2,alanine:glyoxylate aminotransferase
AT4G35890.1,winged-helix DNA-binding transcription factor family protein
AT5G64740.1,cellulose synthase 6
AT1G73110.1,P-loop containing nucleoside triphosphate hydrolases superfamily protein
AT4G29260.1,"HAD superfamily, subfamily IIIB acid phosphatase"
AT3G52750.1,Tubulin/FtsZ family protein
AT2G40660.1,"Nucleic acid-binding, OB-fold-like protein"
AT4G10790.1,UBX domain-containing protein
AT2G02790.1,IQ-domain 29
AT4G19490.1;AT4G19490.2,VPS54
AT1G79010.1,Alpha-helical ferredoxin
AT5G01410.1,Aldolase-type TIM barrel family protein
AT4G29840.1,Pyridoxal-5'-phosphate-dependent enzyme family protein
AT3G47610.1,transcription regulators;zinc ion binding
AT1G13190.1,RNA-binding (RRM/RBD/RNP motifs) family protein
AT5G58440.1,sorting nexin 2A
AT5G14260.1;AT5G14260.2;AT5G14260.3,Rubisco methyltransferase family protein
AT1G78580.1,trehalose-6-phosphate synthase
AT1G75210.1,"HAD-superfamily hydrolase, subfamily IG, 5'-nucleotidase"
AT1G05190.1,Ribosomal protein L6 family
AT5G17230.1;AT5G17230.2;AT5G17230.3,PHYTOENE SYNTHASE
AT5G49210.1;AT5G49210.2,unknown protein;Has 3675 Blast hits to 2315 proteins in 312 species: Archae - 2;Bacteria - 342;Metazoa - 1190;Fungi - 281;Plants - 114;Viruses - 4;Other Eukaryotes - 1742 (source: NCBI BLink).;unknown protein;Has 30201 Blast hits to 17322 proteins in 780 species: Archae - 12;Bacteria - 1396;Metazoa - 17338;Fungi - 3422;Plants - 5037;Viruses - 0;Other Eukaryotes - 2996 (source: NCBI BLink).
AT1G63660.1,"GMP synthase (glutamine-hydrolyzing), putative / glutamine amidotransferase, putative"
AT5G09900.1;AT5G09900.2,"26S proteasome regulatory subunit, putative (RPN5);26S proteasome regulatory subunit, putative (RPN5)"
AT5G62530.1,aldehyde dehydrogenase 12A1
AT3G52720.1,alpha carbonic anhydrase 1
AT1G76730.1,NagB/RpiA/CoA transferase-like superfamily protein
AT5G46960.1,Plant invertase/pectin methylesterase inhibitor superfamily protein
AT1G66070.1;AT1G66070.2,Translation initiation factor eIF3 subunit
AT1G29700.1,Metallo-hydrolase/oxidoreductase superfamily protein
AT4G30810.1,serine carboxypeptidase-like 29
AT1G11860.1;AT1G11860.2;AT1G11860.3,Glycine cleavage T-protein family
AT5G60960.1,Pentatricopeptide repeat (PPR) superfamily protein
AT1G48860.1;AT1G48860.2,"RNA 3'-terminal phosphate cyclase/enolpyruvate transferase, alpha/beta;RNA 3'-terminal phosphate cyclase/enolpyruvate transferase, alpha/beta"
AT2G38680.1,5'-nucleotidases;magnesium ion binding
AT1G53830.1,pectin methylesterase 2
AT1G49760.1;AT1G49760.2,poly(A) binding protein 8
AT3G49680.1;AT3G49680.2,branched-chain aminotransferase 3
AT4G37930.1,serine transhydroxymethyltransferase 1
AT5G52960.1,unknown protein;FUNCTIONS IN: molecular_function unknown;INVOLVED IN: biological_process unknown;LOCATED IN: chloroplast;EXPRESSED IN: 23 plant structures;EXPRESSED DURING: 13 growth stages;CONTAINS InterPro DOMAIN/s: Protein of unknown function DUF3143 (InterPro:IPR021489);Has 1807 Blast hits to 1807 proteins in 277 species: Archae - 0;Bacteria - 0;Metazoa - 736;Fungi - 347;Plants - 385;Viruses - 0;Other Eukaryotes - 339 (source: NCBI BLink).
AT5G20140.1,SOUL heme-binding family protein
AT4G03150.1,unknown protein;FUNCTIONS IN: molecular_function unknown;INVOLVED IN: biological_process unknown;LOCATED IN: chloroplast;EXPRESSED IN: 20 plant structures;EXPRESSED DURING: 13 growth stages;Has 30201 Blast hits to 17322 proteins in 780 species: Archae - 12;Bacteria - 1396;Metazoa - 17338;Fungi - 3422;Plants - 5037;Viruses - 0;Other Eukaryotes - 2996 (source: NCBI BLink).
AT1G76860.1,Small nuclear ribonucleoprotein family protein
AT3G55000.1,tonneau family protein
AT2G40880.1,cystatin A
AT3G53710.1;AT3G53710.2,ARF-GAP domain 6
AT4G27700.1,Rhodanese/Cell cycle control phosphatase superfamily protein
AT2G25060.1,early nodulin-like protein 14
AT5G20000.1,AAA-type ATPase family protein
AT5G02050.1,Mitochondrial glycoprotein family protein
AT5G02610.1;AT5G02610.2,Ribosomal L29 family protein
AT1G12360.1,Sec1/munc18-like (SM) proteins superfamily
AT1G31280.1,Argonaute family protein
AT2G26780.1,ARM repeat superfamily protein
AT5G02590.1,Tetratricopeptide repeat (TPR)-like superfamily protein
AT3G29360.1;AT3G29360.2,UDP-glucose 6-dehydrogenase family protein
AT1G35220.1,unknown protein;FUNCTIONS IN: molecular_function unknown;INVOLVED IN: biological_process unknown;LOCATED IN: cellular_component unknown;EXPRESSED IN: 22 plant structures;EXPRESSED DURING: 13 growth stages;Has 313 Blast hits to 185 proteins in 75 species: Archae - 0;Bacteria - 0;Metazoa - 200;Fungi - 0;Plants - 67;Viruses - 0;Other Eukaryotes - 46 (source: NCBI BLink).
AT3G59820.1,LETM1-like protein
AT1G56330.1,secretion-associated RAS 1B
AT1G76180.1;AT1G76180.2,Dehydrin family protein
AT4G36530.1;AT4G36530.2,alpha/beta-Hydrolases superfamily protein
AT1G16820.1;AT1G16820.2,vacuolar ATP synthase catalytic subunit-related / V-ATPase-related / vacuolar proton pump-related
AT1G78150.1;AT1G78150.2;AT1G78150.3,unknown protein;BEST Arabidopsis thaliana protein match is: unknown protein (TAIR:AT1G35780.1);Has 152 Blast hits to 146 proteins in 18 species: Archae - 0;Bacteria - 0;Metazoa - 1;Fungi - 2;Plants - 149;Viruses - 0;Other Eukaryotes - 0 (source: NCBI BLink).;unknown protein;BEST Arabidopsis thaliana protein match is: unknown protein (TAIR:AT1G35780.1);Has 35333 Blast hits to 34131 proteins in 2444 species: Archae - 798;Bacteria - 22429;Metazoa - 974;Fungi - 991;Plants - 531;Viruses - 0;Other Eukaryotes - 9610 (source: NCBI BLink).;unknown protein;FUNCTIONS IN: molecular_function unknown;INVOLVED IN: biological_process unknown;EXPRESSED IN: 23 plant structures;EXPRESSED DURING: 13 growth stages;BEST Arabidopsis thaliana protein match is: unknown protein (TAIR:AT1G35780.1).
AT5G13560.1,unknown protein;BEST Arabidopsis thaliana protein match is: unknown protein (TAIR:AT2G37370.1);Has 12055 Blast hits to 8846 proteins in 811 species: Archae - 217;Bacteria - 1046;Metazoa - 6104;Fungi - 1115;Plants - 528;Viruses - 14;Other Eukaryotes - 3031 (source: NCBI BLink).
AT1G12000.1,Phosphofructokinase family protein
AT1G56440.1;AT1G56440.2,Tetratricopeptide repeat (TPR)-like superfamily protein
AT2G25070.1,Protein phosphatase 2C family protein
AT3G04600.1;AT3G04600.3,Nucleotidylyl transferase superfamily protein
AT1G78280.1,"transferases, transferring glycosyl groups"
AT3G15660.1;AT3G15660.2,glutaredoxin 4
AT5G16970.1,alkenal reductase
AT5G50920.1,CLPC homologue 1
AT3G14100.1,RNA-binding (RRM/RBD/RNP motifs) family protein
AT3G02780.1,isopentenyl pyrophosphate:dimethylallyl pyrophosphate isomerase 2
AT4G31300.1;AT4G31300.2;AT4G31300.3,N-terminal nucleophile aminohydrolases (Ntn hydrolases) superfamily protein
AT1G07210.1,Ribosomal protein S18
AT5G63420.1,RNA-metabolising metallo-beta-lactamase family protein
AT1G02140.1,mago nashi family protein
AT1G50200.1,Alanyl-tRNA synthetase
AT3G60830.1,actin-related protein 7
AT5G51840.1,unknown protein;Has 30201 Blast hits to 17322 proteins in 780 species: Archae - 12;Bacteria - 1396;Metazoa - 17338;Fungi - 3422;Plants - 5037;Viruses - 0;Other Eukaryotes - 2996 (source: NCBI BLink).
AT4G29730.1,nucleosome/chromatin assembly factor group C5
AT3G13225.2,WW domain-containing protein
AT1G69530.1;AT1G69530.2;AT1G69530.3;AT1G69530.4;AT1G69530.5,expansin A1
AT1G30320.1,Remorin family protein
AT3G48140.1,B12D protein
AT3G49110.1,peroxidase CA
AT1G06570.1,phytoene desaturation 1
AT5G43320.1,casein kinase I-like 8
AT2G45630.2,D-isomer specific 2-hydroxyacid dehydrogenase family protein
AT5G45620.1,Proteasome component (PCI) domain protein
AT2G25110.1,stromal cell-derived factor 2-like protein precursor
AT1G33120.1;AT1G33140.1,Ribosomal protein L6 family
AT1G55490.1;AT1G55490.2,chaperonin 60 beta
AT1G52510.1,alpha/beta-Hydrolases superfamily protein
AT4G10450.1,Ribosomal protein L6 family
AT2G24940.1,membrane-associated progesterone binding protein 2
AT1G66430.1,pfkB-like carbohydrate kinase family protein
AT3G12600.1;AT3G12600.2,nudix hydrolase homolog 16
AT2G25910.1;AT2G25910.2,3'-5' exonuclease domain-containing protein / K homology domain-containing protein / KH domain-containing protein
AT3G48870.1;AT3G48870.2,Clp ATPase
AT5G06870.1,polygalacturonase inhibiting protein 2
AT2G31060.2,elongation factor family protein
AT5G34940.1;AT5G34940.2;AT5G34940.3,glucuronidase 3
AT4G28730.1,Glutaredoxin family protein
AT3G04260.1,plastid transcriptionally active 3
AT2G06050.1;AT2G06050.2;AT2G06050.3,oxophytodienoate-reductase 3
AT3G07230.1,wound-responsive protein-related
AT5G53850.2,haloacid dehalogenase-like hydrolase family protein
AT4G12910.1,serine carboxypeptidase-like 20
AT3G26710.1,cofactor assembly of complex C
AT3G28715.1,"ATPase, V0/A0 complex, subunit C/D"
AT5G18820.1,TCP-1/cpn60 chaperonin family protein
AT3G01560.1,Protein of unknown function (DUF1421)
AT5G20250.4,Raffinose synthase family protein
AT1G19720.1,Pentatricopeptide repeat (PPR-like) superfamily protein
AT2G17870.1,cold shock domain protein 3
AT1G32990.1,plastid ribosomal protein l11
AT2G27460.1,sec23/sec24 transport family protein
AT5G12940.1,Leucine-rich repeat (LRR) family protein
AT1G29350.1,Kinase-related protein of unknown function (DUF1296)
AT5G62790.1,1-deoxy-D-xylulose 5-phosphate reductoisomerase
AT5G17310.2,UDP-glucose pyrophosphorylase 2
AT2G45000.1,structural constituent of nuclear pore
AT5G02890.1,HXXXD-type acyl-transferase family protein
AT3G61650.1,gamma-tubulin
AT3G11450.1,DnaJ domain;Myb-like DNA-binding domain
AT3G51420.1,strictosidine synthase-like 4
AT1G21500.1,unknown protein;Has 29 Blast hits to 29 proteins in 12 species: Archae - 0;Bacteria - 0;Metazoa - 0;Fungi - 2;Plants - 27;Viruses - 0;Other Eukaryotes - 0 (source: NCBI BLink).
AT1G75270.1,dehydroascorbate reductase 2
AT3G15060.1,RAB GTPase homolog A1G
AT5G42870.1;AT5G42870.2,phosphatidic acid phosphohydrolase 2
AT1G63970.1;AT1G63970.2,isoprenoid F
AT4G32320.1,ascorbate peroxidase 6
AT1G15980.1,NDH-dependent cyclic electron flow 1
AT2G18230.1,pyrophosphorylase 2
AT3G32930.1,unknown protein;FUNCTIONS IN: molecular_function unknown;INVOLVED IN: biological_process unknown;LOCATED IN: chloroplast envelope;EXPRESSED IN: 22 plant structures;EXPRESSED DURING: 13 growth stages;Has 57 Blast hits to 57 proteins in 11 species: Archae - 0;Bacteria - 0;Metazoa - 0;Fungi - 0;Plants - 57;Viruses - 0;Other Eukaryotes - 0 (source: NCBI BLink).
AT5G20910.1,RING/U-box superfamily protein
AT4G27650.1,Eukaryotic release factor 1 (eRF1) family protein
AT4G24690.1,ubiquitin-associated (UBA)/TS-N domain-containing protein / octicosapeptide/Phox/Bemp1 (PB1) domain-containing protein
AT5G15680.1,ARM repeat superfamily protein
AT3G29030.1,expansin A5
AT5G08260.1,serine carboxypeptidase-like 35
AT3G22520.1,"unknown protein;INVOLVED IN: biological_process unknown;LOCATED IN: chloroplast stroma, chloroplast, chloroplast envelope;EXPRESSED IN: 24 plant structures;EXPRESSED DURING: 13 growth stages;BEST Arabidopsis thaliana protein match is: unknown protein (TAIR:AT4G14840.1);Has 717 Blast hits to 703 proteins in 179 species: Archae - 14;Bacteria - 134;Metazoa - 141;Fungi - 74;Plants - 209;Viruses - 0;Other Eukaryotes - 145 (source: NCBI BLink)."
AT3G28460.1,methyltransferases
AT5G24260.1,prolyl oligopeptidase family protein
AT5G08060.1,unknown protein;FUNCTIONS IN: molecular_function unknown;INVOLVED IN: biological_process unknown;LOCATED IN: mitochondrion;EXPRESSED IN: 24 plant structures;EXPRESSED DURING: 16 growth stages;Has 42 Blast hits to 42 proteins in 17 species: Archae - 0;Bacteria - 0;Metazoa - 0;Fungi - 0;Plants - 41;Viruses - 0;Other Eukaryotes - 1 (source: NCBI BLink).
AT2G24020.1;AT2G24020.2,"Uncharacterised BCR, YbaB family COG0718;Uncharacterised BCR, YbaB family COG0718"
AT4G17370.1,Oxidoreductase family protein
AT4G08520.1,SNARE-like superfamily protein
AT5G61780.1,TUDOR-SN protein 2
AT5G18100.1;AT5G18100.2,copper/zinc superoxide dismutase 3
AT5G08650.1,Small GTP-binding protein
AT3G44110.1,DNAJ homologue 3
AT4G20150.1,"unknown protein;FUNCTIONS IN: molecular_function unknown;INVOLVED IN: biological_process unknown;LOCATED IN: mitochondrion, plasma membrane, mitochondrial respiratory chain complex I, respiratory chain complex I;EXPRESSED IN: 24 plant structures;EXPRESSED DURING: 15 growth stages;Has 30201 Blast hits to 17322 proteins in 780 species: Archae - 12;Bacteria - 1396;Metazoa - 17338;Fungi - 3422;Plants - 5037;Viruses - 0;Other Eukaryotes - 2996 (source: NCBI BLink)."
AT1G18060.1,unknown protein;INVOLVED IN: biological_process unknown;LOCATED IN: chloroplast;EXPRESSED IN: 22 plant structures;EXPRESSED DURING: 13 growth stages;Has 74 Blast hits to 74 proteins in 29 species: Archae - 0;Bacteria - 19;Metazoa - 0;Fungi - 0;Plants - 49;Viruses - 0;Other Eukaryotes - 6 (source: NCBI BLink).
AT5G67130.1,PLC-like phosphodiesterases superfamily protein
AT1G33680.1,KH domain-containing protein
AT1G66840.1,Plant protein of unknown function (DUF827)
AT3G06040.1;AT3G06040.2;AT3G06040.3,Ribosomal protein L12/ ATP-dependent Clp protease adaptor protein ClpS family protein
AT5G51280.1,"DEAD-box protein abstrakt, putative"
AT1G24300.1;AT1G24300.2,GYF domain-containing protein
AT3G05530.1,regulatory particle triple-A ATPase 5A
AT3G20630.1,ubiquitin-specific protease 14
AT2G31570.1,glutathione peroxidase 2
AT1G66250.1,O-Glycosyl hydrolases family 17 protein
AT5G56940.1,Ribosomal protein S16 family protein
AT5G58260.1,"oxidoreductases, acting on NADH or NADPH, quinone or similar compound as acceptor"
AT1G20330.1,sterol methyltransferase 2
AT3G02530.1,TCP-1/cpn60 chaperonin family protein
AT2G27140.1,HSP20-like chaperones superfamily protein
AT2G41790.1,Insulinase (Peptidase family M16) family protein
AT5G16590.1,Leucine-rich repeat protein kinase family protein
AT1G77180.1;AT1G77180.2,chromatin protein family
AT1G55830.2,unknown protein;FUNCTIONS IN: molecular_function unknown;INVOLVED IN: biological_process unknown;LOCATED IN: cellular_component unknown;EXPRESSED IN: 22 plant structures;EXPRESSED DURING: 13 growth stages;CONTAINS InterPro DOMAIN/s: Protein of unknown function DUF812 (InterPro:IPR008530).
AT3G54860.1;AT3G54860.2,Sec1/munc18-like (SM) proteins superfamily
AT1G08830.1;AT1G08830.2,copper/zinc superoxide dismutase 1
AT5G43745.1,Protein of unknown function (DUF1012)
AT5G22510.1,alkaline/neutral invertase
AT3G51130.1,unknown protein;CONTAINS InterPro DOMAIN/s: Uncharacterised protein family UPF0183 (InterPro:IPR005373);Has 269 Blast hits to 265 proteins in 123 species: Archae - 0;Bacteria - 0;Metazoa - 131;Fungi - 82;Plants - 37;Viruses - 0;Other Eukaryotes - 19 (source: NCBI BLink).
AT1G60650.1;AT1G60650.2,RNA-binding (RRM/RBD/RNP motifs) family protein with retrovirus zinc finger-like domain
AT2G38580.1,Mitochondrial ATP synthase D chain-related protein
AT3G46740.1,translocon at the outer envelope membrane of chloroplasts 75-III
AT4G33670.1,NAD(P)-linked oxidoreductase superfamily protein
AT1G06290.1,acyl-CoA oxidase 3
AT5G42770.1;AT5G42770.2,Maf-like protein
AT3G14790.1,rhamnose biosynthesis 3
AT5G11880.1,Pyridoxal-dependent decarboxylase family protein
AT4G04840.1,methionine sulfoxide reductase B6
AT5G22050.1;AT5G22050.2,Protein kinase superfamily protein
AT4G09010.1,ascorbate peroxidase 4
AT4G28660.1;AT4G28660.2,photosystem II reaction center PSB28 protein
AT4G21100.1,damaged DNA binding protein 1B
AT2G22795.1,unknown protein;BEST Arabidopsis thaliana protein match is: unknown protein (TAIR:AT4G37820.1);Has 799854 Blast hits to 188815 proteins in 4452 species: Archae - 4529;Bacteria - 144236;Metazoa - 287749;Fungi - 87083;Plants - 43826;Viruses - 3662;Other Eukaryotes - 228769 (source: NCBI BLink).
AT5G38470.1,Rad23 UV excision repair protein family
AT1G09750.1,Eukaryotic aspartyl protease family protein
AT5G58090.1,O-Glycosyl hydrolases family 17 protein
AT2G36460.1,Aldolase superfamily protein
AT1G44835.1,YbaK/aminoacyl-tRNA synthetase-associated domain
AT1G49820.1,S-methyl-5-thioribose kinase
AT1G48320.1,Thioesterase superfamily protein
AT2G36880.1;AT2G36880.2,methionine adenosyltransferase 3
AT1G56070.1,Ribosomal protein S5/Elongation factor G/III/V family protein
AT5G58430.1,exocyst subunit exo70 family protein B1
AT2G44525.1;AT3G60150.1,Protein of unknown function (DUF498/DUF598)
AT5G20070.1,nudix hydrolase homolog 19
AT2G43410.1;AT2G43410.2;AT2G43410.3;AT2G43410.4,RNA binding
AT1G47200.1,WPP domain protein 2
AT5G19350.1;AT5G19350.2,RNA-binding (RRM/RBD/RNP motifs) family protein
AT3G54210.1,Ribosomal protein L17 family protein
AT5G64840.1,general control non-repressible 5
AT4G31810.1,ATP-dependent caseinolytic (Clp) protease/crotonase family protein
AT3G09210.1,plastid transcriptionally active 13
AT3G43240.1,ARID/BRIGHT DNA-binding domain-containing protein
AT3G63250.1,homocysteine methyltransferase 2
AT1G75660.1,5'-3' exoribonuclease 3
AT4G26300.1,"Arginyl-tRNA synthetase, class Ic"
AT1G61580.1,R-protein L3 B
AT5G46790.1,PYR1-like 1
AT3G06810.1,acyl-CoA dehydrogenase-related
AT5G03370.1,acylphosphatase family
AT1G37130.1,nitrate reductase 2
AT3G03960.1,TCP-1/cpn60 chaperonin family protein
AT1G53880.1;AT1G53900.1,Eukaryotic translation initiation factor 2B (eIF-2B) family protein
AT1G27900.1,RNA helicase family protein
AT1G04080.1;AT1G04080.3,Tetratricopeptide repeat (TPR)-like superfamily protein
AT1G49480.1,related to vernalization1 1
AT3G12110.1,actin-11
AT3G02650.1,Tetratricopeptide repeat (TPR)-like superfamily protein
AT3G50210.1;AT3G50210.3,2-oxoglutarate (2OG) and Fe(II)-dependent oxygenase superfamily protein
AT5G51430.1,conserved oligomeric Golgi complex component-related / COG complex component-related
AT2G23070.1,Protein kinase superfamily protein
AT1G22920.1,COP9 signalosome 5A
AT5G23570.1,XS domain-containing protein / XS zinc finger domain-containing protein-related
AT3G20820.1,Leucine-rich repeat (LRR) family protein
AT1G33520.1,D111/G-patch domain-containing protein
AT4G35250.1,NAD(P)-binding Rossmann-fold superfamily protein
AT3G16270.1,ENTH/VHS family protein
AT1G25420.1,Regulator of Vps4 activity in the MVB pathway protein
AT5G59610.1,Chaperone DnaJ-domain superfamily protein
AT4G35310.1,calmodulin-domain protein kinase 5
AT1G17650.1,glyoxylate reductase 2
AT1G14610.1,valyl-tRNA synthetase / valine--tRNA ligase (VALRS)
AT3G20390.1,endoribonuclease L-PSP family protein
AT1G08460.1,histone deacetylase 8
AT5G19150.1;AT5G19150.2,pfkB-like carbohydrate kinase family protein
AT1G76550.1,Phosphofructokinase family protein
AT4G02350.1,exocyst complex component sec15B
AT3G19870.1,unknown protein;Has 84 Blast hits to 64 proteins in 35 species: Archae - 0;Bacteria - 0;Metazoa - 31;Fungi - 0;Plants - 24;Viruses - 0;Other Eukaryotes - 29 (source: NCBI BLink).
AT5G02130.1,Tetratricopeptide repeat (TPR)-like superfamily protein
AT1G51510.1,RNA-binding (RRM/RBD/RNP motifs) family protein
AT3G17850.1,Protein kinase superfamily protein
AT4G14570.1,acylaminoacyl-peptidase-related
AT1G74790.1,catalytics
AT5G52100.1,"Dihydrodipicolinate reductase, bacterial/plant"
AT3G09580.1,FAD/NAD(P)-binding oxidoreductase family protein
AT3G25920.1,ribosomal protein L15
AT4G32330.1;AT4G32330.2;AT4G32330.3,TPX2 (targeting protein for Xklp2) protein family
AT1G36160.1;AT1G36160.2,acetyl-CoA carboxylase 1
AT5G64050.1,glutamate tRNA synthetase
AT4G25670.1;AT4G25670.2,"unknown protein;BEST Arabidopsis thaliana protein match is: unknown protein (TAIR:AT4G25690.2);Has 30201 Blast hits to 17322 proteins in 780 species: Archae - 12;Bacteria - 1396;Metazoa - 17338;Fungi - 3422;Plants - 5037;Viruses - 0;Other Eukaryotes - 2996 (source: NCBI BLink).;unknown protein;LOCATED IN: cellular_component unknown;EXPRESSED IN: male gametophyte, pollen tube;EXPRESSED DURING: M germinated pollen stage;BEST Arabidopsis thaliana protein match is: unknown protein (TAIR:AT4G25690.2)."
ATCG00160.1,ribosomal protein S2
AT2G30660.1,ATP-dependent caseinolytic (Clp) protease/crotonase family protein
AT1G10270.1,glutamine-rich protein 23
AT3G01740.1,Mitochondrial ribosomal protein L37
AT3G12010.1,"FUNCTIONS IN: molecular_function unknown;INVOLVED IN: biological_process unknown;EXPRESSED IN: sperm cell, cultured cell;CONTAINS InterPro DOMAIN/s: Colon cancer-associated Mic1-like (InterPro:IPR009755);Has 30201 Blast hits to 17322 proteins in 780 species: Archae - 12;Bacteria - 1396;Metazoa - 17338;Fungi - 3422;Plants - 5037;Viruses - 0;Other Eukaryotes - 2996 (source: NCBI BLink)."
AT5G06110.1;AT5G06110.2,DnaJ domain;Myb-like DNA-binding domain;DnaJ domain;Myb-like DNA-binding domain
AT5G11330.1,FAD/NAD(P)-binding oxidoreductase family protein
AT3G28700.1;AT3G28700.2,Protein of unknown function (DUF185)
AT5G24165.1,unknown protein;FUNCTIONS IN: molecular_function unknown;INVOLVED IN: biological_process unknown;LOCATED IN: chloroplast;EXPRESSED IN: 22 plant structures;EXPRESSED DURING: 13 growth stages;BEST Arabidopsis thaliana protein match is: unknown protein (TAIR:AT4G23885.1);Has 30201 Blast hits to 17322 proteins in 780 species: Archae - 12;Bacteria - 1396;Metazoa - 17338;Fungi - 3422;Plants - 5037;Viruses - 0;Other Eukaryotes - 2996 (source: NCBI BLink).
AT4G09320.1,Nucleoside diphosphate kinase family protein
AT3G09630.1,Ribosomal protein L4/L1 family
AT1G27530.1,"CONTAINS InterPro DOMAIN/s: Ubiquitin-conjugating enzyme/RWD-like (InterPro:IPR016135), Ubiquitin-fold modifier-conjugating enzyme 1 (InterPro:IPR014806);Has 269 Blast hits to 269 proteins in 110 species: Archae - 0;Bacteria - 0;Metazoa - 175;Fungi - 0;Plants - 42;Viruses - 0;Other Eukaryotes - 52 (source: NCBI BLink)."
AT3G52180.1,dual specificity protein phosphatase (DsPTP1) family protein
AT5G58030.1,Transport protein particle (TRAPP) component
AT5G18230.2,transcription regulator NOT2/NOT3/NOT5 family protein
AT1G69295.1,plasmodesmata callose-binding protein 4
AT5G62600.1,ARM repeat superfamily protein
AT2G33800.1,Ribosomal protein S5 family protein
AT2G47450.1,chloroplast signal recognition particle component (CAO)
AT4G32460.1;AT4G32460.2,"Protein of unknown function, DUF642;Protein of unknown function, DUF642"
AT1G24100.1,UDP-glucosyl transferase 74B1
AT1G03475.1,Coproporphyrinogen III oxidase
AT5G15550.1,Transducin/WD40 repeat-like superfamily protein
AT3G21300.1,RNA methyltransferase family protein
AT1G78340.1,glutathione S-transferase TAU 22
AT3G44890.1,ribosomal protein L9
AT2G17340.1,Uncharacterised conserved protein (UCP030210)
AT2G47330.1,P-loop containing nucleoside triphosphate hydrolases superfamily protein
AT2G22230.1,Thioesterase superfamily protein
AT1G61150.1;AT1G61150.2;AT1G61150.4;AT1G61150.5;AT1G61150.6,LisH and RanBPM domains containing protein
AT4G29220.1,phosphofructokinase 1
AT3G14090.1,exocyst subunit exo70 family protein D3
AT1G69200.1,fructokinase-like 2
AT2G33600.1,NAD(P)-binding Rossmann-fold superfamily protein
AT4G04890.1;AT4G21750.1;AT4G21750.2,protodermal factor 2;Homeobox-leucine zipper family protein / lipid-binding START domain-containing protein;Homeobox-leucine zipper family protein / lipid-binding START domain-containing protein
AT2G21170.1,triosephosphate isomerase
AT2G21280.1,NAD(P)-binding Rossmann-fold superfamily protein
AT5G13990.1,exocyst subunit exo70 family protein C2
AT5G38520.1;AT5G38520.2,alpha/beta-Hydrolases superfamily protein
AT4G01650.1;AT4G01650.2,Polyketide cyclase / dehydrase and lipid transport protein
AT3G28950.1,AIG2-like (avirulence induced gene) family protein
AT4G14880.1;AT4G14880.2;AT4G14880.3;AT4G14880.4,O-acetylserine (thiol) lyase (OAS-TL) isoform A1
AT2G20690.1,lumazine-binding family protein
AT4G04910.1,AAA-type ATPase family protein
AT5G65180.1,ENTH/VHS family protein
AT2G21580.1;AT2G21580.2,Ribosomal protein S25 family protein
AT3G06670.1;AT3G06670.2,binding
AT5G56660.1,IAA-leucine resistant (ILR)-like 2
AT3G13060.2,evolutionarily conserved C-terminal region 5
AT5G53310.1,myosin heavy chain-related
AT5G08740.1,NAD(P)H dehydrogenase C1
AT2G23140.1;AT2G23140.2,RING/U-box superfamily protein with ARM repeat domain
AT3G56150.1;AT3G56150.2,eukaryotic translation initiation factor 3C
AT1G08780.1,ABI3-interacting protein 3
AT3G02450.1,"cell division protein ftsH, putative"
AT1G25320.1,Leucine-rich repeat protein kinase family protein
AT4G22670.1,HSP70-interacting protein 1
AT3G45850.1;AT3G45850.2,P-loop containing nucleoside triphosphate hydrolases superfamily protein
AT5G48230.2,acetoacetyl-CoA thiolase 2
AT4G17050.1,ureidoglycine aminohydrolase
AT2G20020.1,RNA-binding CRS1 / YhbY (CRM) domain-containing protein
AT2G39670.1,Radical SAM superfamily protein
AT3G17970.1,translocon at the outer membrane of chloroplasts 64-III
AT5G36890.1;AT5G36890.2,beta glucosidase 42
AT3G03990.1,alpha/beta-Hydrolases superfamily protein
AT2G47240.1;AT2G47240.2,AMP-dependent synthetase and ligase family protein
AT3G48690.1,alpha/beta-Hydrolases superfamily protein
AT1G79720.1,Eukaryotic aspartyl protease family protein
AT4G34110.1,poly(A) binding protein 2
AT2G46020.1;AT2G46020.2,"transcription regulatory protein SNF2, putative;transcription regulatory protein SNF2, putative"
AT1G32500.1,non-intrinsic ABC protein 6
AT2G25970.1,KH domain-containing protein
AT4G36250.1,aldehyde dehydrogenase 3F1
AT3G53520.1;AT3G53520.2;AT3G53520.4,UDP-glucuronic acid decarboxylase 1
AT5G44520.1,NagB/RpiA/CoA transferase-like superfamily protein
AT5G39340.1,histidine-containing phosphotransmitter 3
AT2G28000.1,chaperonin-60alpha
AT1G78300.1,general regulatory factor 2
AT4G26700.1;AT4G26700.2;AT4G26700.3,fimbrin 1
AT1G20540.1,Transducin/WD40 repeat-like superfamily protein
AT5G46280.1,Minichromosome maintenance (MCM2/3/5) family protein
AT2G43120.1,RmlC-like cupins superfamily protein
AT1G53730.1;AT1G53730.2,STRUBBELIG-receptor family 6
AT2G36530.1,Enolase
AT5G54160.1,O-methyltransferase 1
AT3G18190.1,TCP-1/cpn60 chaperonin family protein
AT5G14200.1,isopropylmalate dehydrogenase 1
AT2G45290.1,Transketolase
AT5G22330.1,P-loop containing nucleoside triphosphate hydrolases superfamily protein
AT1G29900.1,carbamoyl phosphate synthetase B
AT1G15930.1;AT1G15930.2,Ribosomal protein L7Ae/L30e/S12e/Gadd45 family protein
AT1G72550.1;AT1G72550.2,tRNA synthetase beta subunit family protein
AT5G26780.1,serine hydroxymethyltransferase 2
AT3G59920.1,RAB GDP dissociation inhibitor 2
AT3G01640.1,glucuronokinase G
AT2G20190.1,CLIP-associated protein
AT1G62780.1,"unknown protein;FUNCTIONS IN: molecular_function unknown;INVOLVED IN: biological_process unknown;LOCATED IN: chloroplast, chloroplast stroma;EXPRESSED IN: 22 plant structures;EXPRESSED DURING: 14 growth stages;Has 94 Blast hits to 94 proteins in 35 species: Archae - 6;Bacteria - 10;Metazoa - 21;Fungi - 2;Plants - 48;Viruses - 0;Other Eukaryotes - 7 (source: NCBI BLink)."
AT2G46520.1,"cellular apoptosis susceptibility protein, putative / importin-alpha re-exporter, putative"
AT3G05350.1,Metallopeptidase M24 family protein
AT5G19180.1,E1 C-terminal related 1
AT4G35570.1,high mobility group B5
AT4G13850.1;AT4G13850.2;AT4G13850.3,glycine-rich RNA-binding protein 2
AT1G62380.1,ACC oxidase 2
AT3G13470.1,TCP-1/cpn60 chaperonin family protein
AT2G40610.1,expansin A8
AT5G30510.1,ribosomal protein S1
AT3G01660.1,S-adenosyl-L-methionine-dependent methyltransferases superfamily protein
AT3G63490.1,Ribosomal protein L1p/L10e family
AT4G10040.1,cytochrome c-2
AT4G39235.1,unknown protein;BEST Arabidopsis thaliana protein match is: unknown protein (TAIR:AT3G05570.1);Has 30201 Blast hits to 17322 proteins in 780 species: Archae - 12;Bacteria - 1396;Metazoa - 17338;Fungi - 3422;Plants - 5037;Viruses - 0;Other Eukaryotes - 2996 (source: NCBI BLink).
AT5G06860.1,polygalacturonase inhibiting protein 1
AT1G76100.1,plastocyanin 1
AT2G01970.1,Endomembrane protein 70 protein family
AT2G39900.1,GATA type zinc finger transcription factor family protein
AT1G35680.1,Ribosomal protein L21
AT1G77870.1,membrane-anchored ubiquitin-fold protein 5 precursor
AT3G29160.1;AT3G29160.2,SNF1 kinase homolog 11
AT1G77710.1,"CONTAINS InterPro DOMAIN/s: Ubiquitin-like, Ufm1 (InterPro:IPR005375);Has 244 Blast hits to 244 proteins in 106 species: Archae - 0;Bacteria - 0;Metazoa - 149;Fungi - 0;Plants - 47;Viruses - 0;Other Eukaryotes - 48 (source: NCBI BLink)."
AT4G02080.1,secretion-associated RAS super family 2
AT4G17090.1,chloroplast beta-amylase
AT3G22170.1;AT3G22170.2,far-red elongated hypocotyls 3
AT4G25550.1,"Cleavage/polyadenylation specificity factor, 25kDa subunit"
AT4G37910.1,mitochondrial heat shock protein 70-1
AT3G09940.1;AT3G09940.2,monodehydroascorbate reductase
AT3G20790.1,NAD(P)-binding Rossmann-fold superfamily protein
AT2G42810.1,protein phosphatase 5.2
ATCG00780.1,ribosomal protein L14
AT5G59870.1,histone H2A 6
AT1G18150.1;AT1G18150.2;AT1G18150.3,Protein kinase superfamily protein
AT5G23050.1,acyl-activating enzyme 17
AT3G46220.1;AT3G46220.2;AT3G46220.3,unknown protein;CONTAINS InterPro DOMAIN/s: Protein of unknown function DUF2042 (InterPro:IPR018611);Has 559 Blast hits to 533 proteins in 154 species: Archae - 3;Bacteria - 32;Metazoa - 305;Fungi - 42;Plants - 50;Viruses - 3;Other Eukaryotes - 124 (source: NCBI BLink).;unknown protein;INVOLVED IN: biological_process unknown;EXPRESSED IN: 24 plant structures;EXPRESSED DURING: 13 growth stages;CONTAINS InterPro DOMAIN/s: Protein of unknown function DUF2042 (InterPro:IPR018611).;unknown protein;INVOLVED IN: biological_process unknown;EXPRESSED IN: 24 plant structures;EXPRESSED DURING: 13 growth stages;CONTAINS InterPro DOMAIN/s: Protein of unknown function DUF2042 (InterPro:IPR018611).
AT2G30140.1;AT2G30140.2,UDP-Glycosyltransferase superfamily protein
AT3G51310.1,VPS35 homolog C
AT5G36170.1;AT5G36170.2,high chlorophyll fluorescent 109
AT4G25720.1;AT4G25720.2;AT4G25720.3,glutaminyl cyclase
ATMG00070.1,NADH dehydrogenase subunit 9
AT3G54170.1,FKBP12 interacting protein 37
AT4G31500.1,"cytochrome P450, family 83, subfamily B, polypeptide 1"
AT3G60740.1,ARM repeat superfamily protein
AT5G58060.1;AT5G58060.2,SNARE-like superfamily protein
AT4G16210.1,enoyl-CoA hydratase/isomerase A
AT4G37920.1,"unknown protein;FUNCTIONS IN: molecular_function unknown;INVOLVED IN: biological_process unknown;LOCATED IN: chloroplast thylakoid membrane, chloroplast, chloroplast envelope;BEST Arabidopsis thaliana protein match is: unknown protein (TAIR:AT1G36320.1);Has 123 Blast hits to 120 proteins in 40 species: Archae - 2;Bacteria - 11;Metazoa - 8;Fungi - 0;Plants - 85;Viruses - 0;Other Eukaryotes - 17 (source: NCBI BLink)."
AT1G60990.1;AT1G60990.2;AT1G60990.3,Glycine cleavage T-protein family
AT1G01910.1;AT1G01910.2;AT1G01910.4,P-loop containing nucleoside triphosphate hydrolases superfamily protein
AT1G42970.1,glyceraldehyde-3-phosphate dehydrogenase B subunit
AT5G38640.1,NagB/RpiA/CoA transferase-like superfamily protein
AT4G32720.1;AT4G32720.2,La protein 1
AT4G00530.1,unknown protein;FUNCTIONS IN: molecular_function unknown;INVOLVED IN: biological_process unknown;LOCATED IN: mitochondrion;EXPRESSED IN: 19 plant structures;EXPRESSED DURING: 9 growth stages;BEST Arabidopsis thaliana protein match is: unknown protein (TAIR:AT1G01725.1);Has 1807 Blast hits to 1807 proteins in 277 species: Archae - 0;Bacteria - 0;Metazoa - 736;Fungi - 347;Plants - 385;Viruses - 0;Other Eukaryotes - 339 (source: NCBI BLink).
AT4G37925.1,subunit NDH-M of NAD(P)H:plastoquinone dehydrogenase complex
AT2G21390.1,"Coatomer, alpha subunit"
AT1G49740.1,PLC-like phosphodiesterases superfamily protein
AT3G08590.1;AT3G08590.2,"Phosphoglycerate mutase, 2,3-bisphosphoglycerate-independent;Phosphoglycerate mutase, 2,3-bisphosphoglycerate-independent"
AT5G09810.1,actin 7
AT1G08970.1;AT1G08970.2;AT1G08970.3;AT1G08970.4,"nuclear factor Y, subunit C9;nuclear factor Y, subunit C9;nuclear factor Y, subunit C9;nuclear factor Y, subunit C9"
AT2G47250.1,RNA helicase family protein
AT5G14105.1,unknown protein;Has 30201 Blast hits to 17322 proteins in 780 species: Archae - 12;Bacteria - 1396;Metazoa - 17338;Fungi - 3422;Plants - 5037;Viruses - 0;Other Eukaryotes - 2996 (source: NCBI BLink).
AT4G33630.1;AT4G33630.2,Protein of unknown function (DUF3506)
AT5G09660.1;AT5G09660.2,peroxisomal NAD-malate dehydrogenase 2
AT1G62740.1,"stress-inducible protein, putative"
AT5G43010.1,regulatory particle triple-A ATPase 4A
AT4G01800.1,Albino or Glassy Yellow 1
AT5G64330.1,Phototropic-responsive NPH3 family protein
AT5G45670.1,GDSL-like Lipase/Acylhydrolase superfamily protein
AT4G24440.1;AT4G24440.2,transcription initiation factor IIA gamma chain / TFIIA-gamma (TFIIA-S)
AT1G12310.1,Calcium-binding EF-hand family protein
AT5G07350.1;AT5G07350.2,TUDOR-SN protein 1
AT4G05150.1,Octicosapeptide/Phox/Bem1p family protein
AT5G13680.1,IKI3 family protein
AT2G21385.1;AT2G21385.3,"unknown protein;FUNCTIONS IN: molecular_function unknown;INVOLVED IN: biological_process unknown;LOCATED IN: chloroplast, chloroplast envelope;EXPRESSED IN: 22 plant structures;EXPRESSED DURING: 13 growth stages;Has 49 Blast hits to 49 proteins in 20 species: Archae - 0;Bacteria - 0;Metazoa - 0;Fungi - 0;Plants - 44;Viruses - 0;Other Eukaryotes - 5 (source: NCBI BLink).;unknown protein."
AT2G30710.1,Ypt/Rab-GAP domain of gyp1p superfamily protein
AT3G19760.1,eukaryotic initiation factor 4A-III
AT2G38770.1,P-loop containing nucleoside triphosphate hydrolases superfamily protein
AT5G06460.1,ubiquitin activating enzyme 2
AT5G46420.1,16S rRNA processing protein RimM family
AT1G35420.1;AT1G35420.2,alpha/beta-Hydrolases superfamily protein
AT1G26830.1,cullin 3
AT5G12410.1,THUMP domain-containing protein
AT5G19940.1;AT5G19940.2,Plastid-lipid associated protein PAP / fibrillin family protein
AT5G63870.1;AT5G63870.2,serine/threonine phosphatase 7
AT3G10410.1,SERINE CARBOXYPEPTIDASE-LIKE 49
AT5G28850.2;AT5G28900.1,Calcium-binding EF-hand family protein
AT1G09300.1,Metallopeptidase M24 family protein
AT3G53580.1,diaminopimelate epimerase family protein
AT1G28960.1;AT1G28960.2;AT1G28960.3;AT1G28960.4;AT1G28960.5,nudix hydrolase homolog 15
AT1G20200.1,PAM domain (PCI/PINT associated module) protein
AT2G20790.1,clathrin adaptor complexes medium subunit family protein
AT4G26000.1,RNA-binding KH domain-containing protein
AT4G11420.1,eukaryotic translation initiation factor 3A
AT3G06730.1,Thioredoxin z
AT2G38040.1;AT2G38040.2,acetyl Co-enzyme a carboxylase carboxyltransferase alpha subunit
AT1G36280.1,L-Aspartase-like family protein
AT1G56000.1,FAD/NAD(P)-binding oxidoreductase family protein
AT1G11480.1,eukaryotic translation initiation factor-related
AT2G39390.1,Ribosomal L29 family protein
AT5G24810.1;AT5G24810.2,ABC1 family protein
AT5G06220.1,LETM1-like protein
AT3G48110.1,glycine-tRNA ligases
AT5G66040.1,sulfurtransferase protein 16
AT2G17720.1,2-oxoglutarate (2OG) and Fe(II)-dependent oxygenase superfamily protein
AT1G72170.1,Domain of unknown function (DUF543)
AT2G18740.1;AT2G18740.2;AT4G30330.1,Small nuclear ribonucleoprotein family protein
AT3G46940.1,DUTP-PYROPHOSPHATASE-LIKE 1
AT3G11560.2;AT3G11560.3;AT3G11560.4,LETM1-like protein
AT2G43770.1,Transducin/WD40 repeat-like superfamily protein
AT5G63980.1,Inositol monophosphatase family protein
AT5G09770.1,Ribosomal protein L17 family protein
AT3G60210.1,GroES-like family protein
AT3G49240.1,Pentatricopeptide repeat (PPR) superfamily protein
AT1G53670.1,methionine sulfoxide reductase B 1
AT4G39710.1;AT4G39710.2,FK506-binding protein 16-2
ATCG01090.1,NADPH dehydrogenases
AT1G29990.1,prefoldin 6
AT3G61140.1,"26S proteasome, regulatory subunit Rpn7;Proteasome component (PCI) domain"
AT1G53645.1,hydroxyproline-rich glycoprotein family protein
AT5G04900.1,NYC1-like
AT2G30390.1;AT2G30390.2,ferrochelatase 2
AT3G12760.1,"CONTAINS InterPro DOMAIN/s: Defective-in-cullin neddylation protein (InterPro:IPR014764), Protein of unknown function DUF298 (InterPro:IPR005176), UBA-like (InterPro:IPR009060);BEST Arabidopsis thaliana protein match is: Domain of unknown function (DUF298) (TAIR:AT1G15860.2);Has 857 Blast hits to 855 proteins in 202 species: Archae - 0;Bacteria - 0;Metazoa - 482;Fungi - 154;Plants - 139;Viruses - 0;Other Eukaryotes - 82 (source: NCBI BLink)."
AT5G16810.1,Protein kinase superfamily protein
AT1G47550.1;AT1G47550.2,exocyst complex component sec3A
AT5G58950.1,Protein kinase superfamily protein
AT5G55640.1,unknown protein;Has 30201 Blast hits to 17322 proteins in 780 species: Archae - 12;Bacteria - 1396;Metazoa - 17338;Fungi - 3422;Plants - 5037;Viruses - 0;Other Eukaryotes - 2996 (source: NCBI BLink).
AT2G17360.1;AT5G07090.1;AT5G07090.2,Ribosomal protein S4 (RPS4A) family protein
AT1G53070.1,Legume lectin family protein
AT4G23820.1,Pectin lyase-like superfamily protein
AT1G78570.1,rhamnose biosynthesis 1
ATCG01110.1,NAD(P)H dehydrogenase subunit H
AT2G34790.1,FAD-binding Berberine family protein
AT3G53430.1,Ribosomal protein L11 family protein
AT3G18860.1;AT3G18860.2,transducin family protein / WD-40 repeat family protein
AT5G12960.1,Putative glycosyl hydrolase of unknown function (DUF1680)
AT2G19830.1,SNF7 family protein
AT1G49040.1,stomatal cytokinesis defective / SCD1 protein (SCD1)
AT5G12250.1,beta-6 tubulin
AT3G29185.1,Domain of unknown function (DUF3598)
AT2G20270.1;AT2G20270.2,Thioredoxin superfamily protein
AT1G04820.1;AT1G50010.1,tubulin alpha-4 chain;tubulin alpha-2 chain
AT4G38900.1;AT4G38900.2;AT4G38900.3,Basic-leucine zipper (bZIP) transcription factor family protein
AT3G62600.1,DNAJ heat shock family protein
AT3G12280.1;AT3G12280.2,retinoblastoma-related 1
AT5G03880.1,Thioredoxin family protein
AT3G16760.1;AT3G16760.2,Tetratricopeptide repeat (TPR)-like superfamily protein
AT4G01690.1,Flavin containing amine oxidoreductase family
AT1G68590.1;AT1G68590.2,Ribosomal protein PSRP-3/Ycf65
AT1G55150.1,DEA(D/H)-box RNA helicase family protein
AT1G13060.1,20S proteasome beta subunit E1
AT1G03330.1,Small nuclear ribonucleoprotein family protein
AT2G38490.1,CBL-interacting protein kinase 22
AT5G62575.1;AT5G62575.2,unknown protein;FUNCTIONS IN: molecular_function unknown;INVOLVED IN: biological_process unknown;LOCATED IN: mitochondrion;EXPRESSED IN: 25 plant structures;EXPRESSED DURING: 15 growth stages;BEST Arabidopsis thaliana protein match is: unknown protein (TAIR:AT3G47833.1);Has 30201 Blast hits to 17322 proteins in 780 species: Archae - 12;Bacteria - 1396;Metazoa - 17338;Fungi - 3422;Plants - 5037;Viruses - 0;Other Eukaryotes - 2996 (source: NCBI BLink).;unknown protein;FUNCTIONS IN: molecular_function unknown;INVOLVED IN: biological_process unknown;EXPRESSED IN: 25 plant structures;EXPRESSED DURING: 15 growth stages;BEST Arabidopsis thaliana protein match is: unknown protein (TAIR:AT3G47833.1);Has 35333 Blast hits to 34131 proteins in 2444 species: Archae - 798;Bacteria - 22429;Metazoa - 974;Fungi - 991;Plants - 531;Viruses - 0;Other Eukaryotes - 9610 (source: NCBI BLink).
AT1G60070.1;AT1G60070.2,"Adaptor protein complex AP-1, gamma subunit;Adaptor protein complex AP-1, gamma subunit"
AT3G29090.1,pectin methylesterase 31
AT1G52000.1,Mannose-binding lectin superfamily protein
AT1G10580.1,Transducin/WD40 repeat-like superfamily protein
AT3G51800.1;AT3G51800.3,metallopeptidase M24 family protein
AT2G04750.1,Actin binding Calponin homology (CH) domain-containing protein
AT1G29670.1,GDSL-like Lipase/Acylhydrolase superfamily protein
AT4G11860.1,Protein of unknown function (DUF544)
AT4G39260.1,"cold, circadian rhythm, and RNA binding 1"
AT5G26830.1,Threonyl-tRNA synthetase
AT5G18550.1,Zinc finger C-x8-C-x5-C-x3-H type family protein
AT3G08010.1,RNA binding
AT1G52360.1;AT1G52360.2,"Coatomer, beta' subunit;Coatomer, beta' subunit"
AT5G42920.2,"THO complex,  subunit 5"
AT2G22990.1;AT2G22990.2;AT2G22990.3;AT2G22990.4;AT2G22990.5;AT2G22990.6,sinapoylglucose 1
AT5G01920.1,Protein kinase superfamily protein
AT3G47060.1,FTSH protease 7
AT4G24400.1,CBL-interacting protein kinase 8
AT1G34750.1,Protein phosphatase 2C family protein
AT4G08870.1,Arginase/deacetylase superfamily protein
AT5G58190.1;AT5G58190.2,evolutionarily conserved C-terminal region 10
AT1G17370.1,oligouridylate binding protein 1B
AT5G05200.1,Protein kinase superfamily protein
AT5G23010.1,methylthioalkylmalate synthase 1
AT5G56950.1,nucleosome assembly protein 1;3
AT2G34590.1,Transketolase family protein
AT1G16810.1;AT1G16810.2,"unknown protein;CONTAINS InterPro DOMAIN/s: Protein of unknown function DUF1754, eukaryotic (InterPro:IPR013865);Has 395 Blast hits to 394 proteins in 162 species: Archae - 0;Bacteria - 0;Metazoa - 181;Fungi - 91;Plants - 65;Viruses - 0;Other Eukaryotes - 58 (source: NCBI BLink).;unknown protein;CONTAINS InterPro DOMAIN/s: Protein of unknown function DUF1754, eukaryotic (InterPro:IPR013865);Has 35333 Blast hits to 34131 proteins in 2444 species: Archae - 798;Bacteria - 22429;Metazoa - 974;Fungi - 991;Plants - 531;Viruses - 0;Other Eukaryotes - 9610 (source: NCBI BLink)."
AT3G01910.1,sulfite oxidase
AT2G34460.1,NAD(P)-binding Rossmann-fold superfamily protein
AT5G13690.1,alpha-N-acetylglucosaminidase family / NAGLU family
AT4G34980.1,subtilisin-like serine protease 2
AT1G56450.1,20S proteasome beta subunit G1
AT4G22350.1;AT4G22350.2,Ubiquitin C-terminal hydrolases superfamily protein
AT1G62750.1,Translation elongation factor EFG/EF2 protein
AT1G63000.1,nucleotide-rhamnose synthase/epimerase-reductase
AT4G28910.1;AT4G28910.2;AT4G28910.3,novel interactor of JAZ
AT3G14390.1,Pyridoxal-dependent decarboxylase family protein
AT3G18380.1;AT3G18380.2;AT3G18380.3,sequence-specific DNA binding transcription factors;sequence-specific DNA binding;sequence-specific DNA binding transcription factors;sequence-specific DNA binding;sequence-specific DNA binding transcription factors;sequence-specific DNA binding
AT3G49430.1;AT3G49430.2;AT3G49430.3,SER/ARG-rich protein 34A
AT4G26310.1,elongation factor P (EF-P) family protein
AT5G51100.1,Fe superoxide dismutase 2
AT4G15500.1,UDP-Glycosyltransferase superfamily protein
AT1G60770.1,Tetratricopeptide repeat (TPR)-like superfamily protein
AT5G48480.1,Lactoylglutathione lyase / glyoxalase I family protein
AT1G72560.1;AT1G72560.2;AT1G72560.3,ARM repeat superfamily protein
AT5G52640.1,heat shock protein 90.1
AT4G33580.1,beta carbonic anhydrase 5
AT1G20950.1,Phosphofructokinase family protein
AT5G66030.1;AT5G66030.2,Golgi-localized GRIP domain-containing protein
AT5G14540.1,Protein of unknown function (DUF1421)
AT5G06160.1,splicing factor-related
AT4G17560.1,Ribosomal protein L19 family protein
AT3G47200.1;AT3G47200.2,Plant protein of unknown function (DUF247)
AT4G33250.1,eukaryotic translation initiation factor 3K
AT1G26750.1,unknown protein;Has 44 Blast hits to 44 proteins in 16 species: Archae - 0;Bacteria - 0;Metazoa - 0;Fungi - 0;Plants - 44;Viruses - 0;Other Eukaryotes - 0 (source: NCBI BLink).
AT2G39420.1,alpha/beta-Hydrolases superfamily protein
AT4G24940.1,SUMO-activating enzyme 1A
AT3G06930.1;AT3G06930.2,protein arginine methyltransferase 4B
AT3G04120.1,glyceraldehyde-3-phosphate dehydrogenase C subunit 1
AT5G38430.1,Ribulose bisphosphate carboxylase (small chain) family protein
AT5G56740.1,histone acetyltransferase of the GNAT family 2
AT5G35590.1,proteasome alpha subunit A1
AT4G04180.1,P-loop containing nucleoside triphosphate hydrolases superfamily protein
AT2G19385.1,zinc ion binding
AT2G40860.1,protein kinase family protein / protein phosphatase 2C ( PP2C) family protein
AT2G35790.1,unknown protein;CONTAINS InterPro DOMAIN/s: Protein of unknown function DUF1301 (InterPro:IPR009724);Has 116 Blast hits to 116 proteins in 49 species: Archae - 0;Bacteria - 0;Metazoa - 53;Fungi - 6;Plants - 49;Viruses - 0;Other Eukaryotes - 8 (source: NCBI BLink).
AT4G10320.1,"tRNA synthetase class I (I, L, M and V) family protein"
AT3G48080.1,alpha/beta-Hydrolases superfamily protein
AT1G62020.1,"Coatomer, alpha subunit"
AT1G13930.1;AT1G13930.2;AT1G13930.3,Involved in response to salt stress.  Knockout mutants are hypersensitive to salt stress.
AT1G07660.1;AT1G07820.1;AT1G07820.2;AT2G28740.1;AT3G45930.1;AT3G46320.1;AT3G53730.1;AT5G59690.1;AT5G59970.1,Histone superfamily protein;Histone superfamily protein;Histone superfamily protein;histone H4;Histone superfamily protein;Histone superfamily protein;Histone superfamily protein;Histone superfamily protein;Histone superfamily protein
AT4G31780.2,monogalactosyl diacylglycerol synthase 1
AT1G68910.1;AT1G68910.2;AT1G68910.3,WPP domain-interacting protein 2
AT5G43960.1;AT5G43960.2,Nuclear transport factor 2 (NTF2) family protein with RNA binding (RRM-RBD-RNP motifs) domain
AT5G18410.1;AT5G18410.2,transcription activators
AT1G26570.1,UDP-glucose dehydrogenase 1
AT5G64300.1,GTP cyclohydrolase II
AT2G26540.1,uroporphyrinogen-III synthase family protein
AT1G58080.1,ATP phosphoribosyl transferase 1
AT1G50170.1,sirohydrochlorin ferrochelatase B
AT2G04030.1;AT2G04030.2,Chaperone protein htpG family protein
AT3G09150.2,"phytochromobilin:ferredoxin oxidoreductase, chloroplast / phytochromobilin synthase (HY2)"
AT2G17695.1;AT2G17695.2;AT2G17695.3,FUNCTIONS IN: molecular_function unknown;INVOLVED IN: biological_process unknown;LOCATED IN: chloroplast;CONTAINS InterPro DOMAIN/s: Domain of unknown function DUF1990 (InterPro:IPR018960);Has 259 Blast hits to 259 proteins in 120 species: Archae - 0;Bacteria - 197;Metazoa - 0;Fungi - 0;Plants - 57;Viruses - 0;Other Eukaryotes - 5 (source: NCBI BLink).;FUNCTIONS IN: molecular_function unknown;INVOLVED IN: biological_process unknown;LOCATED IN: chloroplast;CONTAINS InterPro DOMAIN/s: Domain of unknown function DUF1990 (InterPro:IPR018960);Has 30201 Blast hits to 17322 proteins in 780 species: Archae - 12;Bacteria - 1396;Metazoa - 17338;Fungi - 3422;Plants - 5037;Viruses - 0;Other Eukaryotes - 2996 (source: NCBI BLink).;FUNCTIONS IN: molecular_function unknown;INVOLVED IN: biological_process unknown;CONTAINS InterPro DOMAIN/s: Domain of unknown function DUF1990 (InterPro:IPR018960).
AT1G11750.1;AT1G11750.2,CLP protease proteolytic subunit 6
AT3G58510.1;AT3G58510.2;AT3G58510.3,DEA(D/H)-box RNA helicase family protein
AT3G54600.1,Class I glutamine amidotransferase-like superfamily protein
AT5G08530.1,51 kDa subunit of complex I
AT3G20050.1,T-complex protein 1 alpha subunit
AT1G21065.1,unknown protein;INVOLVED IN: biological_process unknown;LOCATED IN: chloroplast;EXPRESSED IN: 22 plant structures;EXPRESSED DURING: 13 growth stages;CONTAINS InterPro DOMAIN/s: Uncharacterised protein family UPF0047 (InterPro:IPR001602);Has 3800 Blast hits to 3784 proteins in 1137 species: Archae - 215;Bacteria - 2154;Metazoa - 42;Fungi - 99;Plants - 99;Viruses - 0;Other Eukaryotes - 1191 (source: NCBI BLink).
AT4G17770.1,trehalose phosphatase/synthase 5
AT5G60670.1,Ribosomal protein L11 family protein
AT5G63910.1,farnesylcysteine lyase
AT5G19680.1,Leucine-rich repeat (LRR) family protein
AT2G44230.1,Plant protein of unknown function (DUF946)
AT1G13820.1,alpha/beta-Hydrolases superfamily protein
AT3G02920.1;AT3G02920.2,"Replication protein A, subunit RPA32;Replication protein A, subunit RPA32"
AT3G44320.1,nitrilase 3
AT3G08920.1,Rhodanese/Cell cycle control phosphatase superfamily protein
AT5G49980.1,auxin F-box protein 5
AT2G21220.1;AT4G38860.1,SAUR-like auxin-responsive protein family
AT4G06599.1,ubiquitin family protein
AT2G26930.1,4-(cytidine 5'-phospho)-2-C-methyl-D-erithritol kinase
AT1G59960.1,NAD(P)-linked oxidoreductase superfamily protein
AT1G23820.1,spermidine synthase 1
AT3G58640.1;AT3G58640.2,Mitogen activated protein kinase kinase kinase-related
AT1G09340.1,chloroplast RNA binding
AT5G65460.1,kinesin like protein for actin based chloroplast movement 2
AT1G19000.1;AT1G19000.2,Homeodomain-like superfamily protein
AT5G10010.1,unknown protein;FUNCTIONS IN: molecular_function unknown;INVOLVED IN: biological_process unknown;LOCATED IN: nucleolus;EXPRESSED IN: 25 plant structures;EXPRESSED DURING: 15 growth stages;BEST Arabidopsis thaliana protein match is: unknown protein (TAIR:AT5G64910.1);Has 33260 Blast hits to 16857 proteins in 1270 species: Archae - 88;Bacteria - 3040;Metazoa - 11915;Fungi - 3137;Plants - 1371;Viruses - 424;Other Eukaryotes - 13285 (source: NCBI BLink).
AT1G66260.1;AT1G66260.2,RNA-binding (RRM/RBD/RNP motifs) family protein
AT5G17920.1;AT5G17920.2,Cobalamin-independent synthase family protein
AT1G80070.1,Pre-mRNA-processing-splicing factor
AT3G04840.1,Ribosomal protein S3Ae
AT5G57590.1,adenosylmethionine-8-amino-7-oxononanoate transaminases
AT5G26570.1,"catalytics;carbohydrate kinases;phosphoglucan, water dikinases"
AT5G35180.1;AT5G35180.2;AT5G35180.3;AT5G35180.4,Protein of unknown function (DUF1336)
AT5G63100.1,S-adenosyl-L-methionine-dependent methyltransferases superfamily protein
AT2G18040.1,"peptidylprolyl cis/trans isomerase, NIMA-interacting 1"
AT2G27720.1,60S acidic ribosomal protein family
AT3G52150.1;AT3G52150.2,RNA-binding (RRM/RBD/RNP motifs) family protein
AT2G29590.1,Thioesterase superfamily protein
ATMG00285.1;ATMG01320.1,NADH dehydrogenase 2A;NADH dehydrogenase 2B
AT5G44400.1,FAD-binding Berberine family protein
AT3G01120.1,Pyridoxal phosphate (PLP)-dependent transferases superfamily protein
AT3G33530.1,Transducin family protein / WD-40 repeat family protein
AT4G25880.1;AT4G25880.2;AT4G25880.3,pumilio 6
AT3G22120.1,cell wall-plasma membrane linker protein
AT1G13690.1,ATPase E1
AT3G17930.1,unknown protein;FUNCTIONS IN: molecular_function unknown;INVOLVED IN: biological_process unknown;LOCATED IN: chloroplast thylakoid membrane;EXPRESSED IN: 22 plant structures;EXPRESSED DURING: 13 growth stages;CONTAINS InterPro DOMAIN/s: Protein of unknown function DUF3007 (InterPro:IPR021562);Has 236 Blast hits to 236 proteins in 83 species: Archae - 0;Bacteria - 117;Metazoa - 0;Fungi - 0;Plants - 39;Viruses - 0;Other Eukaryotes - 80 (source: NCBI BLink).
AT1G22330.1;AT1G78260.1;AT1G78260.2,RNA-binding (RRM/RBD/RNP motifs) family protein
AT1G74710.1;AT1G74710.2,ADC synthase superfamily protein
AT1G16190.1,Rad23 UV excision repair protein family
AT2G41530.1,S-formylglutathione hydrolase
AT5G09650.1,pyrophosphorylase 6
AT1G65020.1,"FUNCTIONS IN: molecular_function unknown;INVOLVED IN: biological_process unknown;LOCATED IN: endoplasmic reticulum, plasma membrane;EXPRESSED IN: 23 plant structures;EXPRESSED DURING: 13 growth stages;CONTAINS InterPro DOMAIN/s: NERD (InterPro:IPR011528);Has 69 Blast hits to 69 proteins in 27 species: Archae - 0;Bacteria - 18;Metazoa - 8;Fungi - 0;Plants - 36;Viruses - 0;Other Eukaryotes - 7 (source: NCBI BLink)."
AT1G02080.2,transcription regulators
AT5G67220.1,FMN-linked oxidoreductases superfamily protein
AT2G21195.1;AT2G21195.2;AT2G21195.3,unknown protein;Has 28 Blast hits to 28 proteins in 11 species: Archae - 0;Bacteria - 0;Metazoa - 0;Fungi - 0;Plants - 28;Viruses - 0;Other Eukaryotes - 0 (source: NCBI BLink).;unknown protein;Has 35333 Blast hits to 34131 proteins in 2444 species: Archae - 798;Bacteria - 22429;Metazoa - 974;Fungi - 991;Plants - 531;Viruses - 0;Other Eukaryotes - 9610 (source: NCBI BLink).;unknown protein;FUNCTIONS IN: molecular_function unknown;INVOLVED IN: response to oxidative stress;LOCATED IN: cellular_component unknown;EXPRESSED IN: 23 plant structures;EXPRESSED DURING: 13 growth stages;Has 26 Blast hits to 26 proteins in 10 species: Archae - 0;Bacteria - 0;Metazoa - 0;Fungi - 0;Plants - 26;Viruses - 0;Other Eukaryotes - 0 (source: NCBI BLink).
AT5G64380.1,Inositol monophosphatase family protein
AT2G19570.1,cytidine deaminase 1
AT5G52580.1,RabGAP/TBC domain-containing protein
AT2G17640.1,Trimeric LpxA-like enzymes superfamily protein
AT1G64790.1,ILITYHIA
AT1G48830.1;AT1G48830.2,Ribosomal protein S7e family protein
AT4G12980.1,Auxin-responsive family protein
AT3G10405.1,unknown protein;FUNCTIONS IN: molecular_function unknown;INVOLVED IN: pollen development;LOCATED IN: chloroplast;Has 44 Blast hits to 44 proteins in 20 species: Archae - 0;Bacteria - 4;Metazoa - 0;Fungi - 0;Plants - 39;Viruses - 0;Other Eukaryotes - 1 (source: NCBI BLink).
AT5G04740.1,ACT domain-containing protein
AT4G33480.1,unknown protein;FUNCTIONS IN: molecular_function unknown;INVOLVED IN: biological_process unknown;LOCATED IN: chloroplast;EXPRESSED IN: 22 plant structures;EXPRESSED DURING: 13 growth stages;CONTAINS InterPro DOMAIN/s: Protein of unknown function DUF3727 (InterPro:IPR022203);Has 348 Blast hits to 348 proteins in 78 species: Archae - 0;Bacteria - 101;Metazoa - 0;Fungi - 0;Plants - 183;Viruses - 0;Other Eukaryotes - 64 (source: NCBI BLink).
AT4G37470.1,alpha/beta-Hydrolases superfamily protein
AT3G12930.1,Lojap-related protein
AT5G01650.1;AT5G01650.2,Tautomerase/MIF superfamily protein
AT1G16890.2,ubiquitin-conjugating enzyme 36
AT2G31610.1,Ribosomal protein S3 family protein
AT5G32450.1,RNA binding (RRM/RBD/RNP motifs) family protein
AT4G08390.1;AT4G08390.2;AT4G08390.3,stromal ascorbate peroxidase
AT4G24220.1;AT4G24220.2,NAD(P)-binding Rossmann-fold superfamily protein
AT4G04330.1,Chaperonin-like RbcX protein
AT4G34450.1,"coatomer gamma-2 subunit, putative / gamma-2 coat protein, putative / gamma-2 COP, putative"
AT2G35040.1,AICARFT/IMPCHase bienzyme family protein
AT5G46070.1,Guanylate-binding family protein
AT3G04340.1,FtsH extracellular protease family
AT3G60245.1,Zinc-binding ribosomal protein family protein
AT3G57290.1,eukaryotic translation initiation factor 3E
AT4G05390.1,root FNR 1
AT5G24530.1,2-oxoglutarate (2OG) and Fe(II)-dependent oxygenase superfamily protein
AT5G10300.1,methyl esterase 5
AT1G74050.1;AT1G74060.1,Ribosomal protein L6 family protein
AT4G13770.1,"cytochrome P450, family 83, subfamily A, polypeptide 1"
AT3G49000.1,RNA polymerase III subunit RPC82 family protein
AT3G61450.1;AT3G61450.2,syntaxin of plants 73
AT1G12800.1,"Nucleic acid-binding, OB-fold-like protein"
AT2G34050.1,"INVOLVED IN: protein complex assembly;LOCATED IN: mitochondrion, chloroplast;EXPRESSED IN: 19 plant structures;EXPRESSED DURING: 9 growth stages;CONTAINS InterPro DOMAIN/s: ATP11 (InterPro:IPR010591);Has 304 Blast hits to 304 proteins in 167 species: Archae - 0;Bacteria - 0;Metazoa - 101;Fungi - 112;Plants - 39;Viruses - 0;Other Eukaryotes - 52 (source: NCBI BLink)."
AT2G36230.1,Aldolase-type TIM barrel family protein
AT1G10590.1;AT1G10590.2,"Nucleic acid-binding, OB-fold-like protein;Nucleic acid-binding, OB-fold-like protein"
AT1G12570.1,Glucose-methanol-choline (GMC) oxidoreductase family protein
AT1G01630.1,Sec14p-like phosphatidylinositol transfer family protein
AT1G02335.1,germin-like protein subfamily 2 member 2 precursor
AT4G25840.1,glycerol-3-phosphatase 1
AT5G28050.1;AT5G28050.2,Cytidine/deoxycytidylate deaminase family protein
AT1G72020.1,unknown protein;Has 52 Blast hits to 52 proteins in 18 species: Archae - 0;Bacteria - 0;Metazoa - 0;Fungi - 0;Plants - 52;Viruses - 0;Other Eukaryotes - 0 (source: NCBI BLink).
AT4G29210.1;AT4G29210.2,gamma-glutamyl transpeptidase 4
AT1G12550.1,D-isomer specific 2-hydroxyacid dehydrogenase family protein
AT3G48730.1,"glutamate-1-semialdehyde 2,1-aminomutase 2"
AT3G13990.1;AT3G13990.2,Kinase-related protein of unknown function (DUF1296)
AT3G15840.1;AT3G15840.2;AT3G15840.3;AT3G15840.4;AT3G15840.5,post-illumination chlorophyll fluorescence increase
AT2G33840.1,"Tyrosyl-tRNA synthetase, class Ib, bacterial/mitochondrial"
AT5G09920.1,"RNA polymerase II, Rpb4, core protein"
AT3G09060.1,Pentatricopeptide repeat (PPR) superfamily protein
AT3G63150.1,MIRO-related GTP-ase 2
AT4G37880.1,LisH/CRA/RING-U-box domains-containing protein
AT1G76020.1,Thioredoxin superfamily protein
AT5G03430.1,phosphoadenosine phosphosulfate (PAPS) reductase family protein
AT5G64580.1,AAA-type ATPase family protein
AT5G35970.1,P-loop containing nucleoside triphosphate hydrolases superfamily protein
AT2G26800.1;AT2G26800.2,Aldolase superfamily protein
AT5G44530.1,Subtilase family protein
AT3G17770.1,Dihydroxyacetone kinase
AT1G68370.1,Chaperone DnaJ-domain superfamily protein
AT2G36250.1;AT2G36250.2,Tubulin/FtsZ family protein
AT2G30490.1,cinnamate-4-hydroxylase
AT3G01060.1;AT3G01060.2,unknown protein;Has 640 Blast hits to 638 proteins in 201 species: Archae - 0;Bacteria - 293;Metazoa - 0;Fungi - 71;Plants - 72;Viruses - 0;Other Eukaryotes - 204 (source: NCBI BLink).;unknown protein;Has 637 Blast hits to 635 proteins in 201 species: Archae - 0;Bacteria - 291;Metazoa - 0;Fungi - 72;Plants - 72;Viruses - 0;Other Eukaryotes - 202 (source: NCBI BLink).
AT5G14520.1,pescadillo-related
AT3G25860.1,2-oxoacid dehydrogenases acyltransferase family protein
AT2G47390.1,Prolyl oligopeptidase family protein
AT1G51110.1,Plastid-lipid associated protein PAP / fibrillin family protein
AT3G26560.1,"ATP-dependent RNA helicase, putative"
AT4G31115.1;AT4G31115.2,Protein of unknown function (DUF1997)
AT1G26230.1;AT1G26230.2,TCP-1/cpn60 chaperonin family protein
AT3G05420.1;AT3G05420.2,acyl-CoA binding protein 4
AT3G09300.1,OSBP(oxysterol binding protein)-related protein 3B
AT1G24706.1;AT1G24706.2,THO2
AT5G43330.1,Lactate/malate dehydrogenase family protein
AT3G17300.1,unknown protein;Has 48 Blast hits to 48 proteins in 21 species: Archae - 0;Bacteria - 0;Metazoa - 0;Fungi - 0;Plants - 40;Viruses - 0;Other Eukaryotes - 8 (source: NCBI BLink).
AT1G06240.1,Protein of unknown function DUF455
AT2G42520.1,P-loop containing nucleoside triphosphate hydrolases superfamily protein
AT5G54100.1,SPFH/Band 7/PHB domain-containing membrane-associated protein family
AT5G24400.1,NagB/RpiA/CoA transferase-like superfamily protein
AT4G34830.1,Pentatricopeptide repeat (PPR) superfamily protein
AT4G34490.1,cyclase associated protein 1
AT5G39080.1,HXXXD-type acyl-transferase family protein
AT5G02770.1,unknown protein;Has 469 Blast hits to 336 proteins in 126 species: Archae - 0;Bacteria - 54;Metazoa - 249;Fungi - 22;Plants - 47;Viruses - 0;Other Eukaryotes - 97 (source: NCBI BLink).
AT1G80230.1,Rubredoxin-like superfamily protein
AT5G58330.1;AT5G58330.2,lactate/malate dehydrogenase family protein
AT2G44530.1;AT2G44530.2,Phosphoribosyltransferase family protein
AT4G13050.1,Acyl-ACP thioesterase
AT3G16060.1,ATP binding microtubule motor family protein
AT3G61070.1;AT3G61070.2;AT3G61070.3,peroxin 11E
AT4G17740.1;AT4G17740.2,Peptidase S41 family protein
AT5G57070.1,hydroxyproline-rich glycoprotein family protein
AT1G29940.1,nuclear RNA polymerase A2
AT5G44000.1,Glutathione S-transferase family protein
AT1G65260.1,plastid transcriptionally active 4
AT1G14620.1;AT1G14620.2,decoy
AT2G35370.1,glycine decarboxylase complex H
AT1G06460.1,alpha-crystallin domain 32.1
AT5G56900.2,CwfJ-like family protein / zinc finger (CCCH-type) family protein
AT3G25545.1,unknown protein;FUNCTIONS IN: molecular_function unknown;INVOLVED IN: biological_process unknown;LOCATED IN: cellular_component unknown;EXPRESSED IN: 23 plant structures;EXPRESSED DURING: 13 growth stages;Has 38 Blast hits to 38 proteins in 14 species: Archae - 0;Bacteria - 0;Metazoa - 0;Fungi - 0;Plants - 38;Viruses - 0;Other Eukaryotes - 0 (source: NCBI BLink).
AT2G16930.1;AT2G16930.2;AT2G16930.3;AT5G15220.1,Ribosomal protein L27 family protein
AT3G02080.1,Ribosomal protein S19e family protein
AT4G01310.1,Ribosomal L5P family protein
AT1G78140.1,S-adenosyl-L-methionine-dependent methyltransferases superfamily protein
AT5G24300.1;AT5G24300.2,"Glycogen/starch synthases, ADP-glucose type;Glycogen/starch synthases, ADP-glucose type"
AT3G52950.1;AT3G52950.2,CBS / octicosapeptide/Phox/Bemp1 (PB1) domains-containing protein
AT1G50920.1,Nucleolar GTP-binding protein
AT3G15290.1,3-hydroxyacyl-CoA dehydrogenase family protein
AT3G10840.1,alpha/beta-Hydrolases superfamily protein
AT5G25754.1;AT5G25757.1,RNA polymerase I-associated factor PAF67
AT1G48900.1;AT1G48900.2,"Signal recognition particle, SRP54 subunit protein;Signal recognition particle, SRP54 subunit protein"
AT1G09780.1,"Phosphoglycerate mutase, 2,3-bisphosphoglycerate-independent"
AT4G27585.1,SPFH/Band 7/PHB domain-containing membrane-associated protein family
AT5G62670.1,H(+)-ATPase 11
AT3G53900.1,uracil phosphoribosyltransferase
AT5G64350.1,FK506-binding protein 12
AT4G03400.1,Auxin-responsive GH3 family protein
AT4G25370.1,Double Clp-N motif protein
AT1G07770.1;AT1G07770.2;AT5G59850.1,ribosomal protein S15A;ribosomal protein S15A;Ribosomal protein S8 family protein
AT2G47970.1,Nuclear pore localisation protein NPL4
AT2G19730.1;AT2G19730.2;AT2G19730.3,Ribosomal L28e protein family
AT5G11520.1,aspartate aminotransferase 3
AT1G73530.1,RNA-binding (RRM/RBD/RNP motifs) family protein
AT1G07890.1;AT1G07890.2;AT1G07890.3;AT1G07890.4;AT1G07890.5;AT1G07890.6;AT1G07890.7;AT1G07890.8,ascorbate peroxidase 1
AT1G18590.1,sulfotransferase 17
AT1G20970.1,"FUNCTIONS IN: molecular_function unknown;INVOLVED IN: biological_process unknown;LOCATED IN: plasma membrane, vacuole;EXPRESSED IN: guard cell, cultured cell;BEST Arabidopsis thaliana protein match is: proton pump interactor 1 (TAIR:AT4G27500.1);Has 30201 Blast hits to 17322 proteins in 780 species: Archae - 12;Bacteria - 1396;Metazoa - 17338;Fungi - 3422;Plants - 5037;Viruses - 0;Other Eukaryotes - 2996 (source: NCBI BLink)."
AT1G23260.1,MMS ZWEI homologue 1
AT5G57655.2,xylose isomerase family protein
AT3G13224.2,RNA-binding (RRM/RBD/RNP motifs) family protein
AT5G19370.1,rhodanese-like domain-containing protein / PPIC-type PPIASE domain-containing protein
AT4G21210.1,PPDK regulatory protein
AT3G54660.1,glutathione reductase
AT4G13840.1,HXXXD-type acyl-transferase family protein
AT5G14030.1;AT5G14030.2;AT5G14030.3;AT5G14030.4,translocon-associated protein beta (TRAPB) family protein
AT4G05400.1;AT4G05400.2,copper ion binding
AT5G11170.1;AT5G11200.1;AT5G11200.2;AT5G11200.3,DEAD/DEAH box RNA helicase family protein
AT2G13540.1,ARM repeat superfamily protein
AT1G66740.1,ASF1 like histone chaperone
AT3G21760.1,UDP-Glycosyltransferase superfamily protein
AT5G05680.1,nuclear pore complex protein-related
AT4G37800.1,xyloglucan endotransglucosylase/hydrolase 7
AT2G29630.1;AT2G29630.2;AT2G29630.3,thiaminC
AT5G19100.1,Eukaryotic aspartyl protease family protein
AT5G64570.1,beta-D-xylosidase 4
AT5G16440.1,isopentenyl diphosphate isomerase 1
AT5G10360.1,Ribosomal protein S6e
AT5G09230.1;AT5G09230.2;AT5G09230.3;AT5G09230.4;AT5G09230.5;AT5G09230.6;AT5G09230.7,sirtuin 2
AT2G30010.1,TRICHOME BIREFRINGENCE-LIKE 45
AT5G13780.1,Acyl-CoA N-acyltransferases (NAT) superfamily protein
AT5G52560.1,UDP-sugar pyrophosphorylase
AT2G47960.1,unknown protein;CONTAINS InterPro DOMAIN/s: Protein of unknown function DUF974 (InterPro:IPR010378);Has 285 Blast hits to 284 proteins in 126 species: Archae - 0;Bacteria - 0;Metazoa - 150;Fungi - 68;Plants - 32;Viruses - 0;Other Eukaryotes - 35 (source: NCBI BLink).
AT1G48470.1,glutamine synthetase 1;5
AT3G13160.1,Tetratricopeptide repeat (TPR)-like superfamily protein
AT4G15900.1,pleiotropic regulatory locus 1
AT4G14160.1;AT4G14160.2,Sec23/Sec24 protein transport family protein
AT2G45440.1,dihydrodipicolinate synthase
AT2G04039.1;AT2G04039.2,unknown protein;FUNCTIONS IN: molecular_function unknown;LOCATED IN: chloroplast;EXPRESSED IN: 21 plant structures;EXPRESSED DURING: 13 growth stages;CONTAINS InterPro DOMAIN/s: Protein of unknown function DUF2996 (InterPro:IPR021374);Has 159 Blast hits to 159 proteins in 52 species: Archae - 0;Bacteria - 76;Metazoa - 0;Fungi - 0;Plants - 38;Viruses - 0;Other Eukaryotes - 45 (source: NCBI BLink).;unknown protein;FUNCTIONS IN: molecular_function unknown;LOCATED IN: chloroplast;EXPRESSED IN: 21 plant structures;EXPRESSED DURING: 13 growth stages;CONTAINS InterPro DOMAIN/s: Protein of unknown function DUF2996 (InterPro:IPR021374);Has 157 Blast hits to 157 proteins in 52 species: Archae - 0;Bacteria - 76;Metazoa - 0;Fungi - 0;Plants - 37;Viruses - 0;Other Eukaryotes - 44 (source: NCBI BLink).
AT5G60790.1,ABC transporter family protein
AT2G37620.1;AT2G37620.2;AT3G53750.1,actin 1;actin 1;actin 3
ATCG00670.1,plastid-encoded CLP P
AT3G02200.2,Proteasome component (PCI) domain protein
AT5G14250.1,Proteasome component (PCI) domain protein
AT3G11710.1,lysyl-tRNA synthetase 1
AT3G62920.1,unknown protein;Has 25 Blast hits to 25 proteins in 11 species: Archae - 0;Bacteria - 0;Metazoa - 0;Fungi - 0;Plants - 25;Viruses - 0;Other Eukaryotes - 0 (source: NCBI BLink).
AT1G07440.1;AT1G07440.2,NAD(P)-binding Rossmann-fold superfamily protein
AT3G02320.1,"N2,N2-dimethylguanosine tRNA methyltransferase"
AT2G02510.1,NADH dehydrogenase (ubiquinone)s
AT5G65620.1,Zincin-like metalloproteases family protein
AT2G03640.1;AT2G03640.2;AT2G03640.3;AT2G03640.4,Nuclear transport factor 2 (NTF2) family protein with RNA binding (RRM-RBD-RNP motifs) domain
AT5G65250.1,unknown protein;FUNCTIONS IN: molecular_function unknown;INVOLVED IN: biological_process unknown;LOCATED IN: chloroplast;EXPRESSED IN: 22 plant structures;EXPRESSED DURING: 13 growth stages;Has 30201 Blast hits to 17322 proteins in 780 species: Archae - 12;Bacteria - 1396;Metazoa - 17338;Fungi - 3422;Plants - 5037;Viruses - 0;Other Eukaryotes - 2996 (source: NCBI BLink).
AT3G23580.1,ribonucleotide reductase 2A
AT1G80360.1,Pyridoxal phosphate (PLP)-dependent transferases superfamily protein
AT3G50590.1,Transducin/WD40 repeat-like superfamily protein
AT5G63310.1,nucleoside diphosphate kinase 2
AT1G14830.1,DYNAMIN-like 1C
AT1G04270.1;AT1G04270.2,cytosolic ribosomal protein S15
AT2G35120.1,Single hybrid motif superfamily protein
AT2G42010.1,phospholipase D beta 1
AT5G02280.1,SNARE-like superfamily protein
AT1G07370.1,proliferating cellular nuclear antigen 1
AT5G04850.1;AT5G04850.2,SNF7 family protein
AT3G01510.1,like SEX4 1
AT1G76460.1,RNA-binding (RRM/RBD/RNP motifs) family protein
AT1G04850.1,ubiquitin-associated (UBA)/TS-N domain-containing protein
AT2G19870.1,tRNA/rRNA methyltransferase (SpoU) family protein
AT5G47210.1,Hyaluronan / mRNA binding family
AT3G18430.1;AT3G18430.2,Calcium-binding EF-hand family protein
AT1G73980.1,Phosphoribulokinase / Uridine kinase family
AT1G62640.1;AT1G62640.2,3-ketoacyl-acyl carrier protein synthase III
AT1G12410.1,CLP protease proteolytic subunit 2
AT4G35800.1,RNA polymerase II large subunit
AT1G50840.1,polymerase gamma 2
AT1G31160.1,HISTIDINE TRIAD NUCLEOTIDE-BINDING 2
AT3G11400.1;AT3G11400.2,eukaryotic translation initiation factor 3G1
AT5G64150.1,RNA methyltransferase family protein
AT5G58230.1,Transducin/WD40 repeat-like superfamily protein
AT2G32920.1,PDI-like 2-3
AT1G71750.1;AT1G71750.2,Hypoxanthine-guanine phosphoribosyltransferase
AT1G09620.1,ATP binding;leucine-tRNA ligases;aminoacyl-tRNA ligases;nucleotide binding;ATP binding;aminoacyl-tRNA ligases
AT3G01780.1,ARM repeat superfamily protein
AT4G09040.1;AT4G09040.2,RNA-binding (RRM/RBD/RNP motifs) family protein
AT1G56700.1;AT1G56700.2,"Peptidase C15, pyroglutamyl peptidase I-like;Peptidase C15, pyroglutamyl peptidase I-like"
AT5G41050.1,Pollen Ole e 1 allergen and extensin family protein
AT5G19485.1,transferases;nucleotidyltransferases
AT5G23310.1,Fe superoxide dismutase 3
AT1G48240.1,novel plant snare 12
AT5G14600.1,S-adenosyl-L-methionine-dependent methyltransferases superfamily protein
AT2G35500.1,shikimate kinase like 2
AT2G24060.1,Translation initiation factor 3 protein
AT3G19950.1,RING/U-box superfamily protein
AT1G03150.1,Acyl-CoA N-acyltransferases (NAT) superfamily protein
AT5G53350.1,CLP protease regulatory subunit X
AT2G01290.1,ribose-5-phosphate isomerase 2
AT1G17980.1,poly(A) polymerase 1
AT2G45640.1,SIN3 associated polypeptide P18
AT4G23920.1,UDP-D-glucose/UDP-D-galactose 4-epimerase 2
AT3G61200.1,Thioesterase superfamily protein
AT1G27435.1,unknown protein;Has 16 Blast hits to 16 proteins in 8 species: Archae - 0;Bacteria - 0;Metazoa - 0;Fungi - 0;Plants - 16;Viruses - 0;Other Eukaryotes - 0 (source: NCBI BLink).
AT4G22485.1,Bifunctional inhibitor/lipid-transfer protein/seed storage 2S albumin superfamily protein
AT2G18790.1,phytochrome B
AT1G70820.1,"phosphoglucomutase, putative / glucose phosphomutase, putative"
AT1G64310.1,Tetratricopeptide repeat (TPR)-like superfamily protein
AT4G19830.1,FKBP-like peptidyl-prolyl cis-trans isomerase family protein
AT5G14660.1;AT5G14660.2,peptide deformylase 1B
AT1G43170.1;AT1G43170.2;AT1G43170.3;AT1G43170.5;AT1G43170.6;AT1G43170.7;AT1G43170.8;AT1G43170.9,ribosomal protein 1
AT1G77670.1,Pyridoxal phosphate (PLP)-dependent transferases superfamily protein
AT5G47550.1,Cystatin/monellin superfamily protein
AT3G56120.1,S-adenosyl-L-methionine-dependent methyltransferases superfamily protein
AT2G32290.1,beta-amylase 6
AT1G22700.1;AT1G22700.2;AT1G22700.3,Tetratricopeptide repeat (TPR)-like superfamily protein
AT4G29510.1,arginine methyltransferase 11
AT3G10380.1,subunit of exocyst complex 8
AT5G19510.1,Translation elongation  factor EF1B/ribosomal protein S6 family protein
AT3G52140.1;AT3G52140.2;AT3G52140.4,tetratricopeptide repeat (TPR)-containing protein
AT5G06140.1,sorting nexin 1
AT1G80410.1;AT1G80410.2,tetratricopeptide repeat (TPR)-containing protein
AT2G45710.1;AT3G61110.1,Zinc-binding ribosomal protein family protein;ribosomal protein S27
AT4G34660.1,SH3 domain-containing protein
AT2G29720.1,FAD/NAD(P)-binding oxidoreductase family protein
AT1G23870.1,trehalose-phosphatase/synthase 9
AT5G24020.1,septum site-determining protein (MIND)
AT5G36230.1,ARM repeat superfamily protein
AT2G31390.1,pfkB-like carbohydrate kinase family protein
AT1G54100.1;AT1G54100.2,aldehyde dehydrogenase 7B4
AT2G47650.1,UDP-xylose synthase 4
AT1G57770.1,FAD/NAD(P)-binding oxidoreductase family protein
AT1G72370.1;AT1G72370.2,40s ribosomal protein SA
AT3G02830.1,zinc finger protein 1
AT3G17880.1;AT3G17880.2,tetraticopeptide domain-containing thioredoxin
AT5G24770.1,vegetative storage protein 2
AT2G42750.1,DNAJ heat shock N-terminal domain-containing protein
AT3G28220.1,TRAF-like family protein
AT2G25280.1,"CONTAINS InterPro DOMAIN/s: UPF0103/Mediator of ErbB2-driven cell motility (Memo), related (InterPro:IPR002737);Has 1074 Blast hits to 1072 proteins in 474 species: Archae - 213;Bacteria - 366;Metazoa - 159;Fungi - 135;Plants - 54;Viruses - 0;Other Eukaryotes - 147 (source: NCBI BLink)."
AT2G24280.1,alpha/beta-Hydrolases superfamily protein
AT4G29830.1,Transducin/WD40 repeat-like superfamily protein
AT3G03070.1,NADH-ubiquinone oxidoreductase-related
AT1G73750.1,"Uncharacterised conserved protein UCP031088, alpha/beta hydrolase"
AT1G64970.1,gamma-tocopherol methyltransferase
AT2G38880.1;AT2G38880.2;AT2G38880.3;AT2G38880.4;AT2G38880.5;AT2G38880.6;AT2G38880.7;AT2G38880.8,"nuclear factor Y, subunit B1;nuclear factor Y, subunit B1;nuclear factor Y, subunit B1;nuclear factor Y, subunit B1;nuclear factor Y, subunit B1;nuclear factor Y, subunit B1;nuclear factor Y, subunit B1;nuclear factor Y, subunit B1"
AT5G28840.1;AT5G28840.2,"GDP-D-mannose 3',5'-epimerase;GDP-D-mannose 3',5'-epimerase"
ATCG00770.1,ribosomal protein S8
AT4G09670.1,Oxidoreductase family protein
AT3G01090.1;AT3G01090.2;AT3G01090.3,SNF1 kinase homolog 10
AT2G18900.1,Transducin/WD40 repeat-like superfamily protein
AT3G21140.1,Pyridoxamine 5'-phosphate oxidase family protein
AT5G04430.1,binding to TOMV RNA 1L (long form)
AT2G31140.1,Peptidase S24/S26A/S26B/S26C family protein
AT4G29160.1;AT4G29160.3,SNF7 family protein
AT1G79090.1;AT1G79090.2,FUNCTIONS IN: molecular_function unknown;INVOLVED IN: biological_process unknown;LOCATED IN: cellular_component unknown;EXPRESSED IN: 25 plant structures;EXPRESSED DURING: 15 growth stages;CONTAINS InterPro DOMAIN/s: Topoisomerase II-associated protein PAT1 (InterPro:IPR019167);BEST Arabidopsis thaliana protein match is: Topoisomerase II-associated protein PAT1 (TAIR:AT3G22270.1);Has 30201 Blast hits to 17322 proteins in 780 species: Archae - 12;Bacteria - 1396;Metazoa - 17338;Fungi - 3422;Plants - 5037;Viruses - 0;Other Eukaryotes - 2996 (source: NCBI BLink).;FUNCTIONS IN: molecular_function unknown;INVOLVED IN: biological_process unknown;LOCATED IN: cellular_component unknown;EXPRESSED IN: 25 plant structures;EXPRESSED DURING: 15 growth stages;CONTAINS InterPro DOMAIN/s: Topoisomerase II-associated protein PAT1 (InterPro:IPR019167);BEST Arabidopsis thaliana protein match is: Topoisomerase II-associated protein PAT1 (TAIR:AT3G22270.1);Has 1260 Blast hits to 1163 proteins in 186 species: Archae - 0;Bacteria - 32;Metazoa - 596;Fungi - 277;Plants - 212;Viruses - 0;Other Eukaryotes - 143 (source: NCBI BLink).
AT1G55500.1;AT1G55500.2;AT1G55500.3,evolutionarily conserved C-terminal region 4
AT4G27000.1,RNA-binding (RRM/RBD/RNP motifs) family protein
AT3G18790.1,FUNCTIONS IN: molecular_function unknown;INVOLVED IN: biological_process unknown;LOCATED IN: chloroplast;EXPRESSED IN: 22 plant structures;EXPRESSED DURING: 13 growth stages;CONTAINS InterPro DOMAIN/s: Isy1-like splicing (InterPro:IPR009360);Has 1147 Blast hits to 965 proteins in 236 species: Archae - 12;Bacteria - 13;Metazoa - 351;Fungi - 230;Plants - 49;Viruses - 9;Other Eukaryotes - 483 (source: NCBI BLink).
AT1G79050.1,recA DNA recombination family protein
AT5G54580.1,RNA-binding (RRM/RBD/RNP motifs) family protein
AT3G62910.1,Peptide chain release factor 1
AT1G07990.1,SIT4 phosphatase-associated family protein
AT4G32520.1;AT4G32520.2,serine hydroxymethyltransferase 3
AT5G05010.1;AT5G05010.2,clathrin adaptor complexes medium subunit family protein
AT5G23590.1;AT5G23590.2,DNAJ heat shock N-terminal domain-containing protein
AT5G01010.1;AT5G01010.2;AT5G01010.3;AT5G01010.4,CONTAINS InterPro DOMAIN/s: GOLD (InterPro:IPR009038);Has 172 Blast hits to 172 proteins in 43 species: Archae - 0;Bacteria - 0;Metazoa - 95;Fungi - 0;Plants - 63;Viruses - 0;Other Eukaryotes - 14 (source: NCBI BLink).;EXPRESSED IN: 23 plant structures;EXPRESSED DURING: 14 growth stages;CONTAINS InterPro DOMAIN/s: GOLD (InterPro:IPR009038);Has 85 Blast hits to 85 proteins in 21 species: Archae - 0;Bacteria - 0;Metazoa - 20;Fungi - 0;Plants - 62;Viruses - 0;Other Eukaryotes - 3 (source: NCBI BLink).;EXPRESSED IN: 23 plant structures;EXPRESSED DURING: 14 growth stages;CONTAINS InterPro DOMAIN/s: GOLD (InterPro:IPR009038);Has 76 Blast hits to 76 proteins in 20 species: Archae - 0;Bacteria - 0;Metazoa - 11;Fungi - 0;Plants - 62;Viruses - 0;Other Eukaryotes - 3 (source: NCBI BLink).;EXPRESSED IN: 23 plant structures;EXPRESSED DURING: 14 growth stages;CONTAINS InterPro DOMAIN/s: GOLD (InterPro:IPR009038).
AT4G34670.1,Ribosomal protein S3Ae
AT2G04880.1;AT2G04880.2,zinc-dependent activator protein-1
AT3G10050.1,L-O-methylthreonine resistant 1
AT3G58560.1,DNAse I-like superfamily protein
AT4G17300.1,Class II aminoacyl-tRNA and biotin synthetases superfamily protein
AT2G38700.1,mevalonate diphosphate decarboxylase 1
AT1G73430.1;AT1G73430.2,sec34-like family protein
AT5G06580.1,FAD-linked oxidases family protein
AT2G37600.1;AT2G37600.2,Ribosomal protein L36e family protein
AT1G18480.1,Calcineurin-like metallo-phosphoesterase superfamily protein
AT4G31200.1;AT4G31200.2;AT4G31200.3,SWAP (Suppressor-of-White-APricot)/surp RNA-binding domain-containing protein
AT3G46060.1;AT3G46060.2;AT3G46060.3;AT5G59840.1,RAB GTPase homolog 8A;RAB GTPase homolog 8A;RAB GTPase homolog 8A;Ras-related small GTP-binding family protein
AT2G01540.1,Calcium-dependent lipid-binding (CaLB domain) family protein
AT2G30150.1,UDP-Glycosyltransferase superfamily protein
AT4G15550.1,indole-3-acetate beta-D-glucosyltransferase
AT5G51820.1,phosphoglucomutase
AT4G20010.1;AT4G20010.2,plastid transcriptionally active 9
AT5G25610.1,BURP domain-containing protein
AT3G05570.1,unknown protein;BEST Arabidopsis thaliana protein match is: unknown protein (TAIR:AT4G39235.1);Has 73 Blast hits to 73 proteins in 11 species: Archae - 0;Bacteria - 0;Metazoa - 0;Fungi - 0;Plants - 73;Viruses - 0;Other Eukaryotes - 0 (source: NCBI BLink).
AT2G14880.1,SWIB/MDM2 domain superfamily protein
AT2G04700.1,ferredoxin thioredoxin reductase catalytic beta chain family protein
AT3G14850.2,TRICHOME BIREFRINGENCE-LIKE 41
AT3G28040.1,Leucine-rich receptor-like protein kinase family protein
AT3G60440.1,Phosphoglycerate mutase family protein
AT1G01300.1,Eukaryotic aspartyl protease family protein
AT3G28810.1,Protein of unknown function (DUF1216)
AT4G08960.1,phosphotyrosyl phosphatase activator (PTPA) family protein
AT5G11340.1,Acyl-CoA N-acyltransferases (NAT) superfamily protein
AT5G60160.1,Zn-dependent exopeptidases superfamily protein
AT2G20830.2,transferases;folic acid binding
AT3G14890.1;AT3G14890.2,phosphoesterase
AT4G24510.1,HXXXD-type acyl-transferase family protein
AT1G77540.1,Acyl-CoA N-acyltransferases (NAT) superfamily protein
AT1G79990.1;AT1G79990.3;AT1G79990.5,structural molecules
AT2G04540.1,Beta-ketoacyl synthase
AT4G28440.1,"Nucleic acid-binding, OB-fold-like protein"
AT3G54760.1;AT3G54760.2,dentin sialophosphoprotein-related
AT3G16910.1,acyl-activating enzyme 7
AT5G05780.1,RP non-ATPase subunit 8A
AT4G39960.1,Molecular chaperone Hsp40/DnaJ family protein
AT5G61640.1,peptidemethionine sulfoxide reductase 1
AT1G04350.1,2-oxoglutarate (2OG) and Fe(II)-dependent oxygenase superfamily protein
AT4G16765.1;AT4G16765.2,2-oxoglutarate (2OG) and Fe(II)-dependent oxygenase superfamily protein
AT4G24190.1;AT4G24190.2,Chaperone protein htpG family protein
AT1G04510.1;AT1G04510.2,MOS4-associated  complex 3A
AT3G58990.1,isopropylmalate isomerase 1
AT3G20680.1,Domain of unknown function (DUF1995)
AT4G38890.1,FMN-linked oxidoreductases superfamily protein
AT3G19960.1,myosin 1
AT4G18040.1,eukaryotic translation initiation factor 4E
AT4G00752.1,UBX domain-containing protein
AT1G66670.1,CLP protease proteolytic subunit 3
AT5G01220.1,sulfoquinovosyldiacylglycerol 2
AT1G07360.1,CCCH-type zinc fingerfamily protein with RNA-binding domain
AT3G12640.1,RNA binding (RRM/RBD/RNP motifs) family protein
AT5G45390.1,CLP protease P4
AT2G26340.1,"unknown protein;FUNCTIONS IN: molecular_function unknown;INVOLVED IN: biological_process unknown;LOCATED IN: chloroplast thylakoid membrane, chloroplast thylakoid lumen, chloroplast;EXPRESSED IN: 22 plant structures;EXPRESSED DURING: 13 growth stages;Has 38 Blast hits to 38 proteins in 13 species: Archae - 0;Bacteria - 0;Metazoa - 0;Fungi - 0;Plants - 38;Viruses - 0;Other Eukaryotes - 0 (source: NCBI BLink)."
AT3G48320.1,"cytochrome P450, family 71, subfamily A, polypeptide 21"
AT3G60880.1;AT3G60880.2,dihydrodipicolinate synthase 1
AT1G09770.1,cell division cycle 5
AT5G07870.1,HXXXD-type acyl-transferase family protein
AT5G67530.1,plant U-box 49
AT3G55250.1,"unknown protein;FUNCTIONS IN: molecular_function unknown;INVOLVED IN: biological_process unknown;LOCATED IN: mitochondrion, chloroplast, nucleus;EXPRESSED IN: 23 plant structures;EXPRESSED DURING: 13 growth stages;Has 46 Blast hits to 46 proteins in 17 species: Archae - 0;Bacteria - 0;Metazoa - 0;Fungi - 0;Plants - 46;Viruses - 0;Other Eukaryotes - 0 (source: NCBI BLink)."
AT1G74310.1,heat shock protein 101
AT3G52580.1,Ribosomal protein S11 family protein
AT2G22570.1,nicotinamidase 1
AT5G64960.1,cyclin dependent kinase group C2
AT1G78630.1,Ribosomal protein L13 family protein
AT1G74880.1,NAD(P)H:plastoquinone dehydrogenase complex subunit O
AT2G41220.1,glutamate synthase 2
AT1G09130.1;AT1G09130.2;AT1G09130.3,ATP-dependent caseinolytic (Clp) protease/crotonase family protein
AT4G29060.1,elongation factor Ts family protein
AT2G33410.1,RNA-binding (RRM/RBD/RNP motifs) family protein
AT5G08380.1,alpha-galactosidase 1
AT5G54770.1,"thiazole biosynthetic enzyme, chloroplast (ARA6) (THI1) (THI4)"
AT1G33270.1;AT1G33270.2,Acyl transferase/acyl hydrolase/lysophospholipase superfamily protein
AT2G34040.1,Apoptosis inhibitory protein 5 (API5)
AT1G10670.1;AT1G10670.2;AT1G10670.3;AT1G10670.4,ATP-citrate lyase A-1
AT1G67930.1,Golgi transport complex protein-related
AT1G51710.1,ubiquitin-specific protease 6
AT3G59980.1,"Nucleic acid-binding, OB-fold-like protein"
AT1G18210.1;AT1G18210.2,Calcium-binding EF-hand family protein
AT5G17070.1,CONTAINS InterPro DOMAIN/s: Protein phosphatase 4 core regulatory subunit R2 (InterPro:IPR015267);Has 30201 Blast hits to 17322 proteins in 780 species: Archae - 12;Bacteria - 1396;Metazoa - 17338;Fungi - 3422;Plants - 5037;Viruses - 0;Other Eukaryotes - 2996 (source: NCBI BLink).
AT1G16210.1,unknown protein;CONTAINS InterPro DOMAIN/s: Protein of unknown function DUF1014 (InterPro:IPR010422);Has 16107 Blast hits to 8386 proteins in 1107 species: Archae - 26;Bacteria - 3370;Metazoa - 4013;Fungi - 1516;Plants - 526;Viruses - 120;Other Eukaryotes - 6536 (source: NCBI BLink).
AT3G02560.1;AT3G02560.2,Ribosomal protein S7e family protein
AT2G47850.1;AT2G47850.2;AT2G47850.3,Zinc finger C-x8-C-x5-C-x3-H type family protein
AT3G03710.1,"polyribonucleotide nucleotidyltransferase, putative"
AT3G18165.1,"modifier of snc1,4"
AT3G19710.1,branched-chain aminotransferase4
AT3G06690.1,"acyl-CoA oxidases;oxidoreductases, acting on the CH-CH group of donors;FAD binding;oxidoreductases;acyl-CoA oxidases"
AT2G37270.1;AT2G37270.2,ribosomal protein 5B
AT3G18230.1,Octicosapeptide/Phox/Bem1p family protein
AT4G14030.1;AT4G14030.2,selenium-binding protein 1
AT2G43710.1;AT2G43710.2,Plant stearoyl-acyl-carrier-protein desaturase family protein
AT4G24810.2,Protein kinase superfamily protein
AT5G50310.1,Galactose oxidase/kelch repeat superfamily protein
AT3G51670.1,SEC14 cytosolic factor family protein / phosphoglyceride transfer family protein
AT4G38930.1;AT4G38930.2,Ubiquitin fusion degradation UFD1 family protein
ATCG00900.1;ATCG01240.1,Ribosomal protein S7p/S5e family protein;ribosomal protein S7
AT1G20920.1;AT1G20920.2;AT3G09620.1,P-loop containing nucleoside triphosphate hydrolases superfamily protein
AT3G27750.1,FUNCTIONS IN: molecular_function unknown;INVOLVED IN: biological_process unknown;LOCATED IN: chloroplast;EXPRESSED IN: 16 plant structures;EXPRESSED DURING: 12 growth stages;BEST Arabidopsis thaliana protein match is: Vacuolar sorting protein 9 (VPS9) domain (TAIR:AT5G09320.1);Has 106 Blast hits to 106 proteins in 16 species: Archae - 0;Bacteria - 0;Metazoa - 0;Fungi - 4;Plants - 102;Viruses - 0;Other Eukaryotes - 0 (source: NCBI BLink).
AT3G01440.1,PsbQ-like 1
AT1G15290.1,Tetratricopeptide repeat (TPR)-like superfamily protein
AT5G42240.1,serine carboxypeptidase-like 42
AT1G66080.1,unknown protein;CONTAINS InterPro DOMAIN/s: Protein of unknown function DUF775 (InterPro:IPR008493);Has 285 Blast hits to 283 proteins in 133 species: Archae - 0;Bacteria - 0;Metazoa - 120;Fungi - 88;Plants - 50;Viruses - 0;Other Eukaryotes - 27 (source: NCBI BLink).
AT2G22400.1,S-adenosyl-L-methionine-dependent methyltransferases superfamily protein
AT5G06970.1,Protein of unknown function (DUF810)
AT4G27040.1;AT4G27040.2;AT4G27040.3;AT4G27040.4,EAP30/Vps36 family protein
AT1G70310.1,spermidine synthase 2
AT1G27400.1,Ribosomal protein L22p/L17e family protein
AT1G80270.1;AT1G80270.2;AT1G80270.3,PENTATRICOPEPTIDE REPEAT 596
AT2G47580.1,spliceosomal protein U1A
AT3G20935.1;AT3G20940.1;AT3G20950.1,"cytochrome P450, family 705, subfamily A, polypeptide 28;cytochrome P450, family 705, subfamily A, polypeptide 30;cytochrome P450, family 705, subfamily A, polypeptide 32"
AT1G78020.1,Protein of unknown function (DUF581)
AT1G15200.1;AT1G15200.2;AT1G15200.3;AT1G15200.4,protein-protein interaction regulator family protein
AT3G47370.1;AT3G47370.2;AT3G47370.3,Ribosomal protein S10p/S20e family protein
AT1G74030.1,enolase 1
AT3G05590.1,ribosomal protein L18
AT4G01070.1,UDP-Glycosyltransferase superfamily protein
AT2G43030.1,Ribosomal protein L3 family protein
AT4G32915.1,"FUNCTIONS IN: molecular_function unknown;INVOLVED IN: regulation of translational fidelity;LOCATED IN: chloroplast;EXPRESSED IN: 22 plant structures;EXPRESSED DURING: 13 growth stages;CONTAINS InterPro DOMAIN/s: Glu-tRNAGln amidotransferase, C subunit (InterPro:IPR003837);Has 30201 Blast hits to 17322 proteins in 780 species: Archae - 12;Bacteria - 1396;Metazoa - 17338;Fungi - 3422;Plants - 5037;Viruses - 0;Other Eukaryotes - 2996 (source: NCBI BLink)."
AT5G19470.1;AT5G19470.2,nudix hydrolase homolog 24
AT3G07630.1;AT3G07630.2,arogenate dehydratase 2
AT5G21105.1;AT5G21105.3,Plant L-ascorbate oxidase
AT5G22480.1,ZPR1 zinc-finger domain protein
AT2G38710.1;AT2G38710.2,AMMECR1 family
AT5G43600.1,ureidoglycolate amidohydrolase
AT1G74690.1,IQ-domain 31
AT3G61130.1,galacturonosyltransferase 1
AT4G24680.1,modifier of snc1
AT1G15730.1,Cobalamin biosynthesis CobW-like protein
AT4G34700.1,LYR family of Fe/S cluster biogenesis protein
AT3G52170.1;AT3G52170.2,DNA binding
AT4G39800.1,myo-inositol-1-phosphate synthase 1
AT2G37060.1;AT2G37060.2;AT2G37060.3;AT3G53340.1,"nuclear factor Y, subunit B8;nuclear factor Y, subunit B8;nuclear factor Y, subunit B8;nuclear factor Y, subunit B10"
AT4G34840.1,Phosphorylase superfamily protein
AT5G51550.1,EXORDIUM like 3
AT5G53620.1;AT5G53620.2;AT5G53620.3,unknown protein;INVOLVED IN: biological_process unknown;EXPRESSED IN: 23 plant structures;EXPRESSED DURING: 13 growth stages;Has 28929 Blast hits to 19542 proteins in 1425 species: Archae - 211;Bacteria - 3079;Metazoa - 14558;Fungi - 2157;Plants - 966;Viruses - 80;Other Eukaryotes - 7878 (source: NCBI BLink).;unknown protein;INVOLVED IN: biological_process unknown;EXPRESSED IN: 23 plant structures;EXPRESSED DURING: 13 growth stages;Has 30201 Blast hits to 17322 proteins in 780 species: Archae - 12;Bacteria - 1396;Metazoa - 17338;Fungi - 3422;Plants - 5037;Viruses - 0;Other Eukaryotes - 2996 (source: NCBI BLink).;unknown protein;INVOLVED IN: biological_process unknown;EXPRESSED IN: 23 plant structures;EXPRESSED DURING: 13 growth stages;Has 28929 Blast hits to 19542 proteins in 1425 species: Archae - 211;Bacteria - 3079;Metazoa - 14558;Fungi - 2157;Plants - 966;Viruses - 80;Other Eukaryotes - 7878 (source: NCBI BLink).
AT5G11480.1,P-loop containing nucleoside triphosphate hydrolases superfamily protein
AT4G16450.1;AT4G16450.2,"unknown protein;FUNCTIONS IN: molecular_function unknown;INVOLVED IN: photorespiration;LOCATED IN: mitochondrion, mitochondrial membrane, mitochondrial respiratory chain complex I, respiratory chain complex I, membrane;EXPRESSED IN: 25 plant structures;EXPRESSED DURING: 15 growth stages;Has 30201 Blast hits to 17322 proteins in 780 species: Archae - 12;Bacteria - 1396;Metazoa - 17338;Fungi - 3422;Plants - 5037;Viruses - 0;Other Eukaryotes - 2996 (source: NCBI BLink).;unknown protein;FUNCTIONS IN: molecular_function unknown;INVOLVED IN: photorespiration;LOCATED IN: mitochondrion, mitochondrial membrane, mitochondrial respiratory chain complex I, respiratory chain complex I;EXPRESSED IN: 25 plant structures;EXPRESSED DURING: 15 growth stages."
AT3G13940.1,DNA binding;DNA-directed RNA polymerases
AT2G22360.1,DNAJ heat shock family protein
AT2G05920.1,Subtilase family protein
AT1G48420.1,D-cysteine desulfhydrase
AT3G08943.1,ARM repeat superfamily protein
AT3G06430.1,Tetratricopeptide repeat (TPR)-like superfamily protein
AT1G52680.1,late embryogenesis abundant protein-related / LEA protein-related
AT2G05120.1,"Nucleoporin, Nup133/Nup155-like"
AT2G45600.1,alpha/beta-Hydrolases superfamily protein
AT1G78915.1;AT1G78915.2;AT1G78915.3,Tetratricopeptide repeat (TPR)-like superfamily protein
AT5G41520.1,RNA binding Plectin/S10 domain-containing protein
AT5G27850.1,Ribosomal protein L18e/L15 superfamily protein
AT5G09390.1;AT5G09390.2,CD2-binding protein-related
AT5G09510.1,Ribosomal protein S19 family protein
AT2G35390.1;AT2G35390.2,Phosphoribosyltransferase family protein
AT2G35450.1,catalytics;hydrolases
AT5G20720.1;AT5G20720.2;AT5G20720.3,chaperonin 20
AT4G34050.1,S-adenosyl-L-methionine-dependent methyltransferases superfamily protein
AT1G01140.1;AT1G01140.2;AT1G01140.3,CBL-interacting protein kinase 9
AT5G09760.1,Plant invertase/pectin methylesterase inhibitor superfamily
AT3G03780.1;AT3G03780.2;AT3G03780.3,methionine synthase 2
AT5G67320.1,WD-40 repeat family protein
AT3G60180.1;AT3G60180.2,P-loop containing nucleoside triphosphate hydrolases superfamily protein
AT3G22960.1,Pyruvate kinase family protein
AT1G10510.1,RNI-like superfamily protein
AT1G62800.1;AT1G62800.2,aspartate aminotransferase 4
AT4G10500.1,2-oxoglutarate (2OG) and Fe(II)-dependent oxygenase superfamily protein
AT5G57040.1,Lactoylglutathione lyase / glyoxalase I family protein
AT2G43460.1;AT3G59540.1,Ribosomal L38e protein family
AT5G63380.1,AMP-dependent synthetase and ligase family protein
AT4G34430.1;AT4G34430.2;AT4G34430.3;AT4G34430.4,DNA-binding family protein
AT1G32440.1,plastidial pyruvate kinase 3
AT2G27680.1,NAD(P)-linked oxidoreductase superfamily protein
AT5G15610.2,Proteasome component (PCI) domain protein
AT3G62770.1;AT3G62770.3,Transducin/WD40 repeat-like superfamily protein
AT1G80600.1,HOPW1-1-interacting 1
AT2G30260.1,U2 small nuclear ribonucleoprotein B
AT5G26710.1,"Glutamyl/glutaminyl-tRNA synthetase, class Ic"
AT1G04980.1,PDI-like 2-2
ATCG00430.1,photosystem II reaction center protein G
AT4G31050.1,Biotin/lipoate A/B protein ligase family
AT3G20670.1,histone H2A 13
AT1G65700.1;AT1G65700.2,Small nuclear ribonucleoprotein family protein
AT2G25800.1,Protein of unknown function (DUF810)
AT3G09200.1,Ribosomal protein L10 family protein
AT4G33510.1,3-deoxy-d-arabino-heptulosonate 7-phosphate synthase
AT5G58240.1;AT5G58240.2,FRAGILE HISTIDINE TRIAD
AT5G08280.1,hydroxymethylbilane synthase
AT1G79270.1,evolutionarily conserved C-terminal region 8
AT4G29610.1,Cytidine/deoxycytidylate deaminase family protein
AT5G23880.1,cleavage and polyadenylation specificity factor 100
AT1G01730.1,unknown protein;FUNCTIONS IN: molecular_function unknown;INVOLVED IN: biological_process unknown;LOCATED IN: chloroplast;EXPRESSED IN: 23 plant structures;EXPRESSED DURING: 13 growth stages;Has 42 Blast hits to 42 proteins in 17 species: Archae - 0;Bacteria - 2;Metazoa - 5;Fungi - 1;Plants - 34;Viruses - 0;Other Eukaryotes - 0 (source: NCBI BLink).
AT1G65920.1,Regulator of chromosome condensation (RCC1) family with FYVE zinc finger domain
AT1G48760.1;AT1G48760.2;AT1G48760.3,delta-adaptin
AT3G16450.1;AT3G16450.2;AT3G16450.3,Mannose-binding lectin superfamily protein
AT1G50575.1,Putative lysine decarboxylase family protein
AT4G11820.1,hydroxymethylglutaryl-CoA synthase / HMG-CoA synthase / 3-hydroxy-3-methylglutaryl coenzyme A synthase
AT1G18440.1,Peptidyl-tRNA hydrolase family protein
AT3G01310.2,Phosphoglycerate mutase-like family protein
AT5G39210.1,chlororespiratory reduction 7
AT2G37790.1,NAD(P)-linked oxidoreductase superfamily protein
AT3G16260.1,tRNAse Z4
AT3G27050.1,unknown protein;Has 43 Blast hits to 43 proteins in 17 species: Archae - 0;Bacteria - 0;Metazoa - 0;Fungi - 0;Plants - 40;Viruses - 0;Other Eukaryotes - 3 (source: NCBI BLink).
AT2G43100.1,isopropylmalate isomerase 2
AT2G27860.1,UDP-D-apiose/UDP-D-xylose synthase 1
AT1G27570.1;AT1G27570.2,phosphatidylinositol 3- and 4-kinase family protein
AT1G31800.1,"cytochrome P450, family 97, subfamily A, polypeptide 3"
AT3G12260.1,LYR family of Fe/S cluster biogenesis protein
AT4G31340.1;AT4G31340.2,myosin heavy chain-related
AT5G54390.1,HAL2-like
AT5G49030.1;AT5G49030.3,"tRNA synthetase class I (I, L, M and V) family protein;tRNA synthetase class I (I, L, M and V) family protein"
AT5G13280.1,aspartate kinase 1
AT1G65860.1,flavin-monooxygenase glucosinolate S-oxygenase 1
AT3G49910.1,Translation protein SH3-like family protein
AT3G23390.1;AT4G14320.1,Zinc-binding ribosomal protein family protein
AT5G18110.1,novel cap-binding protein
AT2G30470.1,high-level expression of sugar-inducible gene 2
AT1G44820.1,Peptidase M20/M25/M40 family protein
AT3G51000.1,alpha/beta-Hydrolases superfamily protein
AT2G35240.1,"plastid developmental protein DAG, putative"
AT4G37210.1,Tetratricopeptide repeat (TPR)-like superfamily protein
AT3G53560.1,Tetratricopeptide repeat (TPR)-like superfamily protein
AT3G24190.1,Protein kinase superfamily protein
AT3G30841.1,Cofactor-independent phosphoglycerate mutase
AT5G45930.1,magnesium chelatase i2
AT1G70650.2,Ran BP2/NZF zinc finger-like superfamily protein
AT2G35510.1,similar to RCD one 1
AT2G15690.1,Tetratricopeptide repeat (TPR)-like superfamily protein
AT1G04480.1;AT2G33370.1;AT3G04400.1;AT3G04400.2,Ribosomal protein L14p/L23e family protein
AT3G15410.1;AT3G15410.2,Leucine-rich repeat (LRR) family protein
AT5G39500.1,GNOM-like 1
AT1G07320.1,ribosomal protein L4
AT3G47650.1,DnaJ/Hsp40 cysteine-rich domain superfamily protein
AT4G33680.1,Pyridoxal phosphate (PLP)-dependent transferases superfamily protein
AT1G23180.1,ARM repeat superfamily protein
AT3G45740.1,hydrolase family protein / HAD-superfamily protein
AT4G21770.1,Pseudouridine synthase family protein
AT3G18940.1,clast3-related
AT2G20450.1,Ribosomal protein L14
AT4G23100.1;AT4G23100.3,glutamate-cysteine ligase
AT4G38420.1,SKU5 similar 9
AT5G57700.1;AT5G57700.2;AT5G57700.3;AT5G57700.4,BNR/Asp-box repeat family protein
AT5G59210.1;AT5G59210.2,myosin heavy chain-related
AT1G60170.1,pre-mRNA processing ribonucleoprotein binding region-containing protein
AT2G21650.1,Homeodomain-like superfamily protein
AT3G58180.1,ARM repeat superfamily protein
AT1G79650.1;AT1G79650.4,Rad23 UV excision repair protein family
AT4G30220.1,small nuclear ribonucleoprotein F
AT1G54350.1,ABC transporter family protein
AT1G27030.1,unknown protein;BEST Arabidopsis thaliana protein match is: unknown protein (TAIR:AT1G27020.1);Has 504 Blast hits to 502 proteins in 169 species: Archae - 0;Bacteria - 299;Metazoa - 0;Fungi - 0;Plants - 67;Viruses - 0;Other Eukaryotes - 138 (source: NCBI BLink).
AT2G17420.1,NADPH-dependent thioredoxin reductase A
AT2G20930.1,SNARE-like superfamily protein
AT3G07590.1;AT3G07590.2,Small nuclear ribonucleoprotein family protein
AT3G18130.1,receptor for activated C kinase 1C
AT1G04870.1;AT1G04870.2,protein arginine methyltransferase 10
AT5G37720.1;AT5G37720.2,ALWAYS EARLY 4
AT5G38060.1,unknown protein;FUNCTIONS IN: molecular_function unknown;INVOLVED IN: biological_process unknown;LOCATED IN: chloroplast;BEST Arabidopsis thaliana protein match is: unknown protein (TAIR:AT1G65000.1);Has 1807 Blast hits to 1807 proteins in 277 species: Archae - 0;Bacteria - 0;Metazoa - 736;Fungi - 347;Plants - 385;Viruses - 0;Other Eukaryotes - 339 (source: NCBI BLink).
AT2G27820.1,prephenate dehydratase 1
AT5G51660.1,cleavage and polyadenylation specificity factor 160
AT1G80480.1,plastid transcriptionally active 17
AT3G19000.1;AT3G19000.2,2-oxoglutarate (2OG) and Fe(II)-dependent oxygenase superfamily protein
AT1G33330.1,Class I peptide chain release factor
AT5G47890.1,"NADH-ubiquinone oxidoreductase B8 subunit, putative"
AT3G47620.1,"TEOSINTE BRANCHED, cycloidea and PCF (TCP) 14"
AT1G32200.1;AT1G32200.2,phospholipid/glycerol acyltransferase family protein
AT2G29550.1,tubulin beta-7 chain
AT5G12190.1,RNA-binding (RRM/RBD/RNP motifs) family protein
AT2G44040.1,"Dihydrodipicolinate reductase, bacterial/plant"
AT1G64900.1,"cytochrome P450, family 89, subfamily A, polypeptide 2"
AT3G57180.1,P-loop containing nucleoside triphosphate hydrolases superfamily protein
AT5G62560.1,RING/U-box superfamily protein with ARM repeat domain
AT3G17390.1,S-adenosylmethionine synthetase family protein
AT2G31660.1,ARM repeat superfamily protein
AT4G13550.1,triglyceride lipases
AT5G09510.2,Ribosomal protein S19 family protein
AT2G40590.1,Ribosomal protein S26e family protein
AT2G20820.1;AT2G20820.2,unknown protein;Has 44 Blast hits to 44 proteins in 13 species: Archae - 0;Bacteria - 0;Metazoa - 0;Fungi - 0;Plants - 44;Viruses - 0;Other Eukaryotes - 0 (source: NCBI BLink).;unknown protein;Has 36 Blast hits to 36 proteins in 10 species: Archae - 0;Bacteria - 0;Metazoa - 0;Fungi - 0;Plants - 36;Viruses - 0;Other Eukaryotes - 0 (source: NCBI BLink).
AT3G43170.1,unknown protein;CONTAINS InterPro DOMAIN/s: Protein of unknown function DUF295 (InterPro:IPR005174);BEST Arabidopsis thaliana protein match is: Protein of unknown function (DUF295) (TAIR:AT5G54330.1);Has 90 Blast hits to 90 proteins in 2 species: Archae - 0;Bacteria - 0;Metazoa - 0;Fungi - 0;Plants - 90;Viruses - 0;Other Eukaryotes - 0 (source: NCBI BLink).
AT1G29250.1,Alba DNA/RNA-binding protein
AT5G27970.1;AT5G27970.2,ARM repeat superfamily protein
AT4G31750.1,HOPW1-1-interacting 2
AT3G02540.1;AT3G02540.3,Rad23 UV excision repair protein family
AT1G14210.1,Ribonuclease T2 family protein
AT2G19780.1,Leucine-rich repeat (LRR) family protein
AT5G61030.1,glycine-rich RNA-binding protein 3
AT3G15790.1,methyl-CPG-binding domain 11
AT5G59140.1,BTB/POZ domain-containing protein
AT3G02760.1,Class II aaRS and biotin synthetases superfamily protein
AT1G18080.1,Transducin/WD40 repeat-like superfamily protein
AT5G05470.1,eukaryotic translation initiation factor 2 alpha subunit
AT3G49140.1,Pentatricopeptide repeat (PPR) superfamily protein
AT1G51730.1,Ubiquitin-conjugating enzyme family protein
AT1G08200.1,UDP-D-apiose/UDP-D-xylose synthase 2
AT2G34620.1,Mitochondrial transcription termination factor family protein
AT3G18420.1,Protein prenylyltransferase superfamily protein
AT3G21630.1,chitin elicitor receptor kinase 1
AT4G02510.1,translocon at the outer envelope membrane of chloroplasts 159
AT5G20630.1,germin 3
AT2G42740.1;AT3G58700.1;AT4G18730.1;AT5G45775.1;AT5G45775.2,ribosomal protein large subunit 16A;Ribosomal L5P family protein;ribosomal protein L16B;Ribosomal L5P family protein;Ribosomal L5P family protein
AT5G15490.1,UDP-glucose 6-dehydrogenase family protein
AT3G14930.1;AT3G14930.2,Uroporphyrinogen decarboxylase
AT4G20980.1;AT4G20980.2;AT4G20980.3;AT4G20980.4,Eukaryotic translation initiation factor 3 subunit 7 (eIF-3)
AT3G58680.1,multiprotein bridging factor 1B
AT3G51920.1,calmodulin 9
AT5G55220.1,trigger factor type chaperone family protein
AT5G46210.1,cullin4
AT2G23560.1,methyl esterase 7
AT5G17560.1,BolA-like family protein
AT5G53070.1,Ribosomal protein L9/RNase H1
AT4G15415.1;AT4G15415.2,Protein phosphatase 2A regulatory B subunit family protein
AT1G12230.1;AT1G12230.2,Aldolase superfamily protein
AT2G21790.1,ribonucleotide reductase 1
AT5G48180.1,nitrile specifier protein 5
AT5G40390.1,Raffinose synthase family protein
AT4G33360.1;AT4G33360.3,NAD(P)-binding Rossmann-fold superfamily protein
AT5G02960.1,Ribosomal protein S12/S23 family protein
AT5G18420.1;AT5G18420.2;AT5G18420.3,unknown protein;FUNCTIONS IN: molecular_function unknown;INVOLVED IN: biological_process unknown;LOCATED IN: cellular_component unknown;EXPRESSED IN: 25 plant structures;EXPRESSED DURING: 15 growth stages;CONTAINS InterPro DOMAIN/s: Protein of unknown function DUF2363 (InterPro:IPR019312);Has 1807 Blast hits to 1807 proteins in 277 species: Archae - 0;Bacteria - 0;Metazoa - 736;Fungi - 347;Plants - 385;Viruses - 0;Other Eukaryotes - 339 (source: NCBI BLink).;unknown protein;FUNCTIONS IN: molecular_function unknown;INVOLVED IN: biological_process unknown;LOCATED IN: cellular_component unknown;EXPRESSED IN: 25 plant structures;EXPRESSED DURING: 15 growth stages;CONTAINS InterPro DOMAIN/s: Protein of unknown function DUF2363 (InterPro:IPR019312);Has 233 Blast hits to 233 proteins in 86 species: Archae - 0;Bacteria - 0;Metazoa - 106;Fungi - 2;Plants - 59;Viruses - 0;Other Eukaryotes - 66 (source: NCBI BLink).;unknown protein;FUNCTIONS IN: molecular_function unknown;INVOLVED IN: biological_process unknown;LOCATED IN: cellular_component unknown;EXPRESSED IN: 25 plant structures;EXPRESSED DURING: 15 growth stages;CONTAINS InterPro DOMAIN/s: Protein of unknown function DUF2363 (InterPro:IPR019312);Has 35333 Blast hits to 34131 proteins in 2444 species: Archae - 798;Bacteria - 22429;Metazoa - 974;Fungi - 991;Plants - 531;Viruses - 0;Other Eukaryotes - 9610 (source: NCBI BLink).
AT3G08960.1,ARM repeat superfamily protein
AT2G01918.1,PsbQ-like 3
AT4G16830.1,Hyaluronan / mRNA binding family
AT5G51940.1,RNA polymerase Rpb6
AT5G45190.1;AT5G45190.2,Cyclin family protein
AT3G56130.1,biotin/lipoyl attachment domain-containing protein
AT5G55480.1,SHV3-like 1
AT1G71270.1,Vps52 / Sac2 family
AT3G61490.1;AT3G61490.2;AT3G61490.3,Pectin lyase-like superfamily protein
AT3G12145.1,Leucine-rich repeat (LRR) family protein
AT5G52920.1,plastidic pyruvate kinase beta subunit 1
AT4G27760.1,NAD(P)-binding Rossmann-fold superfamily protein
AT5G66720.1;AT5G66720.2,Protein phosphatase 2C family protein
AT4G37300.1,maternal effect embryo arrest 59
AT1G19920.1,Pseudouridine synthase/archaeosine transglycosylase-like family protein
AT3G15810.1,Protein of unknown function (DUF567)
AT2G20360.1,NAD(P)-binding Rossmann-fold superfamily protein
AT1G21600.1;AT1G21600.2,plastid transcriptionally active 6
AT1G03630.1;AT1G03630.2,protochlorophyllide oxidoreductase C
AT5G10920.1,L-Aspartase-like family protein
AT2G46370.1;AT2G46370.2;AT2G46370.4,Auxin-responsive GH3 family protein
AT5G11810.1,unknown protein;Has 1807 Blast hits to 1807 proteins in 277 species: Archae - 0;Bacteria - 0;Metazoa - 736;Fungi - 347;Plants - 385;Viruses - 0;Other Eukaryotes - 339 (source: NCBI BLink).
AT4G25660.1,PPPDE putative thiol peptidase family protein
AT4G38690.1,PLC-like phosphodiesterases superfamily protein
AT4G26720.1,protein phosphatase X 1
AT5G61170.1,Ribosomal protein S19e family protein
AT5G36160.1,Tyrosine transaminase family protein
AT1G67700.1;AT1G67700.2,"unknown protein;FUNCTIONS IN: molecular_function unknown;INVOLVED IN: biological_process unknown;LOCATED IN: chloroplast, chloroplast envelope;EXPRESSED IN: 22 plant structures;EXPRESSED DURING: 13 growth stages;Has 49 Blast hits to 49 proteins in 20 species: Archae - 0;Bacteria - 0;Metazoa - 0;Fungi - 0;Plants - 44;Viruses - 0;Other Eukaryotes - 5 (source: NCBI BLink).;unknown protein;FUNCTIONS IN: molecular_function unknown;INVOLVED IN: biological_process unknown;LOCATED IN: chloroplast, chloroplast envelope;EXPRESSED IN: 22 plant structures;EXPRESSED DURING: 13 growth stages;Has 49 Blast hits to 49 proteins in 20 species: Archae - 0;Bacteria - 0;Metazoa - 0;Fungi - 0;Plants - 44;Viruses - 0;Other Eukaryotes - 5 (source: NCBI BLink)."
AT5G44635.1,minichromosome maintenance (MCM2/3/5) family protein
AT1G34220.1;AT1G34220.2,Regulator of Vps4 activity in the MVB pathway protein
AT4G05090.1,Inositol monophosphatase family protein
AT4G00100.1,ribosomal protein S13A
AT3G11330.1,plant intracellular ras group-related LRR 9
AT4G29410.1;AT4G29410.2,Ribosomal L28e protein family
AT4G31840.1,early nodulin-like protein 15
AT1G16445.1,S-adenosyl-L-methionine-dependent methyltransferases superfamily protein
AT1G23460.1,Pectin lyase-like superfamily protein
AT1G05560.1,UDP-glucosyltransferase 75B1
AT2G47730.1,glutathione S-transferase phi 8
AT1G19730.1,Thioredoxin superfamily protein
AT2G32640.1,Lycopene beta/epsilon cyclase protein
AT2G27200.1,P-loop containing nucleoside triphosphate hydrolases superfamily protein
AT2G38730.1,Cyclophilin-like peptidyl-prolyl cis-trans isomerase family protein
AT1G44790.1,ChaC-like family protein
AT5G03940.1,chloroplast signal recognition particle 54 kDa subunit
AT4G04770.1,ATP binding cassette protein 1
AT3G02260.1,auxin transport protein (BIG)
AT2G03510.1,SPFH/Band 7/PHB domain-containing membrane-associated protein family
AT5G67360.1,Subtilase family protein
AT4G03240.1,frataxin homolog
AT2G45770.1;AT2G45770.2,"signal recognition particle receptor protein, chloroplast (FTSY);signal recognition particle receptor protein, chloroplast (FTSY)"
AT4G09160.1,SEC14 cytosolic factor family protein / phosphoglyceride transfer family protein
AT3G17840.1,receptor-like kinase 902
AT1G56110.1,homolog of nucleolar protein NOP56
AT4G21990.1,APS reductase 3
AT1G63220.1;AT1G63220.2,Calcium-dependent lipid-binding (CaLB domain) family protein
AT1G67950.1;AT1G67950.2;AT1G67950.3,RNA-binding (RRM/RBD/RNP motifs) family protein
AT5G20610.1,unknown protein;BEST Arabidopsis thaliana protein match is: unknown protein (TAIR:AT5G26160.1);Has 918 Blast hits to 759 proteins in 180 species: Archae - 6;Bacteria - 105;Metazoa - 264;Fungi - 89;Plants - 167;Viruses - 5;Other Eukaryotes - 282 (source: NCBI BLink).
AT3G59650.1;AT3G59650.2,mitochondrial ribosomal protein L51/S25/CI-B8 family protein
AT4G28710.1,Myosin family protein with Dil domain
AT1G50450.1,Saccharopine dehydrogenase
AT5G55740.1,Tetratricopeptide repeat (TPR)-like superfamily protein
AT5G28500.1,"unknown protein;FUNCTIONS IN: molecular_function unknown;INVOLVED IN: biological_process unknown;LOCATED IN: chloroplast stroma, chloroplast;EXPRESSED IN: 23 plant structures;EXPRESSED DURING: 13 growth stages;BEST Arabidopsis thaliana protein match is: unknown protein (TAIR:AT3G04550.1);Has 109 Blast hits to 109 proteins in 49 species: Archae - 0;Bacteria - 67;Metazoa - 0;Fungi - 0;Plants - 41;Viruses - 0;Other Eukaryotes - 1 (source: NCBI BLink)."
AT5G19855.1,Chaperonin-like RbcX protein
AT2G36160.1,Ribosomal protein S11 family protein
AT4G26500.1,chloroplast sulfur E
AT1G36390.1;AT1G36390.2,Co-chaperone GrpE family protein
AT3G01180.1,starch synthase 2
AT1G17140.1;AT1G17140.2,interactor of constitutive active rops 1
AT5G66410.1,phosducin-like protein 3 homolog
AT1G02780.1,Ribosomal protein L19e family protein
AT3G46010.1;AT3G46010.2,actin depolymerizing factor 1
AT2G36810.1,ARM repeat superfamily protein
AT1G43710.1,Pyridoxal phosphate (PLP)-dependent transferases superfamily protein
AT1G04750.1;AT1G04750.2,vesicle-associated membrane protein 721
AT5G17840.1,DnaJ/Hsp40 cysteine-rich domain superfamily protein
AT2G43750.1;AT2G43750.2,O-acetylserine (thiol) lyase B
AT1G63610.1;AT1G63610.2,unknown protein;FUNCTIONS IN: molecular_function unknown;INVOLVED IN: biological_process unknown;LOCATED IN: chloroplast;EXPRESSED IN: 22 plant structures;EXPRESSED DURING: 13 growth stages;BEST Arabidopsis thaliana protein match is: unknown protein (TAIR:AT2G14910.1);Has 537 Blast hits to 411 proteins in 100 species: Archae - 0;Bacteria - 231;Metazoa - 0;Fungi - 0;Plants - 94;Viruses - 0;Other Eukaryotes - 212 (source: NCBI BLink).;unknown protein;FUNCTIONS IN: molecular_function unknown;INVOLVED IN: biological_process unknown;LOCATED IN: chloroplast;EXPRESSED IN: 22 plant structures;EXPRESSED DURING: 13 growth stages;BEST Arabidopsis thaliana protein match is: unknown protein (TAIR:AT2G14910.1);Has 35333 Blast hits to 34131 proteins in 2444 species: Archae - 798;Bacteria - 22429;Metazoa - 974;Fungi - 991;Plants - 531;Viruses - 0;Other Eukaryotes - 9610 (source: NCBI BLink).
AT3G14205.1,Phosphoinositide phosphatase family protein
AT1G54490.1,exoribonuclease 4
AT3G59020.1;AT3G59020.2,ARM repeat superfamily protein
AT5G06120.2;AT5G06120.3;AT5G06120.4,ARM repeat superfamily protein
AT3G26520.1,tonoplast intrinsic protein 2
AT5G13360.1;AT5G13360.2;AT5G13360.3,Auxin-responsive GH3 family protein
AT5G61410.1;AT5G61410.2,D-ribulose-5-phosphate-3-epimerase
AT5G01210.1,HXXXD-type acyl-transferase family protein
AT3G02660.1,"Tyrosyl-tRNA synthetase, class Ib, bacterial/mitochondrial"
AT2G28290.1;AT2G28290.2;AT2G28290.3,P-loop containing nucleoside triphosphate hydrolases superfamily protein
AT2G40490.1,Uroporphyrinogen decarboxylase
AT1G24610.1,Rubisco methyltransferase family protein
AT4G03560.1,two-pore  channel 1
AT4G34870.1,rotamase cyclophilin 5
AT1G66900.1,alpha/beta-Hydrolases superfamily protein
AT2G04270.1;AT2G04270.2;AT2G04270.3;AT2G04270.4;AT2G04270.5,RNAse E/G-like
AT5G42950.1,GYF domain-containing protein
AT5G60640.1,PDI-like 1-4
AT3G50670.1,U1 small nuclear ribonucleoprotein-70K
AT2G03150.1,ATP/GTP-binding protein family
AT5G37340.1;AT5G37340.2;AT5G37340.3,ZPR1 zinc-finger domain protein
AT5G25460.1,"Protein of unknown function, DUF642"
AT2G32030.1,Acyl-CoA N-acyltransferases (NAT) superfamily protein
AT3G28760.1;AT3G28760.2,"FUNCTIONS IN: molecular_function unknown;INVOLVED IN: biological_process unknown;LOCATED IN: chloroplast;EXPRESSED IN: 20 plant structures;EXPRESSED DURING: 13 growth stages;CONTAINS InterPro DOMAIN/s: 3-dehydroquinate synthase, prokaryotic-type (InterPro:IPR002812);Has 390 Blast hits to 390 proteins in 131 species: Archae - 144;Bacteria - 105;Metazoa - 0;Fungi - 0;Plants - 54;Viruses - 0;Other Eukaryotes - 87 (source: NCBI BLink).;CONTAINS InterPro DOMAIN/s: 3-dehydroquinate synthase, prokaryotic-type (InterPro:IPR002812);Has 35333 Blast hits to 34131 proteins in 2444 species: Archae - 798;Bacteria - 22429;Metazoa - 974;Fungi - 991;Plants - 531;Viruses - 0;Other Eukaryotes - 9610 (source: NCBI BLink)."
AT1G50710.1,unknown protein;Has 109 Blast hits to 109 proteins in 44 species: Archae - 0;Bacteria - 2;Metazoa - 61;Fungi - 8;Plants - 36;Viruses - 0;Other Eukaryotes - 2 (source: NCBI BLink).
AT2G23930.1;AT2G23930.2;AT3G11500.1,probable small nuclear ribonucleoprotein G;probable small nuclear ribonucleoprotein G;Small nuclear ribonucleoprotein family protein
AT4G36940.1,nicotinate phosphoribosyltransferase 1
AT5G13710.1;AT5G13710.2,sterol methyltransferase 1
AT3G21200.1,proton gradient regulation 7
AT1G75040.1,pathogenesis-related gene 5
AT1G32550.1;AT1G32550.2,2Fe-2S ferredoxin-like superfamily protein
AT2G35920.1,RNA helicase family protein
AT1G16880.1,uridylyltransferase-related
AT4G31210.1,"DNA topoisomerase, type IA, core"
AT3G21055.1,photosystem II subunit T
AT4G23730.1,Galactose mutarotase-like superfamily protein
AT5G23740.1,ribosomal protein S11-beta
AT5G13520.1,peptidase M1 family protein
AT3G06610.1,DNA-binding enhancer protein-related
AT1G16850.1,"unknown protein;FUNCTIONS IN: molecular_function unknown;INVOLVED IN: response to salt stress;LOCATED IN: endomembrane system;EXPRESSED IN: leaf apex, leaf whorl, male gametophyte, flower, leaf;EXPRESSED DURING: LP.06 six leaves visible, LP.04 four leaves visible, LP.10 ten leaves visible, petal differentiation and expansion stage, LP.08 eight leaves visible;BEST Arabidopsis thaliana protein match is: unknown protein (TAIR:AT5G64820.1);Has 24 Blast hits to 24 proteins in 6 species: Archae - 0;Bacteria - 0;Metazoa - 0;Fungi - 0;Plants - 24;Viruses - 0;Other Eukaryotes - 0 (source: NCBI BLink)."
AT5G67030.1,zeaxanthin epoxidase (ZEP) (ABA1)
AT1G10840.1,translation initiation factor 3 subunit H1
AT2G41950.1,"unknown protein;FUNCTIONS IN: molecular_function unknown;INVOLVED IN: biological_process unknown;LOCATED IN: chloroplast, plant-type cell wall;EXPRESSED IN: 22 plant structures;EXPRESSED DURING: 13 growth stages;Has 53 Blast hits to 53 proteins in 24 species: Archae - 0;Bacteria - 27;Metazoa - 0;Fungi - 0;Plants - 26;Viruses - 0;Other Eukaryotes - 0 (source: NCBI BLink)."
AT5G42390.1,Insulinase (Peptidase family M16) family protein
AT5G08370.1;AT5G08370.2,alpha-galactosidase 2
AT1G62390.1,Octicosapeptide/Phox/Bem1p (PB1) domain-containing protein / tetratricopeptide repeat (TPR)-containing protein
AT3G18080.1,B-S glucosidase 44
AT2G22870.1,P-loop containing nucleoside triphosphate hydrolases superfamily protein
AT2G20050.1;AT2G20050.2,protein serine/threonine phosphatases;protein kinases;catalytics;cAMP-dependent protein kinase regulators;ATP binding;protein serine/threonine phosphatases;protein serine/threonine phosphatases;protein kinases;catalytics;cAMP-dependent protein kinase regulators;ATP binding;protein serine/threonine phosphatases
AT4G14960.1,Tubulin/FtsZ family protein
AT1G22660.1;AT1G22660.2,Polynucleotide adenylyltransferase family protein
AT2G40890.1,"cytochrome P450, family 98, subfamily A, polypeptide 3"
AT3G16565.1;AT3G16565.2,"alanine-tRNA ligases;nucleic acid binding;ligases, forming aminoacyl-tRNA and related compounds;nucleotide binding;ATP binding;alanine-tRNA ligases;nucleic acid binding;ligases, forming aminoacyl-tRNA and related compounds;nucleotide binding;ATP binding"
AT5G61820.1,FUNCTIONS IN: molecular_function unknown;INVOLVED IN: biological_process unknown;LOCATED IN: vacuole;EXPRESSED IN: 24 plant structures;EXPRESSED DURING: 15 growth stages;CONTAINS InterPro DOMAIN/s: Stress up-regulated Nod 19 (InterPro:IPR011692);Has 30201 Blast hits to 17322 proteins in 780 species: Archae - 12;Bacteria - 1396;Metazoa - 17338;Fungi - 3422;Plants - 5037;Viruses - 0;Other Eukaryotes - 2996 (source: NCBI BLink).
AT5G15802.1,unknown protein;FUNCTIONS IN: molecular_function unknown;INVOLVED IN: biological_process unknown;LOCATED IN: endomembrane system;Has 35 Blast hits to 35 proteins in 15 species: Archae - 0;Bacteria - 4;Metazoa - 0;Fungi - 0;Plants - 31;Viruses - 0;Other Eukaryotes - 0 (source: NCBI BLink).
AT1G10522.1;AT1G10522.2,unknown protein;FUNCTIONS IN: molecular_function unknown;INVOLVED IN: biological_process unknown;LOCATED IN: chloroplast;EXPRESSED IN: 23 plant structures;EXPRESSED DURING: 13 growth stages;Has 24 Blast hits to 24 proteins in 8 species: Archae - 0;Bacteria - 0;Metazoa - 0;Fungi - 0;Plants - 24;Viruses - 0;Other Eukaryotes - 0 (source: NCBI BLink).;unknown protein;FUNCTIONS IN: molecular_function unknown;INVOLVED IN: biological_process unknown;LOCATED IN: chloroplast;EXPRESSED IN: 23 plant structures;EXPRESSED DURING: 13 growth stages;Has 24 Blast hits to 24 proteins in 8 species: Archae - 0;Bacteria - 0;Metazoa - 0;Fungi - 0;Plants - 24;Viruses - 0;Other Eukaryotes - 0 (source: NCBI BLink).
AT2G27530.1;AT2G27530.2,Ribosomal protein L1p/L10e family
AT5G44730.1;AT5G44730.2,Haloacid dehalogenase-like hydrolase (HAD) superfamily protein
AT3G03940.1,Protein kinase family protein
AT4G02340.1,alpha/beta-Hydrolases superfamily protein
AT5G62270.1;AT5G62270.2,BEST Arabidopsis thaliana protein match is: mucin-related (TAIR:AT2G02880.1);Has 35333 Blast hits to 34131 proteins in 2444 species: Archae - 798;Bacteria - 22429;Metazoa - 974;Fungi - 991;Plants - 531;Viruses - 0;Other Eukaryotes - 9610 (source: NCBI BLink).;FUNCTIONS IN: molecular_function unknown;INVOLVED IN: biological_process unknown;LOCATED IN: cellular_component unknown;BEST Arabidopsis thaliana protein match is: mucin-related (TAIR:AT2G02880.1).
AT1G69020.1,Prolyl oligopeptidase family protein
AT5G23330.1,Nucleotidylyl transferase superfamily protein
AT2G04390.1;AT2G05220.1;AT2G05220.2;AT3G10610.1;AT5G04800.1;AT5G04800.2;AT5G04800.3;AT5G04800.4,Ribosomal S17 family protein
AT5G65730.1,xyloglucan endotransglucosylase/hydrolase 6
AT4G28250.1;AT4G28250.2,expansin B3
AT3G45050.1;AT3G45050.2;AT3G45050.3;AT3G45050.4,unknown protein;FUNCTIONS IN: molecular_function unknown;INVOLVED IN: biological_process unknown;LOCATED IN: chloroplast;EXPRESSED IN: 22 plant structures;EXPRESSED DURING: 13 growth stages;Has 26 Blast hits to 26 proteins in 11 species: Archae - 0;Bacteria - 0;Metazoa - 0;Fungi - 0;Plants - 26;Viruses - 0;Other Eukaryotes - 0 (source: NCBI BLink).;unknown protein;FUNCTIONS IN: molecular_function unknown;INVOLVED IN: biological_process unknown;LOCATED IN: chloroplast;EXPRESSED IN: 22 plant structures;EXPRESSED DURING: 13 growth stages;Has 28 Blast hits to 28 proteins in 12 species: Archae - 0;Bacteria - 2;Metazoa - 0;Fungi - 0;Plants - 26;Viruses - 0;Other Eukaryotes - 0 (source: NCBI BLink).;unknown protein;FUNCTIONS IN: molecular_function unknown;INVOLVED IN: biological_process unknown;LOCATED IN: chloroplast;EXPRESSED IN: 22 plant structures;EXPRESSED DURING: 13 growth stages;Has 28 Blast hits to 28 proteins in 12 species: Archae - 0;Bacteria - 2;Metazoa - 0;Fungi - 0;Plants - 26;Viruses - 0;Other Eukaryotes - 0 (source: NCBI BLink).;unknown protein;FUNCTIONS IN: molecular_function unknown;INVOLVED IN: biological_process unknown;LOCATED IN: chloroplast;EXPRESSED IN: 22 plant structures;EXPRESSED DURING: 13 growth stages;Has 35333 Blast hits to 34131 proteins in 2444 species: Archae - 798;Bacteria - 22429;Metazoa - 974;Fungi - 991;Plants - 531;Viruses - 0;Other Eukaryotes - 9610 (source: NCBI BLink).
AT2G37590.1,DNA binding with one finger 2.4
AT3G45650.1,nitrate excretion transporter1
ATCG00180.1,DNA-directed RNA polymerase family protein
AT1G48430.1,Dihydroxyacetone kinase
AT3G02230.1,reversibly glycosylated polypeptide 1
AT3G03630.1,cysteine synthase 26
AT4G39210.1,Glucose-1-phosphate adenylyltransferase family protein
AT3G15980.1;AT3G15980.2;AT3G15980.3;AT3G15980.4,"Coatomer, beta' subunit;Coatomer, beta' subunit;Coatomer, beta' subunit;Coatomer, beta' subunit"
AT5G39940.1;AT5G39940.2,FAD/NAD(P)-binding oxidoreductase family protein
AT5G44110.1,P-loop containing nucleoside triphosphate hydrolases superfamily protein
AT2G02160.1,CCCH-type zinc finger family protein
AT5G10700.1,Peptidyl-tRNA hydrolase II (PTH2) family protein
AT2G28620.1,P-loop containing nucleoside triphosphate hydrolases superfamily protein
AT4G16390.1,pentatricopeptide (PPR) repeat-containing protein
AT3G60910.1,S-adenosyl-L-methionine-dependent methyltransferases superfamily protein
AT2G35660.1,FAD/NAD(P)-binding oxidoreductase family protein
AT3G46960.1,"RNA helicase, ATP-dependent, SK12/DOB1 protein"
AT1G32050.1,SCAMP family protein
AT3G62550.1,Adenine nucleotide alpha hydrolases-like superfamily protein
AT2G21660.1,"cold, circadian rhythm, and rna binding 2"
AT1G71730.1,unknown protein;Has 52 Blast hits to 52 proteins in 24 species: Archae - 0;Bacteria - 0;Metazoa - 4;Fungi - 0;Plants - 41;Viruses - 0;Other Eukaryotes - 7 (source: NCBI BLink).
AT5G09620.1,Octicosapeptide/Phox/Bem1p family protein
AT3G07110.1;AT3G07110.2,Ribosomal protein L13 family protein
ATCG00830.1;ATCG01310.1,ribosomal protein L2
AT2G32930.1;AT2G32930.2,zinc finger nuclease 2
AT1G10310.1,NAD(P)-binding Rossmann-fold superfamily protein
AT2G44120.1;AT2G44120.2,Ribosomal protein L30/L7 family protein
AT1G75330.1,ornithine carbamoyltransferase
AT3G10670.1,non-intrinsic ABC protein 7
AT1G15910.1,XH/XS domain-containing protein
AT1G54790.1;AT1G54790.2;AT1G54790.3,GDSL-like Lipase/Acylhydrolase superfamily protein
AT3G46440.1;AT3G46440.2,UDP-XYL synthase 5
AT5G66055.1,ankyrin repeat protein
AT4G13430.1,isopropyl malate isomerase large subunit 1
AT3G51550.1,Malectin/receptor-like protein kinase family protein
AT2G39080.1,NAD(P)-binding Rossmann-fold superfamily protein
ATCG00380.1,chloroplast ribosomal protein S4
AT5G40610.1,NAD-dependent glycerol-3-phosphate dehydrogenase family protein
AT1G06550.1,ATP-dependent caseinolytic (Clp) protease/crotonase family protein
AT5G48540.1,receptor-like protein kinase-related family protein
AT1G80940.1;AT1G80940.2,unknown protein;Has 30201 Blast hits to 17322 proteins in 780 species: Archae - 12;Bacteria - 1396;Metazoa - 17338;Fungi - 3422;Plants - 5037;Viruses - 0;Other Eukaryotes - 2996 (source: NCBI BLink).;unknown protein;Has 35333 Blast hits to 34131 proteins in 2444 species: Archae - 798;Bacteria - 22429;Metazoa - 974;Fungi - 991;Plants - 531;Viruses - 0;Other Eukaryotes - 9610 (source: NCBI BLink).
AT5G13770.1,Pentatricopeptide repeat (PPR-like) superfamily protein
AT5G23870.1;AT5G23870.2;AT5G23870.3,Pectinacetylesterase family protein
AT4G37980.1,elicitor-activated gene 3-1
AT3G05070.1,"CONTAINS InterPro DOMAIN/s: mRNA splicing factor, Cwf18 (InterPro:IPR013169);Has 292 Blast hits to 292 proteins in 153 species: Archae - 0;Bacteria - 0;Metazoa - 118;Fungi - 83;Plants - 38;Viruses - 11;Other Eukaryotes - 42 (source: NCBI BLink)."
AT4G33030.1,sulfoquinovosyldiacylglycerol 1
AT5G04130.1,DNA GYRASE B2
AT3G07170.1,Sterile alpha motif (SAM) domain-containing protein
AT2G47640.1;AT2G47640.2;AT2G47640.3;AT2G47640.4;AT3G62840.1;AT3G62840.2,Small nuclear ribonucleoprotein family protein
AT1G17210.1,IAP-like protein 1
AT3G05000.1,Transport protein particle (TRAPP) component
AT3G09410.1,Pectinacetylesterase family protein
AT2G29540.1;AT2G29540.2;AT2G29540.3,RNApolymerase 14 kDa subunit
AT3G04470.1,Ankyrin repeat family protein
AT5G16260.1,RNA binding (RRM/RBD/RNP motifs) family protein
AT2G32000.1;AT2G32000.2,"DNA topoisomerase, type IA, core;DNA topoisomerase, type IA, core"
AT1G08360.1,Ribosomal protein L1p/L10e family
AT4G05000.1;AT4G05000.2,Vacuolar protein sorting-associated protein VPS28 family protein
AT1G76880.1,Duplicated homeodomain-like superfamily protein
AT1G04620.1,"coenzyme F420 hydrogenase family / dehydrogenase, beta subunit family"
AT5G49720.1,glycosyl hydrolase 9A1
AT2G25830.1,YebC-related
AT4G37040.1,methionine aminopeptidase 1D
AT5G57960.1,"GTP-binding protein, HflX"
AT1G14570.1;AT1G14570.2,UBX domain-containing protein
AT1G51060.1;AT4G27230.1;AT4G27230.2;AT5G54640.1,histone H2A 10;histone H2A 2;histone H2A 2;Histone superfamily protein
AT3G06200.1,P-loop containing nucleoside triphosphate hydrolases superfamily protein
AT4G19710.2,aspartate kinase-homoserine dehydrogenase ii
AT4G01320.1,Peptidase family M48 family protein
AT5G65260.1,RNA-binding (RRM/RBD/RNP motifs) family protein
AT4G13460.1;AT4G13460.2,SU(VAR)3-9 homolog 9
AT3G11940.1;AT3G11940.2,ribosomal protein 5A
AT4G15640.1,unknown protein;BEST Arabidopsis thaliana protein match is: unknown protein (TAIR:AT3G21465.1);Has 38 Blast hits to 38 proteins in 14 species: Archae - 0;Bacteria - 0;Metazoa - 0;Fungi - 0;Plants - 38;Viruses - 0;Other Eukaryotes - 0 (source: NCBI BLink).
AT3G09500.1,Ribosomal L29 family protein
AT5G22440.1;AT5G22440.2,Ribosomal protein L1p/L10e family
AT1G28350.1,Nucleotidylyl transferase superfamily protein
AT3G27160.1,Ribosomal protein S21 family protein
AT4G24780.1;AT4G24780.2,Pectin lyase-like superfamily protein
AT3G25660.1,Amidase family protein
AT3G45940.1,Glycosyl hydrolases family 31  protein
AT5G56360.1,calmodulin-binding protein
AT5G53580.1,NAD(P)-linked oxidoreductase superfamily protein
AT1G23290.1;AT1G70600.1,Ribosomal protein L18e/L15 superfamily protein
AT1G77590.1,long chain acyl-CoA synthetase 9
AT3G57430.1,Tetratricopeptide repeat (TPR)-like superfamily protein
AT4G38800.1,methylthioadenosine nucleosidase 1
AT1G80770.1,P-loop containing nucleoside triphosphate hydrolases superfamily protein
AT2G33730.1,P-loop containing nucleoside triphosphate hydrolases superfamily protein
AT4G03190.1,GRR1-like protein 1
ATCG01120.1,chloroplast ribosomal protein S15
AT2G37230.1,Tetratricopeptide repeat (TPR)-like superfamily protein
AT4G27270.1,Quinone reductase family protein
AT4G00230.1,xylem serine peptidase 1
AT2G34220.1,Protein with domains of unknown function (DUF627 and DUF629)
AT4G14342.1,Splicing factor 3B subunit 5/RDS3 complex subunit 10
AT4G15210.1,beta-amylase 5
AT1G12080.2,Vacuolar calcium-binding protein-related
AT5G24314.1;AT5G24314.2,plastid transcriptionally active7
AT5G25770.1;AT5G25770.2;AT5G25770.3,alpha/beta-Hydrolases superfamily protein
AT5G47570.1,unknown protein;Has 30201 Blast hits to 17322 proteins in 780 species: Archae - 12;Bacteria - 1396;Metazoa - 17338;Fungi - 3422;Plants - 5037;Viruses - 0;Other Eukaryotes - 2996 (source: NCBI BLink).
AT1G76850.1,exocyst complex component sec5
AT5G48020.1,2-oxoglutarate (2OG) and Fe(II)-dependent oxygenase superfamily protein
AT1G35780.1,unknown protein;BEST Arabidopsis thaliana protein match is: unknown protein (TAIR:AT1G78150.2);Has 145 Blast hits to 144 proteins in 16 species: Archae - 0;Bacteria - 0;Metazoa - 0;Fungi - 0;Plants - 145;Viruses - 0;Other Eukaryotes - 0 (source: NCBI BLink).
AT5G27560.1,Domain of unknown function (DUF1995)
ATCG00190.1,RNA polymerase subunit beta
AT1G02560.1,nuclear encoded CLP protease 5
AT4G16340.1,guanyl-nucleotide exchange factors;GTPase binding;GTP binding
AT4G29680.1,Alkaline-phosphatase-like family protein
AT3G53870.1,Ribosomal protein S3 family protein
AT2G15860.1;AT2G15860.2,unknown protein;FUNCTIONS IN: molecular_function unknown;INVOLVED IN: biological_process unknown;LOCATED IN: cellular_component unknown;EXPRESSED IN: 24 plant structures;EXPRESSED DURING: 13 growth stages;Has 30201 Blast hits to 17322 proteins in 780 species: Archae - 12;Bacteria - 1396;Metazoa - 17338;Fungi - 3422;Plants - 5037;Viruses - 0;Other Eukaryotes - 2996 (source: NCBI BLink).;unknown protein;FUNCTIONS IN: molecular_function unknown;INVOLVED IN: biological_process unknown;LOCATED IN: cellular_component unknown;EXPRESSED IN: 23 plant structures;EXPRESSED DURING: 13 growth stages;Has 110 Blast hits to 109 proteins in 51 species: Archae - 0;Bacteria - 4;Metazoa - 37;Fungi - 10;Plants - 37;Viruses - 3;Other Eukaryotes - 19 (source: NCBI BLink).
AT2G26990.1,proteasome family protein
ATCG00065.1;ATCG00905.1;ATCG01230.1,ribosomal protein S12A;ribosomal protein S12C;ribosomal protein S12B
AT1G01080.1;AT1G01080.2,RNA-binding (RRM/RBD/RNP motifs) family protein
AT5G11980.1,conserved oligomeric Golgi complex component-related / COG complex component-related
AT5G13480.1;AT5G13480.2,Transducin/WD40 repeat-like superfamily protein
AT5G62690.1;AT5G62700.1,tubulin beta chain 2;tubulin beta chain 3
AT2G15820.1,endonucleases
AT5G43070.1,WPP domain protein 1
AT4G39540.1;AT4G39540.2;AT4G39540.3,shikimate kinase 2
AT4G12070.1,unknown protein;INVOLVED IN: biological_process unknown;LOCATED IN: plasma membrane;EXPRESSED IN: 22 plant structures;EXPRESSED DURING: 13 growth stages;Has 30201 Blast hits to 17322 proteins in 780 species: Archae - 12;Bacteria - 1396;Metazoa - 17338;Fungi - 3422;Plants - 5037;Viruses - 0;Other Eukaryotes - 2996 (source: NCBI BLink).
AT3G07670.1,Rubisco methyltransferase family protein
AT2G03980.1,GDSL-like Lipase/Acylhydrolase superfamily protein
AT3G62240.1,RING/U-box superfamily protein
AT5G16130.1,Ribosomal protein S7e family protein
AT3G63540.1,Mog1/PsbP/DUF1795-like photosystem II reaction center PsbP family protein
AT5G62290.1;AT5G62290.2,nucleotide-sensitive chloride conductance regulator (ICln) family protein
AT1G12140.1,flavin-monooxygenase glucosinolate S-oxygenase 5
AT2G21270.1;AT2G21270.2,ubiquitin fusion degradation 1
AT5G03900.2,Iron-sulphur cluster biosynthesis family protein
AT3G48780.1;AT5G23670.1;AT5G23670.2,serine palmitoyltransferase 1;long chain base2;long chain base2
AT1G61210.1;AT1G61210.2,Transducin/WD40 repeat-like superfamily protein
AT4G30210.1;AT4G30210.2,P450 reductase 2
AT3G16630.1;AT3G16630.2,P-loop containing nucleoside triphosphate hydrolases superfamily protein
AT1G50370.1,Calcineurin-like metallo-phosphoesterase superfamily protein
AT5G52650.1,RNA binding Plectin/S10 domain-containing protein
AT4G39680.1;AT4G39680.2,SAP domain-containing protein
AT3G12130.1,KH domain-containing protein / zinc finger (CCCH type) family protein
AT5G58250.1,"unknown protein;FUNCTIONS IN: molecular_function unknown;INVOLVED IN: biological_process unknown;LOCATED IN: thylakoid, chloroplast;EXPRESSED IN: 22 plant structures;EXPRESSED DURING: 14 growth stages;CONTAINS InterPro DOMAIN/s: Protein of unknown function DUF2488 (InterPro:IPR019616);Has 1807 Blast hits to 1807 proteins in 277 species: Archae - 0;Bacteria - 0;Metazoa - 736;Fungi - 347;Plants - 385;Viruses - 0;Other Eukaryotes - 339 (source: NCBI BLink)."
AT3G47560.1;AT3G47560.2,alpha/beta-Hydrolases superfamily protein
AT5G57440.1,Haloacid dehalogenase-like hydrolase (HAD) superfamily protein
AT2G32230.1,proteinaceous RNase P 1
AT3G05060.1,NOP56-like pre RNA processing ribonucleoprotein
AT1G49600.1,RNA-binding protein 47A
AT3G11780.1;AT3G11780.2,MD-2-related lipid recognition domain-containing protein / ML domain-containing protein
AT1G03350.1,BSD domain-containing protein
AT2G20330.1,Transducin/WD40 repeat-like superfamily protein
AT1G74090.1,desulfo-glucosinolate sulfotransferase 18
AT5G49570.1,peptide-N-glycanase 1
AT4G34460.1;AT4G34460.3;AT4G34460.4,GTP binding protein beta 1
AT1G45130.1,beta-galactosidase 5
AT2G28470.1;AT2G28470.2,beta-galactosidase 8
AT3G07880.1,Immunoglobulin E-set superfamily protein
AT1G20220.1,Alba DNA/RNA-binding protein
AT3G51600.1,lipid transfer protein 5
AT1G08520.1,ALBINA 1
AT5G07300.1,Calcium-dependent phospholipid-binding Copine family protein
AT1G48110.1;AT1G48110.2,evolutionarily conserved C-terminal region 7
AT3G24430.1,ATP binding
AT3G19800.1;AT3G19800.2,Protein of unknown function (DUF177)
AT3G09970.1,Calcineurin-like metallo-phosphoesterase superfamily protein
AT1G14710.1;AT1G14710.2,hydroxyproline-rich glycoprotein family protein
AT5G27720.1,Small nuclear ribonucleoprotein family protein
AT1G53520.1,Chalcone-flavanone isomerase family protein
AT3G22230.1,Ribosomal L27e protein family
AT4G39970.1,Haloacid dehalogenase-like hydrolase (HAD) superfamily protein
AT1G73720.1,transducin family protein / WD-40 repeat family protein
AT3G61240.1;AT3G61240.2,DEA(D/H)-box RNA helicase family protein
AT1G08820.1;AT1G08820.2,vamp/synaptobrevin-associated protein 27-2
AT1G47790.1,F-box and associated interaction domains-containing protein
AT5G45130.1,RAB homolog 1
AT3G56490.1,HIS triad family protein 3
AT3G63410.1,S-adenosyl-L-methionine-dependent methyltransferases superfamily protein
AT4G23970.1,unknown protein;Has 2 Blast hits to 2 proteins in 1 species: Archae - 0;Bacteria - 0;Metazoa - 0;Fungi - 0;Plants - 2;Viruses - 0;Other Eukaryotes - 0 (source: NCBI BLink).
AT4G22570.1,adenine phosphoribosyl transferase 3
AT1G22780.1;AT1G34030.1;AT4G09800.1,Ribosomal protein S13/S18 family;Ribosomal protein S13/S18 family;S18 ribosomal protein
AT1G78010.1,"tRNA modification GTPase, putative"
AT2G30200.1,catalytics;transferases;[acyl-carrier-protein] S-malonyltransferases;binding
AT1G02090.1,Proteasome component (PCI) domain protein
AT4G31990.1;AT4G31990.2;AT4G31990.3;AT4G31990.4,aspartate aminotransferase 5
AT5G26742.1;AT5G26742.2,DEAD box RNA helicase (RH3)
AT1G51100.1,"unknown protein;FUNCTIONS IN: molecular_function unknown;INVOLVED IN: biological_process unknown;LOCATED IN: chloroplast, chloroplast stroma;EXPRESSED IN: 22 plant structures;EXPRESSED DURING: 13 growth stages;Has 26 Blast hits to 26 proteins in 9 species: Archae - 0;Bacteria - 0;Metazoa - 0;Fungi - 0;Plants - 26;Viruses - 0;Other Eukaryotes - 0 (source: NCBI BLink)."
AT2G38140.1,plastid-specific ribosomal protein 4
AT1G72680.1,cinnamyl-alcohol dehydrogenase
AT4G17030.1,expansin-like B1
AT5G47010.1,"RNA helicase, putative"
AT1G49970.1,CLP protease proteolytic subunit 1
AT3G25110.1,fatA acyl-ACP thioesterase
AT5G15200.1,Ribosomal protein S4
AT3G61600.1;AT3G61600.2,POZ/BTB containin G-protein 1
AT5G47650.1,nudix hydrolase homolog 2
AT4G14890.1,2Fe-2S ferredoxin-like superfamily protein
AT4G30020.1,PA-domain containing subtilase family protein
AT4G37510.1,Ribonuclease III family protein
AT5G22030.1;AT5G22030.2,ubiquitin-specific protease 8
AT2G31890.1,RAP
AT5G16930.1,AAA-type ATPase family protein
AT5G38360.1,alpha/beta-Hydrolases superfamily protein
AT3G12080.1,GTP-binding family protein
AT3G13110.1,serine acetyltransferase 2;2
AT5G58450.1,Tetratricopeptide repeat (TPR)-like superfamily protein
AT3G28710.1,"ATPase, V0/A0 complex, subunit C/D"
AT2G22125.1,binding
AT3G11250.1,Ribosomal protein L10 family protein
AT1G16730.1,unknown protein 6
AT4G28080.1,Tetratricopeptide repeat (TPR)-like superfamily protein
ATCG00840.1;ATCG01300.1,ribosomal protein L23.1;ribosomal protein L23
AT1G73170.1,P-loop containing nucleoside triphosphate hydrolases superfamily protein
AT3G10270.1,DNA GYRASE B1
AT5G10060.1,ENTH/VHS family protein
AT5G51750.1,subtilase 1.3
AT4G22720.1;AT4G22720.2,Actin-like ATPase superfamily protein
AT4G37590.1,Phototropic-responsive NPH3 family protein
AT4G15560.1,Deoxyxylulose-5-phosphate synthase
AT5G17870.1,plastid-specific 50S ribosomal protein 6
AT3G57610.1,adenylosuccinate synthase
AT5G41970.1,Metal-dependent protein hydrolase
AT1G45110.1,Tetrapyrrole (Corrin/Porphyrin) Methylases
AT3G50520.1,Phosphoglycerate mutase family protein
AT5G59910.1,Histone superfamily protein
AT1G66680.1,S-adenosyl-L-methionine-dependent methyltransferases superfamily protein
AT5G18570.1,GTP1/OBG family protein
AT4G17870.1,Polyketide cyclase/dehydrase and lipid transport superfamily protein
AT5G22620.1;AT5G22620.2;AT5G22620.3,phosphoglycerate/bisphosphoglycerate mutase family protein
AT1G59990.1,DEA(D/H)-box RNA helicase family protein
AT1G55320.1,acyl-activating enzyme 18
AT3G05625.1,Tetratricopeptide repeat (TPR)-like superfamily protein
AT5G53450.1;AT5G53450.2,OBP3-responsive gene 1
AT1G51360.1,dimeric A/B barrel domainS-protein 1
AT2G20340.1,Pyridoxal phosphate (PLP)-dependent transferases superfamily protein
AT5G24840.1,tRNA (guanine-N-7) methyltransferase
AT5G49900.1,"Beta-glucosidase, GBA2 type family protein"
AT2G27960.1,cyclin-dependent kinase-subunit 1
AT5G66920.1,SKU5  similar 17
AT3G05840.1;AT3G05840.2,Protein kinase superfamily protein
AT4G09620.1,Mitochondrial transcription termination factor family protein
AT3G16480.1,mitochondrial processing peptidase alpha subunit
AT5G41770.1,"crooked neck protein, putative / cell cycle protein, putative"
AT4G28980.1;AT4G28980.2,CDK-activating kinase 1AT
AT2G35830.1;AT2G35830.2,unknown protein;BEST Arabidopsis thaliana protein match is: unknown protein (TAIR:AT2G35810.1);Has 155 Blast hits to 155 proteins in 54 species: Archae - 0;Bacteria - 66;Metazoa - 0;Fungi - 0;Plants - 82;Viruses - 0;Other Eukaryotes - 7 (source: NCBI BLink).;unknown protein;FUNCTIONS IN: molecular_function unknown;INVOLVED IN: biological_process unknown;LOCATED IN: cellular_component unknown;BEST Arabidopsis thaliana protein match is: unknown protein (TAIR:AT2G35810.1).
AT5G16780.1,SART-1 family
AT4G14930.1,Survival protein SurE-like phosphatase/nucleotidase
AT1G49950.1;AT1G49950.2;AT1G49950.3,telomere repeat binding factor 1
AT1G69210.1;AT1G69210.2,Uncharacterised protein family UPF0090
AT3G10330.1,Cyclin-like family protein
AT4G16720.1;AT4G17390.1,Ribosomal protein L23/L15e family protein
AT5G53000.1,2A phosphatase associated protein of 46 kD
AT2G13440.1,glucose-inhibited division family A protein
AT1G26390.1,FAD-binding Berberine family protein
AT2G32180.1;AT2G32650.1;AT2G32650.2,plastid transcriptionally active 18;RmlC-like cupins superfamily protein;RmlC-like cupins superfamily protein
AT3G51240.1,flavanone 3-hydroxylase
AT2G37640.1,Barwin-like endoglucanases superfamily protein
AT1G49590.1,C2H2 and C2HC zinc fingers superfamily protein
AT1G74040.1,2-isopropylmalate synthase 1
AT5G58070.1,temperature-induced lipocalin
AT5G64460.1;AT5G64460.2;AT5G64460.3;AT5G64460.4;AT5G64460.6;AT5G64460.8,Phosphoglycerate mutase family protein
AT5G13370.1,Auxin-responsive GH3 family protein
AT5G65010.1;AT5G65010.2,asparagine synthetase 2
AT2G35605.1,SWIB/MDM2 domain superfamily protein
AT5G67510.1,Translation protein SH3-like family protein
AT3G52500.1,Eukaryotic aspartyl protease family protein
AT1G04190.1,Tetratricopeptide repeat (TPR)-like superfamily protein
AT5G53120.1;AT5G53120.2;AT5G53120.3;AT5G53120.4;AT5G53120.5,spermidine synthase 3
AT2G45950.1;AT2G45950.2,SKP1-like 20
AT4G04350.1,"tRNA synthetase class I (I, L, M and V) family protein"
AT1G51390.1,NFU domain protein 5
AT3G10130.1,SOUL heme-binding family protein
AT5G35980.1,yeast YAK1-related gene 1
AT4G34540.1,NmrA-like negative transcriptional regulator family protein
AT5G51880.1,2-oxoglutarate (2OG) and Fe(II)-dependent oxygenase superfamily protein
AT2G01755.1,unknown protein;FUNCTIONS IN: molecular_function unknown;INVOLVED IN: biological_process unknown;LOCATED IN: chloroplast;Has 120 Blast hits to 120 proteins in 52 species: Archae - 0;Bacteria - 80;Metazoa - 0;Fungi - 0;Plants - 24;Viruses - 0;Other Eukaryotes - 16 (source: NCBI BLink).
AT5G06410.1,DNAJ heat shock N-terminal domain-containing protein
AT2G18560.1,UDP-Glycosyltransferase superfamily protein
AT5G13630.1,"magnesium-chelatase subunit chlH, chloroplast, putative / Mg-protoporphyrin IX chelatase, putative (CHLH)"
AT1G75990.1,PAM domain (PCI/PINT associated module) protein
AT1G76090.1,sterol methyltransferase 3
AT3G20230.1,Ribosomal L18p/L5e family protein
AT3G19980.1,"flower-specific, phytochrome-associated protein phosphatase 3"
AT4G21445.1,"unknown protein;FUNCTIONS IN: molecular_function unknown;INVOLVED IN: biological_process unknown;LOCATED IN: chloroplast, chloroplast stroma;Has 30201 Blast hits to 17322 proteins in 780 species: Archae - 12;Bacteria - 1396;Metazoa - 17338;Fungi - 3422;Plants - 5037;Viruses - 0;Other Eukaryotes - 2996 (source: NCBI BLink)."
AT1G29930.1,chlorophyll A/B binding protein 1
AT3G58610.1;AT3G58610.2;AT3G58610.3,ketol-acid reductoisomerase
AT3G03980.1,NAD(P)-binding Rossmann-fold superfamily protein
AT5G46160.1;AT5G46160.2,Ribosomal protein L14p/L23e family protein
AT4G31360.1,selenium binding
AT4G12020.1;AT4G12020.2;AT4G12020.3,protein kinase family protein
AT4G17470.1;AT4G17470.2;AT4G17470.3,alpha/beta-Hydrolases superfamily protein
ATCG00360.1,Tetratricopeptide repeat (TPR)-like superfamily protein
AT5G22580.1,Stress responsive A/B Barrel Domain
AT2G45030.1,Translation elongation factor EFG/EF2 protein
AT4G23500.1,Pectin lyase-like superfamily protein
AT3G47450.2,P-loop containing nucleoside triphosphate hydrolases superfamily protein
AT3G16560.1,Protein phosphatase 2C family protein
AT1G61820.1,beta glucosidase 46
AT2G25710.1;AT2G25710.2,holocarboxylase synthase 1
AT1G49650.1,alpha/beta-Hydrolases superfamily protein
AT3G25530.1,glyoxylate reductase 1
AT1G68660.1;AT1G68660.2,Ribosomal protein L12/ ATP-dependent Clp protease adaptor protein ClpS family protein
AT2G23390.1,"CONTAINS InterPro DOMAIN/s: Protein of unknown function DUF482 (InterPro:IPR007434), Acyl-CoA N-acyltransferase (InterPro:IPR016181);Has 2165 Blast hits to 2163 proteins in 543 species: Archae - 0;Bacteria - 1044;Metazoa - 0;Fungi - 0;Plants - 33;Viruses - 0;Other Eukaryotes - 1088 (source: NCBI BLink)."
AT5G11580.1,Regulator of chromosome condensation (RCC1) family protein
AT3G59950.1;AT3G59950.2;AT3G59950.3,Peptidase family C54 protein
AT1G36730.1,Translation initiation factor IF2/IF5
AT5G22640.1,MORN (Membrane Occupation and Recognition Nexus) repeat-containing protein
AT4G00810.1;AT4G00810.2,60S acidic ribosomal protein family
AT5G45170.1,Haloacid dehalogenase-like hydrolase (HAD) superfamily protein
AT1G12430.1;AT1G12430.2,armadillo repeat kinesin 3
AT1G20770.1,unknown protein;Has 59 Blast hits to 59 proteins in 24 species: Archae - 0;Bacteria - 0;Metazoa - 26;Fungi - 4;Plants - 29;Viruses - 0;Other Eukaryotes - 0 (source: NCBI BLink).
AT2G18020.1,Ribosomal protein L2 family
AT4G18440.1,L-Aspartase-like family protein
AT1G77370.1,Glutaredoxin family protein
AT1G69740.1;AT1G69740.2,Aldolase superfamily protein
AT5G46580.1,pentatricopeptide (PPR) repeat-containing protein
AT1G34430.1,2-oxoacid dehydrogenases acyltransferase family protein
AT4G14430.1,indole-3-butyric acid response 10
AT5G53460.1;AT5G53460.2;AT5G53460.3,NADH-dependent glutamate synthase 1
AT3G53260.1,phenylalanine ammonia-lyase 2
AT5G19010.1,mitogen-activated protein kinase 16
AT2G31370.1;AT2G31370.2;AT2G31370.3;AT2G31370.4;AT2G31370.6,Basic-leucine zipper (bZIP) transcription factor family protein
AT1G77120.1,alcohol dehydrogenase 1
AT3G12490.1,cystatin B
AT1G01950.1;AT1G01950.2;AT1G01950.3,armadillo repeat kinesin 2
AT3G21950.1,S-adenosyl-L-methionine-dependent methyltransferases superfamily protein
AT2G40690.1,NAD-dependent glycerol-3-phosphate dehydrogenase family protein
AT4G19006.1,Proteasome component (PCI) domain protein
AT3G55400.1,methionyl-tRNA synthetase / methionine--tRNA ligase / MetRS (cpMetRS)
AT4G26430.1,COP9 signalosome subunit 6B
AT2G34480.1,Ribosomal protein L18ae/LX family protein
AT5G16400.1,thioredoxin F2
AT5G14240.1,Thioredoxin superfamily protein
AT2G35860.1,FASCICLIN-like arabinogalactan protein 16 precursor
AT1G29260.1,peroxin 7
AT1G43190.1;AT1G43190.2;AT1G43190.3,polypyrimidine tract-binding protein 3
AT3G22380.1;AT3G22380.2,time for coffee
AT2G43570.1,"chitinase, putative"
AT4G31120.1,SHK1 binding protein 1
AT1G56580.1,"Protein of unknown function, DUF538"
AT2G20960.1,Arabidopsis phospholipase-like protein (PEARLI 4) family
AT1G49430.1,long-chain acyl-CoA synthetase 2
AT3G10350.1,P-loop containing nucleoside triphosphate hydrolases superfamily protein
AT1G64430.1;AT1G64430.2,Pentatricopeptide repeat (PPR) superfamily protein
AT2G27690.1,"cytochrome P450, family 94, subfamily C, polypeptide 1"
AT3G07320.1,O-Glycosyl hydrolases family 17 protein
AT1G56430.1,nicotianamine synthase 4
AT3G49720.1;AT3G49720.2,"unknown protein;FUNCTIONS IN: molecular_function unknown;INVOLVED IN: biological_process unknown;LOCATED IN: chloroplast thylakoid membrane, Golgi apparatus, plasma membrane, membrane;EXPRESSED IN: 25 plant structures;EXPRESSED DURING: 15 growth stages;BEST Arabidopsis thaliana protein match is: unknown protein (TAIR:AT5G65810.1);Has 64 Blast hits to 64 proteins in 11 species: Archae - 0;Bacteria - 0;Metazoa - 0;Fungi - 0;Plants - 64;Viruses - 0;Other Eukaryotes - 0 (source: NCBI BLink).;unknown protein;FUNCTIONS IN: molecular_function unknown;INVOLVED IN: biological_process unknown;LOCATED IN: chloroplast thylakoid membrane, Golgi apparatus, plasma membrane, membrane;EXPRESSED IN: 25 plant structures;EXPRESSED DURING: 15 growth stages;BEST Arabidopsis thaliana protein match is: unknown protein (TAIR:AT5G65810.1);Has 64 Blast hits to 64 proteins in 11 species: Archae - 0;Bacteria - 0;Metazoa - 0;Fungi - 0;Plants - 64;Viruses - 0;Other Eukaryotes - 0 (source: NCBI BLink)."
AT1G33290.1,P-loop containing nucleoside triphosphate hydrolases superfamily protein
AT1G01090.1,pyruvate dehydrogenase E1 alpha
AT3G48500.1;AT3G48500.2,"Nucleic acid-binding, OB-fold-like protein;Nucleic acid-binding, OB-fold-like protein"
AT1G22370.2,UDP-glucosyl transferase 85A5
AT3G10690.1,DNA GYRASE A
ATCG00170.1,DNA-directed RNA polymerase family protein
AT4G20440.1;AT4G20440.2;AT4G20440.3;AT4G20440.4;AT5G44500.1;AT5G44500.2,small nuclear ribonucleoprotein associated protein B;small nuclear ribonucleoprotein associated protein B;small nuclear ribonucleoprotein associated protein B;small nuclear ribonucleoprotein associated protein B;Small nuclear ribonucleoprotein family protein;Small nuclear ribonucleoprotein family protein
AT5G48335.1,unknown protein;FUNCTIONS IN: molecular_function unknown;INVOLVED IN: biological_process unknown;LOCATED IN: chloroplast;BEST Arabidopsis thaliana protein match is: unknown protein (TAIR:AT3G07580.1);Has 35333 Blast hits to 34131 proteins in 2444 species: Archae - 798;Bacteria - 22429;Metazoa - 974;Fungi - 991;Plants - 531;Viruses - 0;Other Eukaryotes - 9610 (source: NCBI BLink).
AT4G37120.1,Pre-mRNA splicing Prp18-interacting factor
AT2G31740.1,S-adenosyl-L-methionine-dependent methyltransferases superfamily protein
AT5G40950.1,ribosomal protein large subunit 27
AT5G66100.1,winged-helix DNA-binding transcription factor family protein
AT1G17580.1,myosin 1
AT4G18465.1,RNA helicase family protein
AT4G14910.1;AT4G14910.2;AT4G14910.3,HISTIDINE BIOSYNTHESIS 5B
AT4G00490.1,beta-amylase 2
AT2G20860.1,lipoic acid synthase 1
AT3G21540.1,transducin family protein / WD-40 repeat family protein
AT1G30530.1,UDP-glucosyl transferase 78D1
AT3G61540.1,alpha/beta-Hydrolases superfamily protein
AT5G62440.1,Protein of unknown function (DUF3223)
AT3G06980.1,DEA(D/H)-box RNA helicase family protein
AT4G38770.1,proline-rich protein 4
AT5G57030.1,Lycopene beta/epsilon cyclase protein
AT1G12770.1,P-loop containing nucleoside triphosphate hydrolases superfamily protein
AT5G66530.1;AT5G66530.2,Galactose mutarotase-like superfamily protein
AT1G68560.1,alpha-xylosidase 1
AT5G06680.1,spindle pole body component 98
AT1G72640.1,NAD(P)-binding Rossmann-fold superfamily protein
AT5G37600.1,glutamine synthase clone R1
AT1G22690.1;AT1G22690.2;AT1G22690.3,Gibberellin-regulated family protein
AT2G42610.1;AT2G42610.2,Protein of unknown function (DUF640)
AT1G22410.1,Class-II DAHP synthetase family protein
AT5G39740.1;AT5G39740.2,ribosomal protein L5 B
AT5G52520.1,Class II aaRS and biotin synthetases superfamily protein
AT3G56940.1,"dicarboxylate diiron protein, putative (Crd1)"
AT1G29040.1;AT1G29040.4,"unknown protein;LOCATED IN: chloroplast, vacuole;EXPRESSED IN: 22 plant structures;EXPRESSED DURING: 13 growth stages;CONTAINS InterPro DOMAIN/s: Conserved hypothetical protein CHP02058 (InterPro:IPR011719);Has 344 Blast hits to 344 proteins in 122 species: Archae - 2;Bacteria - 227;Metazoa - 0;Fungi - 0;Plants - 32;Viruses - 0;Other Eukaryotes - 83 (source: NCBI BLink).;unknown protein;CONTAINS InterPro DOMAIN/s: Conserved hypothetical protein CHP02058 (InterPro:IPR011719);Has 344 Blast hits to 344 proteins in 122 species: Archae - 2;Bacteria - 227;Metazoa - 0;Fungi - 0;Plants - 32;Viruses - 0;Other Eukaryotes - 83 (source: NCBI BLink)."
AT4G01897.1,unknown protein;CONTAINS InterPro DOMAIN/s: Protein of unknown function DUF952 (InterPro:IPR009297);Has 763 Blast hits to 763 proteins in 180 species: Archae - 0;Bacteria - 351;Metazoa - 0;Fungi - 0;Plants - 29;Viruses - 0;Other Eukaryotes - 383 (source: NCBI BLink).
ATCG00750.1,ribosomal protein S11
AT3G59890.1;AT3G59890.2,"Dihydrodipicolinate reductase, bacterial/plant;Dihydrodipicolinate reductase, bacterial/plant"
AT5G19820.1,ARM repeat superfamily protein
AT2G18910.1,hydroxyproline-rich glycoprotein family protein
AT4G09730.1,RH39
AT4G37150.1,methyl esterase 9
AT3G04760.1,Pentatricopeptide repeat (PPR-like) superfamily protein
AT5G48440.1,FAD-dependent oxidoreductase family protein
AT2G39795.1,Mitochondrial glycoprotein family protein
AT3G45140.1,lipoxygenase 2
AT5G61140.2,U5 small nuclear ribonucleoprotein helicase
AT3G11964.1,RNA binding
AT3G01370.1,CRM family member 2
AT5G56130.1,Transducin/WD40 repeat-like superfamily protein
AT5G63220.1,unknown protein;CONTAINS InterPro DOMAIN/s: Uncharacterised protein family UPF0363 (InterPro:IPR007317);Has 304 Blast hits to 301 proteins in 161 species: Archae - 0;Bacteria - 0;Metazoa - 110;Fungi - 121;Plants - 35;Viruses - 0;Other Eukaryotes - 38 (source: NCBI BLink).
AT3G24530.1,AAA-type ATPase family protein / ankyrin repeat family protein
AT4G15000.1;AT4G15000.2,Ribosomal L27e protein family
AT3G16470.1;AT3G16470.2,Mannose-binding lectin superfamily protein
AT3G04000.1,NAD(P)-binding Rossmann-fold superfamily protein
ATCG00330.1,chloroplast ribosomal protein S14
AT4G14300.1,RNA-binding (RRM/RBD/RNP motifs) family protein
AT1G69510.1;AT1G69510.2;AT1G69510.3,cAMP-regulated phosphoprotein 19-related protein
AT2G41840.1,Ribosomal protein S5 family protein
AT4G20130.1,plastid transcriptionally active 14
AT3G04520.1,threonine aldolase 2
AT1G15000.1,serine carboxypeptidase-like 50
ATCG00820.1,ribosomal protein S19
AT4G26130.1,unknown protein;FUNCTIONS IN: molecular_function unknown;INVOLVED IN: biological_process unknown;LOCATED IN: endomembrane system;EXPRESSED IN: 23 plant structures;EXPRESSED DURING: 13 growth stages;BEST Arabidopsis thaliana protein match is: unknown protein (TAIR:AT5G56980.1);Has 121 Blast hits to 116 proteins in 19 species: Archae - 0;Bacteria - 0;Metazoa - 4;Fungi - 0;Plants - 113;Viruses - 0;Other Eukaryotes - 4 (source: NCBI BLink).
AT4G16150.1,calmodulin binding;transcription regulators
AT1G14320.1,Ribosomal protein L16p/L10e family protein
AT1G29965.1;AT1G29970.2,Ribosomal protein L18ae/LX family protein;60S ribosomal protein L18A-1
AT2G32850.1;AT2G32850.2,Protein kinase superfamily protein
AT3G04230.1,Ribosomal protein S5 domain 2-like superfamily protein
AT1G65070.1;AT1G65070.2,"DNA mismatch repair protein MutS, type 2;DNA mismatch repair protein MutS, type 2"
AT3G13490.1,"Lysyl-tRNA synthetase, class II"
AT4G17510.1,ubiquitin C-terminal hydrolase 3
AT1G06560.1,NOL1/NOP2/sun family protein
AT2G28190.1,copper/zinc superoxide dismutase 2
AT4G36810.1,geranylgeranyl pyrophosphate synthase 1
AT2G01250.1,Ribosomal protein L30/L7 family protein
AT4G27340.1,Met-10+ like family protein
AT2G09990.1,Ribosomal protein S5 domain 2-like superfamily protein
AT2G27970.1,CDK-subunit 2
AT3G53220.1,Thioredoxin superfamily protein
AT4G02580.1,"NADH-ubiquinone oxidoreductase 24 kDa subunit, putative"
AT4G05450.1,mitochondrial ferredoxin 1
AT3G24550.1,proline extensin-like receptor kinase 1
AT1G64760.1;AT1G64760.2,O-Glycosyl hydrolases family 17 protein
AT3G53700.1,Pentatricopeptide repeat (PPR) superfamily protein
AT3G11950.1;AT3G11950.2,TRAF-like superfamily protein
AT3G26380.1,Melibiase family protein
AT5G62930.1,SGNH hydrolase-type esterase superfamily protein
AT4G37190.1;AT4G37190.2,"LOCATED IN: cytosol, plasma membrane;EXPRESSED IN: 20 plant structures;EXPRESSED DURING: 13 growth stages;CONTAINS InterPro DOMAIN/s: Beta tubulin, autoregulation binding site (InterPro:IPR013838), Misato Segment II, myosin-like (InterPro:IPR019605), Tubulin/FtsZ, N-terminal (InterPro:IPR019746);Has 345 Blast hits to 341 proteins in 161 species: Archae - 0;Bacteria - 0;Metazoa - 131;Fungi - 140;Plants - 55;Viruses - 0;Other Eukaryotes - 19 (source: NCBI BLink).;LOCATED IN: cytosol, plasma membrane;EXPRESSED IN: 20 plant structures;EXPRESSED DURING: 13 growth stages;CONTAINS InterPro DOMAIN/s: Misato Segment II, myosin-like (InterPro:IPR019605), Tubulin/FtsZ, N-terminal (InterPro:IPR019746);Has 35333 Blast hits to 34131 proteins in 2444 species: Archae - 798;Bacteria - 22429;Metazoa - 974;Fungi - 991;Plants - 531;Viruses - 0;Other Eukaryotes - 9610 (source: NCBI BLink)."
AT5G55160.1,small ubiquitin-like modifier 2
AT3G08947.1,ARM repeat superfamily protein
AT2G21150.1,XAP5 family protein
AT5G19290.1,alpha/beta-Hydrolases superfamily protein
AT3G58830.1,haloacid dehalogenase (HAD) superfamily protein
AT5G65110.1;AT5G65110.2,acyl-CoA oxidase 2
AT5G38600.1,Proline-rich spliceosome-associated (PSP) family protein / zinc knuckle (CCHC-type) family protein
AT4G30800.1,"Nucleic acid-binding, OB-fold-like protein"
AT1G65010.1,Plant protein of unknown function (DUF827)
AT4G08950.1,Phosphate-responsive 1 family protein
AT1G66280.1,Glycosyl hydrolase superfamily protein
AT5G27700.1,Ribosomal protein S21e
AT3G11270.1,Mov34/MPN/PAD-1 family protein
AT1G72970.1,Glucose-methanol-choline (GMC) oxidoreductase family protein
ATCG00520.1,unfolded protein binding
AT2G28270.1,Cysteine/Histidine-rich C1 domain family protein
AT5G38290.1;AT5G38290.2,Peptidyl-tRNA hydrolase family protein
AT3G59600.1,RNA polymerase Rpb8
AT5G56280.1,COP9 signalosome subunit 6A
AT1G29370.1,Kinase-related protein of unknown function (DUF1296)
AT5G27030.1;AT5G27030.2,TOPLESS-related 3
AT2G42170.1,Actin family protein
AT1G48630.1,receptor for activated C kinase 1B
AT2G03680.1;AT2G03680.2,spiral1
AT2G06850.1,xyloglucan endotransglucosylase/hydrolase 4
AT2G32410.1;AT2G32410.2,AXR1-like
AT5G49460.1,ATP citrate lyase subunit B 2
AT4G20890.1,tubulin beta-9 chain
AT1G32470.1,Single hybrid motif superfamily protein
AT2G47910.1;AT2G47910.2,chlororespiratory reduction 6
AT1G80490.1;AT1G80490.2,TOPLESS-related 1
AT2G28950.1,expansin A6
AT1G74850.1,plastid transcriptionally active 2
AT3G44620.1;AT3G44620.2,protein tyrosine phosphatases
AT2G47990.1,transducin family protein / WD-40 repeat family protein
AT3G01680.1,CONTAINS InterPro DOMAIN/s: Mediator complex subunit Med28 (InterPro:IPR021640);BEST Arabidopsis thaliana protein match is: unknown protein (TAIR:AT3G01670.1);Has 122 Blast hits to 112 proteins in 13 species: Archae - 0;Bacteria - 0;Metazoa - 0;Fungi - 0;Plants - 122;Viruses - 0;Other Eukaryotes - 0 (source: NCBI BLink).
AT3G52390.1;AT3G52390.2,TatD related DNase
AT3G53130.1,Cytochrome P450 superfamily protein
AT4G00430.1,plasma membrane intrinsic protein 1;4
AT3G10970.1;AT3G10970.3,Haloacid dehalogenase-like hydrolase (HAD) superfamily protein
AT1G58380.1;AT1G58684.1;AT1G58983.1;AT1G59359.1,Ribosomal protein S5 family protein
AT5G27450.1;AT5G27450.2;AT5G27450.3,mevalonate kinase
AT3G10940.1,dual specificity protein phosphatase (DsPTP1) family protein
AT5G64130.1;AT5G64130.3,cAMP-regulated phosphoprotein 19-related protein
AT5G16940.1;AT5G16940.2,carbon-sulfur lyases
AT1G24160.1;AT1G24160.2,unknown protein;BEST Arabidopsis thaliana protein match is: unknown protein (TAIR:AT1G70100.3);Has 5230 Blast hits to 4162 proteins in 477 species: Archae - 30;Bacteria - 540;Metazoa - 2022;Fungi - 429;Plants - 280;Viruses - 32;Other Eukaryotes - 1897 (source: NCBI BLink).;unknown protein;FUNCTIONS IN: molecular_function unknown;INVOLVED IN: biological_process unknown;LOCATED IN: cellular_component unknown;EXPRESSED IN: guard cell;BEST Arabidopsis thaliana protein match is: unknown protein (TAIR:AT1G70100.3).
AT1G18500.1,methylthioalkylmalate synthase-like 4
AT2G17190.1,ubiquitin family protein
AT4G17520.1,Hyaluronan / mRNA binding family
AT1G58290.1,Glutamyl-tRNA reductase family protein
AT1G24120.1,ARG1-like 1
AT1G22400.1,UDP-Glycosyltransferase superfamily protein
AT2G26320.1,AGAMOUS-like 33
AT1G50200.2,Alanyl-tRNA synthetase
AT2G17240.1,unknown protein;FUNCTIONS IN: molecular_function unknown;INVOLVED IN: biological_process unknown;LOCATED IN: chloroplast;EXPRESSED IN: 23 plant structures;EXPRESSED DURING: 14 growth stages;BEST Arabidopsis thaliana protein match is: unknown protein (TAIR:AT3G24506.1);Has 2795 Blast hits to 943 proteins in 155 species: Archae - 0;Bacteria - 388;Metazoa - 809;Fungi - 72;Plants - 153;Viruses - 54;Other Eukaryotes - 1319 (source: NCBI BLink).
AT5G48370.1;AT5G48370.2,Thioesterase/thiol ester dehydrase-isomerase superfamily protein
AT1G20830.1,multiple chloroplast division site 1
AT5G63030.1,Thioredoxin superfamily protein
AT1G22730.1,MA3 domain-containing protein
AT1G73600.1;AT1G73600.2,S-adenosyl-L-methionine-dependent methyltransferases superfamily protein
AT1G42960.1,expressed protein localized to the inner membrane of the chloroplast.
AT4G23210.3,cysteine-rich RLK (RECEPTOR-like protein kinase) 13
AT4G14040.1,selenium-binding protein 2
AT5G01390.1;AT5G01390.4,DNAJ heat shock family protein
AT2G27040.1;AT2G27040.2,Argonaute family protein
AT4G34350.1,4-hydroxy-3-methylbut-2-enyl diphosphate reductase
AT5G14060.1;AT5G14060.2,Aspartate kinase family protein
AT1G08470.1,strictosidine synthase-like 3
AT1G27130.1,glutathione S-transferase tau 13
AT3G05500.1,Rubber elongation factor protein (REF)
AT1G54570.1,Esterase/lipase/thioesterase family protein
AT2G22450.1,"riboflavin biosynthesis protein, putative"
AT2G23010.1;AT2G23010.2,serine carboxypeptidase-like 9
AT2G04842.1,"threonyl-tRNA synthetase, putative / threonine--tRNA ligase, putative"
AT2G22240.1,myo-inositol-1-phosphate synthase 2
AT5G56010.1,heat shock protein 81-3
AT5G13930.1,Chalcone and stilbene synthase family protein
AT5G16715.1,ATP binding;valine-tRNA ligases;aminoacyl-tRNA ligases;nucleotide binding;ATP binding;aminoacyl-tRNA ligases
AT3G59400.1,enzyme binding;tetrapyrrole binding
AT3G06790.1;AT3G06790.2,"plastid developmental protein DAG, putative;plastid developmental protein DAG, putative"
AT3G01980.1;AT3G01980.3;AT3G01980.4,NAD(P)-binding Rossmann-fold superfamily protein
AT4G01037.1,Ubiquitin carboxyl-terminal hydrolase family protein
AT5G62980.1,Dihydroneopterin aldolase
AT4G01480.1,pyrophosphorylase 5
AT5G04810.1,pentatricopeptide (PPR) repeat-containing protein
AT4G38710.1,glycine-rich protein
AT5G09450.1,Tetratricopeptide repeat (TPR)-like superfamily protein
AT3G15520.1,Cyclophilin-like peptidyl-prolyl cis-trans isomerase family protein
AT3G12590.1,unknown protein;INVOLVED IN: biological_process unknown;LOCATED IN: chloroplast;Has 50 Blast hits to 41 proteins in 15 species: Archae - 0;Bacteria - 0;Metazoa - 2;Fungi - 0;Plants - 43;Viruses - 0;Other Eukaryotes - 5 (source: NCBI BLink).
AT5G54870.1,unknown protein;FUNCTIONS IN: molecular_function unknown;INVOLVED IN: biological_process unknown;LOCATED IN: vacuole;EXPRESSED IN: 24 plant structures;EXPRESSED DURING: 15 growth stages;BEST Arabidopsis thaliana protein match is: unknown protein (TAIR:AT4G27020.1);Has 1807 Blast hits to 1807 proteins in 277 species: Archae - 0;Bacteria - 0;Metazoa - 736;Fungi - 347;Plants - 385;Viruses - 0;Other Eukaryotes - 339 (source: NCBI BLink).
AT5G47760.1,2-phosphoglycolate phosphatase 2
AT5G30495.1;AT5G30495.2,Fcf2 pre-rRNA processing protein
AT2G22475.1,GRAM domain family protein
AT5G66470.1,RNA binding;GTP binding
AT3G63140.1,chloroplast stem-loop binding protein of  41 kDa
AT3G53460.1;AT3G53460.2;AT3G53460.3,chloroplast RNA-binding protein 29
AT3G44990.1,xyloglucan endo-transglycosylase-related 8
AT3G07030.1,Alba DNA/RNA-binding protein
AT3G16950.1;AT3G16950.2,lipoamide dehydrogenase 1
AT4G32360.1,Pyridine nucleotide-disulphide oxidoreductase family protein
AT3G10160.1,DHFS-FPGS homolog C
AT3G60770.1,Ribosomal protein S13/S15
AT4G28450.1,nucleotide binding;protein binding
AT3G53880.1,NAD(P)-linked oxidoreductase superfamily protein
AT4G31160.1,DDB1-CUL4 associated factor 1
AT1G02150.1,Tetratricopeptide repeat (TPR)-like superfamily protein
ATCG00420.1,NADH dehydrogenase subunit J
AT3G49320.1,Metal-dependent protein hydrolase
AT1G79750.1,NADP-malic enzyme 4
AT1G55120.1;AT1G55120.2;AT1G55120.3,beta-fructofuranosidase 5
AT5G27410.1;AT5G27410.2,D-aminoacid aminotransferase-like PLP-dependent enzymes superfamily protein
AT3G12390.1,"Nascent polypeptide-associated complex (NAC), alpha subunit family protein"
AT1G15530.1,Concanavalin A-like lectin protein kinase family protein
AT2G34630.1;AT2G34630.2,geranyl diphosphate synthase 1
AT4G22360.1,SWIB complex BAF60b domain-containing protein
AT4G04610.1,APS reductase 1
AT1G23130.1,Polyketide cyclase/dehydrase and lipid transport superfamily protein
AT5G57100.1,Nucleotide/sugar transporter family protein
AT1G02500.1;AT1G02500.2,S-adenosylmethionine synthetase 1
AT3G07568.1,unknown protein;Has 9 Blast hits to 9 proteins in 5 species: Archae - 0;Bacteria - 0;Metazoa - 0;Fungi - 0;Plants - 9;Viruses - 0;Other Eukaryotes - 0 (source: NCBI BLink).
AT4G29380.1,protein kinase family protein / WD-40 repeat family protein
AT3G09560.1;AT3G09560.2;AT3G09560.3,Lipin family protein
AT2G19480.1;AT2G19480.2;AT2G19480.3,nucleosome assembly protein 1;2;nucleosome assembly protein 1;2;nucleosome assembly protein 1;2
AT5G45940.1,nudix hydrolase homolog 11
AT2G22930.1,UDP-Glycosyltransferase superfamily protein
AT3G25580.1,Thioredoxin superfamily protein
AT4G17190.1,farnesyl diphosphate synthase 2
AT4G22140.1;AT4G22140.2,PHD finger family protein / bromo-adjacent homology (BAH) domain-containing protein
AT2G38790.1,unknown protein;Has 21 Blast hits to 21 proteins in 5 species: Archae - 0;Bacteria - 0;Metazoa - 0;Fungi - 0;Plants - 19;Viruses - 0;Other Eukaryotes - 2 (source: NCBI BLink).
AT5G10350.1;AT5G10350.2,RNA-binding (RRM/RBD/RNP motifs) family protein
AT1G12240.1,Glycosyl hydrolases family 32 protein
AT3G49055.1,unknown protein;EXPRESSED IN: cotyledon;BEST Arabidopsis thaliana protein match is: unknown protein (TAIR:AT1G24560.1);Has 52205 Blast hits to 29376 proteins in 1994 species: Archae - 873;Bacteria - 6150;Metazoa - 27099;Fungi - 3784;Plants - 3062;Viruses - 130;Other Eukaryotes - 11107 (source: NCBI BLink).
AT3G45030.1;AT5G62300.1;AT5G62300.2,Ribosomal protein S10p/S20e family protein
AT1G36320.1,unknown protein;BEST Arabidopsis thaliana protein match is: unknown protein (TAIR:AT4G37920.1);Has 93 Blast hits to 90 proteins in 22 species: Archae - 0;Bacteria - 0;Metazoa - 0;Fungi - 0;Plants - 85;Viruses - 0;Other Eukaryotes - 8 (source: NCBI BLink).
AT2G44180.1,methionine aminopeptidase 2A
AT3G52870.1,IQ calmodulin-binding motif family protein
AT4G36130.1,Ribosomal protein L2 family
AT1G04420.1,NAD(P)-linked oxidoreductase superfamily protein
AT3G23450.1,unknown protein;FUNCTIONS IN: molecular_function unknown;INVOLVED IN: biological_process unknown;LOCATED IN: endomembrane system;EXPRESSED IN: 14 plant structures;EXPRESSED DURING: 8 growth stages;Has 694543 Blast hits to 47111 proteins in 2535 species: Archae - 1794;Bacteria - 163056;Metazoa - 258989;Fungi - 49151;Plants - 70496;Viruses - 8919;Other Eukaryotes - 142138 (source: NCBI BLink).
AT3G02570.1,"Mannose-6-phosphate isomerase, type I"
AT1G76010.1,Alba DNA/RNA-binding protein
AT4G29720.1,polyamine oxidase 5
AT5G58510.1,unknown protein;FUNCTIONS IN: molecular_function unknown;INVOLVED IN: biological_process unknown;LOCATED IN: chloroplast;EXPRESSED IN: 23 plant structures;EXPRESSED DURING: 14 growth stages;BEST Arabidopsis thaliana protein match is: unknown protein (TAIR:AT5G55060.2);Has 30201 Blast hits to 17322 proteins in 780 species: Archae - 12;Bacteria - 1396;Metazoa - 17338;Fungi - 3422;Plants - 5037;Viruses - 0;Other Eukaryotes - 2996 (source: NCBI BLink).
AT1G20580.1,Small nuclear ribonucleoprotein family protein
AT5G40200.1,DegP protease 9
AT3G27110.1;AT3G27110.2,Peptidase family M48 family protein
AT4G01130.1,GDSL-like Lipase/Acylhydrolase superfamily protein
AT1G63680.1,acid-amino acid ligases;ligases;ATP binding;ATP binding;ligases
AT2G03800.1,D-aminoacyl-tRNA deacylases
AT2G34680.1,Outer arm dynein light chain 1 protein
AT4G39200.1;AT4G39200.2,Ribosomal protein S25 family protein
AT3G54150.1,S-adenosyl-L-methionine-dependent methyltransferases superfamily protein
AT1G79500.1;AT1G79500.2;AT1G79500.3;AT1G79500.4,Aldolase-type TIM barrel family protein
AT3G12680.1,floral homeotic protein (HUA1)
AT1G01320.1;AT1G01320.2,Tetratricopeptide repeat (TPR)-like superfamily protein
AT3G45190.1,SIT4 phosphatase-associated family protein
AT2G39090.1,tetratricopeptide repeat (TPR)-containing protein
AT5G10230.1,annexin 7
AT4G17020.1;AT4G17020.2;AT4G17020.3,transcription factor-related
AT1G34570.1,"Essential protein Yae1, N-terminal"
AT4G11980.1,nudix hydrolase homolog 14
AT4G16360.1;AT4G16360.2;AT4G16360.3,5'-AMP-activated protein kinase beta-2 subunit protein
AT5G62350.1,Plant invertase/pectin methylesterase inhibitor superfamily protein
AT3G24030.1,hydroxyethylthiazole kinase family protein
AT5G12950.1,Putative glycosyl hydrolase of unknown function (DUF1680)
AT1G49340.1;AT1G49340.2,Phosphatidylinositol 3- and 4-kinase family protein
AT3G05410.2,Photosystem II reaction center PsbP family protein
AT1G20630.1,catalase 1
AT1G65410.1,non-intrinsic ABC protein 11
AT3G56630.1,"cytochrome P450, family 94, subfamily D, polypeptide 2"
AT2G36870.1,xyloglucan endotransglucosylase/hydrolase 32
AT2G37050.1;AT2G37050.3,Leucine-rich repeat protein kinase family protein
AT1G04130.1,Tetratricopeptide repeat (TPR)-like superfamily protein
AT1G09795.1,ATP phosphoribosyl transferase 2
AT2G45620.1,Nucleotidyltransferase family protein
AT3G13580.1;AT3G13580.2;AT3G13580.3,Ribosomal protein L30/L7 family protein
AT3G28750.1,"unknown protein;LOCATED IN: endomembrane system;EXPRESSED IN: 12 plant structures;EXPRESSED DURING: L mature pollen stage, M germinated pollen stage, 4 anthesis, C globular stage, petal differentiation and expansion stage;CONTAINS InterPro DOMAIN/s: Protein of unknown function DUF1216 (InterPro:IPR009605);BEST Arabidopsis thaliana protein match is: unknown protein (TAIR:AT5G39880.1);Has 37 Blast hits to 31 proteins in 5 species: Archae - 0;Bacteria - 0;Metazoa - 0;Fungi - 0;Plants - 28;Viruses - 0;Other Eukaryotes - 9 (source: NCBI BLink)."
AT1G09420.1;AT1G09420.2,glucose-6-phosphate dehydrogenase 4
AT2G42070.1,nudix hydrolase homolog 23
AT4G10480.1,"Nascent polypeptide-associated complex (NAC), alpha subunit family protein"
AT3G21410.1,F-box and associated interaction domains-containing protein
AT3G07990.1,serine carboxypeptidase-like 27
AT4G18480.1,P-loop containing nucleoside triphosphate hydrolases superfamily protein
AT1G28320.1,protease-related
AT4G25740.1,RNA binding Plectin/S10 domain-containing protein
AT4G30220.2,small nuclear ribonucleoprotein F
AT4G23895.3;AT4G23900.1,Pleckstrin homology (PH) domain-containing protein;Nucleoside diphosphate kinase family protein
AT3G02020.1,aspartate kinase 3
AT5G48620.1,Disease resistance protein (CC-NBS-LRR class) family
AT3G03110.1,exportin 1B
AT1G69390.1,homologue of bacterial MinE 1
AT2G45560.1,"cytochrome P450, family 76, subfamily C, polypeptide 1"
AT2G30270.1,Protein of unknown function (DUF567)
AT1G79530.1,glyceraldehyde-3-phosphate dehydrogenase of plastid 1
AT3G45010.1,serine carboxypeptidase-like 48
AT4G10960.1,UDP-D-glucose/UDP-D-galactose 4-epimerase 5
AT3G11210.1,SGNH hydrolase-type esterase superfamily protein
AT2G37920.1,copper ion transmembrane transporters
AT4G12790.1;AT4G12790.2;AT4G12790.3;AT4G12790.4;AT4G12790.5,P-loop containing nucleoside triphosphate hydrolases superfamily protein
AT3G08840.2;AT3G08840.3,D-alanine--D-alanine ligase family
AT1G26560.1,beta glucosidase 40
AT4G36360.1;AT4G36360.2,beta-galactosidase 3
AT1G06820.1,carotenoid isomerase
AT4G30910.1,Cytosol aminopeptidase family protein
AT1G66130.1,NAD(P)-binding Rossmann-fold superfamily protein
AT3G05020.1,acyl carrier protein 1
AT4G33110.1;AT4G33110.2,S-adenosyl-L-methionine-dependent methyltransferases superfamily protein
AT4G31310.1,AIG2-like (avirulence induced gene) family protein
AT2G30050.1,transducin family protein / WD-40 repeat family protein
AT5G65760.1,Serine carboxypeptidase S28 family protein
AT5G58710.1,rotamase CYP 7
AT5G11950.1;AT5G11950.2,Putative lysine decarboxylase family protein
AT2G20480.1,unknown protein;Has 19 Blast hits to 19 proteins in 10 species: Archae - 0;Bacteria - 0;Metazoa - 0;Fungi - 0;Plants - 19;Viruses - 0;Other Eukaryotes - 0 (source: NCBI BLink).
AT5G47680.1,"FUNCTIONS IN: molecular_function unknown;INVOLVED IN: biological_process unknown;LOCATED IN: cellular_component unknown;EXPRESSED IN: 23 plant structures;EXPRESSED DURING: 13 growth stages;CONTAINS InterPro DOMAIN/s: tRNA (guanine-N1-)-methyltransferase (InterPro:IPR016009), tRNA (guanine-N(1)-)-methyltransferase, metazoa (InterPro:IPR016653), tRNA (guanine-N1-)-methyltransferase, eukaryotic (InterPro:IPR007356);Has 1807 Blast hits to 1807 proteins in 277 species: Archae - 0;Bacteria - 0;Metazoa - 736;Fungi - 347;Plants - 385;Viruses - 0;Other Eukaryotes - 339 (source: NCBI BLink)."
AT5G25060.1,RNA recognition motif (RRM)-containing protein
AT3G12370.1,Ribosomal protein L10 family protein
AT3G61440.2,cysteine synthase C1
AT1G30120.1,pyruvate dehydrogenase E1 beta
AT2G24250.1;AT2G24250.2,Protein of unknown function (DUF295)
AT3G57870.1,sumo conjugation enzyme 1
AT3G14350.1;AT3G14350.2;AT3G14350.3,STRUBBELIG-receptor family 7
AT1G30470.1,SIT4 phosphatase-associated family protein
AT2G43940.1,S-adenosyl-L-methionine-dependent methyltransferases superfamily protein
AT2G40620.1,Basic-leucine zipper (bZIP) transcription factor family protein
AT3G44720.1,arogenate dehydratase 4
AT3G60810.1;AT3G60810.2,unknown protein;CONTAINS InterPro DOMAIN/s: Protein of unknown function DUF1499 (InterPro:IPR010865);Has 444 Blast hits to 444 proteins in 143 species: Archae - 0;Bacteria - 268;Metazoa - 0;Fungi - 0;Plants - 51;Viruses - 0;Other Eukaryotes - 125 (source: NCBI BLink).;unknown protein;CONTAINS InterPro DOMAIN/s: Protein of unknown function DUF1499 (InterPro:IPR010865);Has 35333 Blast hits to 34131 proteins in 2444 species: Archae - 798;Bacteria - 22429;Metazoa - 974;Fungi - 991;Plants - 531;Viruses - 0;Other Eukaryotes - 9610 (source: NCBI BLink).
AT3G48460.1,GDSL-like Lipase/Acylhydrolase superfamily protein
AT1G02020.1;AT1G02020.2,nitroreductase family protein
AT5G25780.1,eukaryotic translation initiation factor 3B-2
AT1G53720.1,cyclophilin 59
AT3G13180.1,NOL1/NOP2/sun family protein / antitermination NusB domain-containing protein
AT4G01870.1,tolB protein-related
AT1G63290.1,Aldolase-type TIM barrel family protein
AT5G56650.1,IAA-leucine resistant (ILR)-like 1
AT1G78370.1,glutathione S-transferase TAU 20
AT5G49220.1,Protein of unknown function (DUF789)
AT5G12140.1,cystatin-1
ATCG00740.1,RNA polymerase subunit alpha
AT3G29200.1,chorismate mutase 1
AT2G35020.1,N-acetylglucosamine-1-phosphate uridylyltransferase 2
AT2G34930.1,disease resistance family protein / LRR family protein
AT2G39170.1,unknown protein;CONTAINS InterPro DOMAIN/s: Protein of unknown function NEP (InterPro:IPR019320);Has 57 Blast hits to 57 proteins in 26 species: Archae - 0;Bacteria - 0;Metazoa - 19;Fungi - 0;Plants - 34;Viruses - 0;Other Eukaryotes - 4 (source: NCBI BLink).
AT1G74260.1,purine biosynthesis 4
AT4G01883.1,Polyketide cyclase / dehydrase and lipid transport protein
AT3G50440.1,methyl esterase 10
AT3G51750.1;AT3G51750.2;AT3G51750.3,unknown protein;Has 15 Blast hits to 14 proteins in 5 species: Archae - 0;Bacteria - 0;Metazoa - 0;Fungi - 0;Plants - 15;Viruses - 0;Other Eukaryotes - 0 (source: NCBI BLink).;unknown protein;Has 35333 Blast hits to 34131 proteins in 2444 species: Archae - 798;Bacteria - 22429;Metazoa - 974;Fungi - 991;Plants - 531;Viruses - 0;Other Eukaryotes - 9610 (source: NCBI BLink).;unknown protein;FUNCTIONS IN: molecular_function unknown;INVOLVED IN: biological_process unknown;LOCATED IN: cellular_component unknown;EXPRESSED IN: 12 plant structures;EXPRESSED DURING: 9 growth stages.
AT5G40440.1,mitogen-activated protein kinase kinase 3
AT2G19460.1,Protein of unknown function (DUF3511)
AT2G34640.1,plastid transcriptionally active 12
AT3G23920.1,beta-amylase 1
AT1G76060.1,LYR family of Fe/S cluster biogenesis protein
AT5G43850.1,RmlC-like cupins superfamily protein
AT3G27620.1,alternative oxidase 1C
AT2G04530.1,Metallo-hydrolase/oxidoreductase superfamily protein
AT5G47040.1,lon protease 2
AT4G23400.1,plasma membrane intrinsic protein 1;5
AT3G16400.1;AT3G16400.2,nitrile specifier protein 1
AT1G17840.1,white-brown complex homolog protein 11
AT1G31690.1,Copper amine oxidase family protein
AT2G04450.1,nudix hydrolase homolog 6
AT5G39320.1,UDP-glucose 6-dehydrogenase family protein
AT1G25540.1;AT1G25540.2,phytochrome and flowering time regulatory protein (PFT1)
AT3G04550.1,"unknown protein;INVOLVED IN: biological_process unknown;LOCATED IN: chloroplast stroma, chloroplast;EXPRESSED IN: 22 plant structures;EXPRESSED DURING: 13 growth stages;BEST Arabidopsis thaliana protein match is: unknown protein (TAIR:AT5G28500.1);Has 110 Blast hits to 110 proteins in 51 species: Archae - 0;Bacteria - 67;Metazoa - 1;Fungi - 0;Plants - 41;Viruses - 0;Other Eukaryotes - 1 (source: NCBI BLink)."
AT3G16050.1,pyridoxine biosynthesis 1.2
AT1G32900.1,UDP-Glycosyltransferase superfamily protein
AT1G12520.1;AT1G12520.2,copper chaperone for SOD1
AT4G15820.1,BEST Arabidopsis thaliana protein match is: embryo defective 1703 (TAIR:AT3G61780.1);Has 524 Blast hits to 443 proteins in 102 species: Archae - 0;Bacteria - 13;Metazoa - 196;Fungi - 37;Plants - 43;Viruses - 3;Other Eukaryotes - 232 (source: NCBI BLink).
AT2G33450.1,Ribosomal L28 family
AT3G02420.1,unknown protein;FUNCTIONS IN: molecular_function unknown;INVOLVED IN: biological_process unknown;LOCATED IN: membrane;EXPRESSED IN: 25 plant structures;EXPRESSED DURING: 15 growth stages;CONTAINS InterPro DOMAIN/s: Uncharacterised protein family UPF0121 (InterPro:IPR005344);Has 72 Blast hits to 71 proteins in 25 species: Archae - 0;Bacteria - 0;Metazoa - 2;Fungi - 2;Plants - 60;Viruses - 0;Other Eukaryotes - 8 (source: NCBI BLink).
ATCG00650.1,ribosomal protein S18
AT4G24880.1,unknown protein;Has 30201 Blast hits to 17322 proteins in 780 species: Archae - 12;Bacteria - 1396;Metazoa - 17338;Fungi - 3422;Plants - 5037;Viruses - 0;Other Eukaryotes - 2996 (source: NCBI BLink).
AT3G13222.1,GBF-interacting protein 1
AT3G48930.1,"Nucleic acid-binding, OB-fold-like protein"
AT5G52470.1,fibrillarin 1
AT5G35530.1,Ribosomal protein S3 family protein
AT3G13784.1,cell wall invertase 5
AT1G63310.1,unknown protein;BEST Arabidopsis thaliana protein match is: unknown protein (TAIR:AT2G20362.1);Has 78 Blast hits to 77 proteins in 11 species: Archae - 0;Bacteria - 0;Metazoa - 0;Fungi - 0;Plants - 78;Viruses - 0;Other Eukaryotes - 0 (source: NCBI BLink).
AT5G17790.1,zinc finger (Ran-binding) family protein
AT3G08770.1;AT3G08770.2,lipid transfer protein 6
AT1G73090.1;AT1G73090.2,unknown protein;Has 28 Blast hits to 28 proteins in 12 species: Archae - 0;Bacteria - 0;Metazoa - 0;Fungi - 0;Plants - 28;Viruses - 0;Other Eukaryotes - 0 (source: NCBI BLink).;unknown protein;FUNCTIONS IN: molecular_function unknown;INVOLVED IN: biological_process unknown;EXPRESSED IN: 21 plant structures;EXPRESSED DURING: 12 growth stages.
AT2G43090.1,Aconitase/3-isopropylmalate dehydratase protein
AT1G11820.1;AT1G11820.2,O-Glycosyl hydrolases family 17 protein
AT5G24690.1,Protein of unknown function (DUF3411)
AT3G59290.1,ENTH/VHS family protein
AT5G16290.1;AT5G16290.2,VALINE-TOLERANT 1
AT5G01600.1,ferretin 1
AT5G40580.1;AT5G40580.2,20S proteasome beta subunit PBB2
AT3G55005.1,tonneau 1b (TON1b)
AT5G54380.1,protein kinase family protein
AT3G17130.1,Plant invertase/pectin methylesterase inhibitor superfamily protein
AT5G50950.2,FUMARASE 2
AT2G01710.1,Chaperone DnaJ-domain superfamily protein
AT3G16980.1,RNA polymerases M/15 Kd subunit
AT3G28290.1;AT3G28300.1,Protein of unknown function (DUF677)
AT2G45180.1,Bifunctional inhibitor/lipid-transfer protein/seed storage 2S albumin superfamily protein
AT2G36800.1,don-glucosyltransferase 1
AT1G60950.1,2Fe-2S ferredoxin-like superfamily protein
AT1G09160.1;AT1G09160.2,Protein phosphatase 2C family protein
AT3G17040.1;AT3G17040.2,high chlorophyll fluorescent 107
AT1G15390.1,peptide deformylase 1A
AT4G01700.1,Chitinase family protein
AT2G38550.1,Transmembrane proteins 14C
AT4G35320.1,unknown protein;BEST Arabidopsis thaliana protein match is: unknown protein (TAIR:AT2G17300.1);Has 30201 Blast hits to 17322 proteins in 780 species: Archae - 12;Bacteria - 1396;Metazoa - 17338;Fungi - 3422;Plants - 5037;Viruses - 0;Other Eukaryotes - 2996 (source: NCBI BLink).
AT1G62660.1,Glycosyl hydrolases family 32 protein
AT2G34810.1,FAD-binding Berberine family protein
AT1G75380.1;AT1G75380.2;AT1G75380.3,bifunctional nuclease in basal defense response 1
AT3G23530.1,Cyclopropane-fatty-acyl-phospholipid synthase
AT2G29320.1,NAD(P)-binding Rossmann-fold superfamily protein
AT1G72690.1,unknown protein;BEST Arabidopsis thaliana protein match is: unknown protein (TAIR:AT1G17490.1);Has 59 Blast hits to 45 proteins in 9 species: Archae - 0;Bacteria - 0;Metazoa - 0;Fungi - 0;Plants - 59;Viruses - 0;Other Eukaryotes - 0 (source: NCBI BLink).
AT4G13180.1,NAD(P)-binding Rossmann-fold superfamily protein
AT5G47110.1,Chlorophyll A-B binding family protein
AT5G06210.1,RNA binding (RRM/RBD/RNP motifs) family protein
AT2G48120.1;AT2G48120.2,pale cress protein (PAC)
AT1G12350.1,4-phospho-panto-thenoylcysteine synthetase
AT4G39640.1;AT4G39640.2,gamma-glutamyl transpeptidase 1
AT1G72010.1,TCP family transcription factor
AT2G39140.1,pseudouridine synthase family protein
AT4G27380.1,unknown protein;Has 30201 Blast hits to 17322 proteins in 780 species: Archae - 12;Bacteria - 1396;Metazoa - 17338;Fungi - 3422;Plants - 5037;Viruses - 0;Other Eukaryotes - 2996 (source: NCBI BLink).
AT4G14615.1,unknown protein;FUNCTIONS IN: molecular_function unknown;INVOLVED IN: biological_process unknown;LOCATED IN: endomembrane system;EXPRESSED IN: 24 plant structures;EXPRESSED DURING: 15 growth stages;CONTAINS InterPro DOMAIN/s: Protein of unknown function DUF2346 (InterPro:IPR018625);BEST Arabidopsis thaliana protein match is: unknown protein (TAIR:AT1G52825.1);Has 30201 Blast hits to 17322 proteins in 780 species: Archae - 12;Bacteria - 1396;Metazoa - 17338;Fungi - 3422;Plants - 5037;Viruses - 0;Other Eukaryotes - 2996 (source: NCBI BLink).
AT2G07675.1;ATMG00980.1,Ribosomal protein S12/S23 family protein
AT1G53840.1,pectin methylesterase 1
AT4G27440.1;AT4G27440.2,protochlorophyllide oxidoreductase B
AT3G54090.1,fructokinase-like 1
AT2G16430.2,purple acid phosphatase 10
AT4G23600.1,Tyrosine transaminase family protein
AT5G10810.1,"enhancer of rudimentary protein, putative"
AT5G04710.1,Zn-dependent exopeptidases superfamily protein
AT3G53120.1,Modifier of rudimentary (Mod(r)) protein
AT4G30920.1,Cytosol aminopeptidase family protein
AT2G41350.1;AT2G41350.2,unknown protein;BEST Arabidopsis thaliana protein match is: unknown protein (TAIR:AT2G21980.1);Has 188 Blast hits to 188 proteins in 66 species: Archae - 0;Bacteria - 12;Metazoa - 90;Fungi - 15;Plants - 54;Viruses - 0;Other Eukaryotes - 17 (source: NCBI BLink).;unknown protein;BEST Arabidopsis thaliana protein match is: unknown protein (TAIR:AT2G21980.1);Has 35333 Blast hits to 34131 proteins in 2444 species: Archae - 798;Bacteria - 22429;Metazoa - 974;Fungi - 991;Plants - 531;Viruses - 0;Other Eukaryotes - 9610 (source: NCBI BLink).
AT3G48560.1,chlorsulfuron/imidazolinone resistant 1
AT3G27280.1;AT3G27280.2,prohibitin 4
AT1G27100.1,Actin cross-linking protein
AT1G68760.1,nudix hydrolase  1
AT3G22845.1,emp24/gp25L/p24 family/GOLD family protein
AT1G72610.1,germin-like protein 1
AT1G15670.1,Galactose oxidase/kelch repeat superfamily protein
AT3G29400.1,exocyst subunit exo70 family protein E1
AT4G10000.1;AT4G10000.2,Thioredoxin family protein
AT1G44446.1,Pheophorbide a oxygenase family protein with Rieske [2Fe-2S] domain
AT3G12200.1;AT3G12200.2,NIMA-related kinase 7
AT1G71840.1,transducin family protein / WD-40 repeat family protein
AT3G03190.1,glutathione S-transferase F11
AT2G30170.1,Protein phosphatase 2C family protein
ATCG00790.1,ribosomal protein L16
AT5G22800.1,"Alanyl-tRNA synthetase, class IIc"
AT2G24580.1,FAD-dependent oxidoreductase family protein
AT1G06000.1,UDP-Glycosyltransferase superfamily protein
AT4G14440.1,3-hydroxyacyl-CoA dehydratase 1
AT1G19350.1;AT1G19350.3;AT1G19350.4;AT1G19350.5;AT1G19350.6,Brassinosteroid signalling positive regulator (BZR1) family protein
AT5G12120.1,Ubiquitin-associated/translation elongation factor EF1B protein
AT4G28780.1,GDSL-like Lipase/Acylhydrolase superfamily protein
AT4G25890.1,60S acidic ribosomal protein family
AT5G26880.1;AT5G26880.2,AGAMOUS-like 26
AT5G43060.1,Granulin repeat cysteine protease family protein
AT5G18580.1,tonneau 2 (TON2)
AT5G04360.1,limit dextrinase
AT4G28025.1;AT4G28025.2,unknown protein;FUNCTIONS IN: molecular_function unknown;INVOLVED IN: biological_process unknown;LOCATED IN: chloroplast thylakoid membrane;EXPRESSED IN: 23 plant structures;EXPRESSED DURING: 13 growth stages;Has 30201 Blast hits to 17322 proteins in 780 species: Archae - 12;Bacteria - 1396;Metazoa - 17338;Fungi - 3422;Plants - 5037;Viruses - 0;Other Eukaryotes - 2996 (source: NCBI BLink).;unknown protein.
AT4G22930.1,pyrimidin 4
AT1G08130.1,DNA ligase 1
AT4G26100.1,casein kinase 1
AT1G78040.1;AT1G78040.2,Pollen Ole e 1 allergen and extensin family protein
AT3G57150.1,homologue of NAP57
AT1G66580.1,senescence associated gene 24
AT3G43980.1;AT3G44010.1;AT4G33865.1,Ribosomal protein S14p/S29e family protein
AT4G10050.1,esterase/lipase/thioesterase family protein
AT5G16270.1,sister chromatid cohesion 1 protein 4
AT1G61310.1,LRR and NB-ARC domains-containing disease resistance protein
AT5G02870.1;AT5G02870.2,Ribosomal protein L4/L1 family
AT3G01670.1,unknown protein;BEST Arabidopsis thaliana protein match is: unknown protein (TAIR:AT3G01680.1);Has 121 Blast hits to 111 proteins in 12 species: Archae - 0;Bacteria - 0;Metazoa - 0;Fungi - 0;Plants - 121;Viruses - 0;Other Eukaryotes - 0 (source: NCBI BLink).
AT5G25270.1,Ubiquitin-like superfamily protein
AT1G08510.1,fatty acyl-ACP thioesterases B
AT2G43360.1,Radical SAM superfamily protein
AT1G26761.1,Arabinanase/levansucrase/invertase
AT4G26370.1,antitermination NusB domain-containing protein
AT2G37040.1,PHE ammonia lyase 1
AT2G37470.1,Histone superfamily protein
AT5G23400.1,Leucine-rich repeat (LRR) family protein
AT5G64400.1;AT5G64400.2,CONTAINS InterPro DOMAIN/s: CHCH (InterPro:IPR010625);BEST Arabidopsis thaliana protein match is: Cox19-like CHCH family protein (TAIR:AT5G09570.1);Has 1807 Blast hits to 1807 proteins in 277 species: Archae - 0;Bacteria - 0;Metazoa - 736;Fungi - 347;Plants - 385;Viruses - 0;Other Eukaryotes - 339 (source: NCBI BLink).;BEST Arabidopsis thaliana protein match is: Cox19-like CHCH family protein (TAIR:AT5G09570.1);Has 127 Blast hits to 125 proteins in 40 species: Archae - 0;Bacteria - 9;Metazoa - 16;Fungi - 2;Plants - 64;Viruses - 0;Other Eukaryotes - 36 (source: NCBI BLink).
AT3G16230.1;AT3G16230.2;AT3G16230.3,Predicted eukaryotic LigT
AT2G38750.1,annexin 4
AT1G52400.1;AT1G52400.3,beta glucosidase 18
AT4G36390.1,Methylthiotransferase
AT1G48605.1;AT3G18030.1,Flavoprotein;HAL3-like protein A
AT3G24500.1;AT3G24500.2,multiprotein bridging factor 1C
AT1G47500.1,RNA-binding protein 47C'
AT4G02840.1;AT4G02840.2,Small nuclear ribonucleoprotein family protein
AT5G62180.1,carboxyesterase 20
AT2G01890.1,purple acid phosphatase 8
AT3G08860.1,PYRIMIDINE 4
AT4G10030.1,alpha/beta-Hydrolases superfamily protein
AT1G65310.1;AT4G30280.1,xyloglucan endotransglucosylase/hydrolase 17;xyloglucan endotransglucosylase/hydrolase 18
AT5G16040.1,Regulator of chromosome condensation (RCC1) family protein
AT3G09250.1;AT3G09250.2,Nuclear transport factor 2 (NTF2) family protein
AT1G68060.1,microtubule-associated proteins 70-1
AT1G31660.1,CONTAINS InterPro DOMAIN/s: Bystin (InterPro:IPR007955);Has 475 Blast hits to 467 proteins in 210 species: Archae - 0;Bacteria - 9;Metazoa - 155;Fungi - 139;Plants - 55;Viruses - 0;Other Eukaryotes - 117 (source: NCBI BLink).
AT4G30720.1,FAD/NAD(P)-binding oxidoreductase family protein
AT3G18740.1,Ribosomal protein L7Ae/L30e/S12e/Gadd45 family protein
AT2G33590.1,NAD(P)-binding Rossmann-fold superfamily protein
AT1G02840.1;AT1G02840.2;AT1G02840.3,RNA-binding (RRM/RBD/RNP motifs) family protein
AT5G14460.1,Pseudouridine synthase family protein
AT4G31850.1,proton gradient regulation 3
AT1G08190.1,vacuolar protein sorting 41
AT1G18490.1,Protein of unknown function (DUF1637)
AT4G26620.1,Sucrase/ferredoxin-like family protein
AT1G07010.1;AT1G07010.2,Calcineurin-like metallo-phosphoesterase superfamily protein
AT3G14600.1,Ribosomal protein L18ae/LX family protein
AT4G11640.1,serine racemase
AT1G34360.1,translation initiation factor 3 (IF-3) family protein
AT5G08100.1,N-terminal nucleophile aminohydrolases (Ntn hydrolases) superfamily protein
AT4G19540.1,IND1(iron-sulfur protein required for NADH dehydrogenase)-like
AT1G55805.1,BolA-like family protein
AT1G47490.1,RNA-binding protein 47C
AT5G06340.1,nudix hydrolase homolog 27
AT5G47720.1;AT5G47720.2;AT5G47720.3;AT5G47720.4,Thiolase family protein
AT1G24110.1,Peroxidase superfamily protein
AT2G27710.1;AT2G27710.2;AT2G27710.3;AT2G27710.4,60S acidic ribosomal protein family
AT1G23360.1,S-adenosyl-L-methionine-dependent methyltransferases superfamily protein
AT2G39460.1;AT2G39460.2;AT3G55280.1;AT3G55280.2;AT3G55280.3,ribosomal protein L23AA;ribosomal protein L23AA;ribosomal protein L23AB;ribosomal protein L23AB;ribosomal protein L23AB
AT1G21350.2;AT1G21350.3,Thioredoxin superfamily protein
AT4G23430.1;AT4G23430.2,NAD(P)-binding Rossmann-fold superfamily protein
AT2G32860.1;AT2G32860.2,beta glucosidase 33
AT5G15810.1,"N2,N2-dimethylguanosine tRNA methyltransferase"
AT3G07220.1,SMAD/FHA domain-containing protein
AT5G59890.1;AT5G59890.2,actin depolymerizing factor 4
AT5G01270.1;AT5G01270.2,carboxyl-terminal domain (ctd) phosphatase-like 2
AT1G45230.1;AT1G45230.2,Protein of unknown function (DUF3223)
AT5G07030.1,Eukaryotic aspartyl protease family protein
AT1G60850.1;AT1G60850.2,DNA-directed RNA polymerase family protein
AT1G62850.2;AT1G62850.3,Class I peptide chain release factor
AT5G50840.1;AT5G50840.2,CONTAINS InterPro DOMAIN/s: Taxilin (InterPro:IPR019132);Has 30201 Blast hits to 17322 proteins in 780 species: Archae - 12;Bacteria - 1396;Metazoa - 17338;Fungi - 3422;Plants - 5037;Viruses - 0;Other Eukaryotes - 2996 (source: NCBI BLink).;CONTAINS InterPro DOMAIN/s: Taxilin (InterPro:IPR019132);Has 35333 Blast hits to 34131 proteins in 2444 species: Archae - 798;Bacteria - 22429;Metazoa - 974;Fungi - 991;Plants - 531;Viruses - 0;Other Eukaryotes - 9610 (source: NCBI BLink).
AT3G03640.1,beta glucosidase 25
AT1G45201.1,triacylglycerol lipase-like 1
AT1G31710.1,Copper amine oxidase family protein
AT2G39330.1,jacalin-related lectin 23
AT2G46650.1,cytochrome B5 isoform C
AT1G52930.1,Ribosomal RNA processing Brix domain protein
AT5G25540.1,CTC-interacting domain 6
AT1G07070.1;AT1G74270.1,Ribosomal protein L35Ae family protein
AT4G16510.1,YbaK/aminoacyl-tRNA synthetase-associated domain
AT4G32050.1,neurochondrin family protein
AT5G01930.1,Glycosyl hydrolase superfamily protein
AT4G38200.1,SEC7-like guanine nucleotide exchange family protein
AT1G69460.1,emp24/gp25L/p24 family/GOLD family protein
AT5G63060.1,Sec14p-like phosphatidylinositol transfer family protein
AT5G37190.1,COP1-interacting protein 4
AT1G10360.1,glutathione S-transferase TAU 18
AT3G10230.1;AT3G10230.2,lycopene cyclase
AT1G23205.1,Plant invertase/pectin methylesterase inhibitor superfamily protein
AT3G47590.1,alpha/beta-Hydrolases superfamily protein
AT1G10170.1,NF-X-like 1
AT1G02130.1,RAS 5
AT1G55360.1,Protein of Unknown Function (DUF239)
AT3G18680.1,Amino acid kinase family protein
AT2G20490.1;AT2G20490.2,nucleolar RNA-binding Nop10p family protein
AT4G26110.1;AT4G26110.2,nucleosome assembly protein1;1;nucleosome assembly protein1;1
AT5G27640.1;AT5G27640.2,translation initiation factor 3B1
AT3G55270.1,mitogen-activated protein kinase phosphatase 1
AT5G51120.1,polyadenylate-binding protein 1
AT1G79080.1,Pentatricopeptide repeat (PPR) superfamily protein
AT3G05680.1;AT3G05680.2,embryo defective 2016
AT2G31810.1,ACT domain-containing small subunit of acetolactate synthase protein
AT1G14250.1,GDA1/CD39 nucleoside phosphatase family protein
AT4G16710.1;AT4G16710.2,glycosyltransferase family protein 28
AT1G52760.1,lysophospholipase 2
AT1G78970.1;AT1G78970.2,lupeol synthase 1
AT5G43450.1,2-oxoglutarate (2OG) and Fe(II)-dependent oxygenase superfamily protein
AT5G64610.1,histone acetyltransferase of the MYST family 1
AT5G07460.1,peptidemethionine sulfoxide reductase 2
AT3G12070.1;AT3G12070.2,RAB geranylgeranyl transferase beta subunit 2
AT1G74590.1,glutathione S-transferase TAU 10
AT3G16290.1,AAA-type ATPase family protein
AT4G36730.1;AT4G36730.2,G-box binding factor 1
AT4G40010.1,SNF1-related protein kinase 2.7
AT4G30610.1,alpha/beta-Hydrolases superfamily protein
AT2G34260.1,transducin family protein / WD-40 repeat family protein
AT1G35340.1;AT1G35340.4,ATP-dependent protease La (LON) domain protein
AT1G52410.1;AT1G52410.2,TSK-associating protein 1
AT4G10300.1,RmlC-like cupins superfamily protein
AT3G26900.1;AT3G26900.2;AT3G26900.3,shikimate kinase like 1
AT1G77750.1,Ribosomal protein S13/S18 family
AT3G25700.1,Eukaryotic aspartyl protease family protein
AT1G30070.1;AT1G30070.2,SGS domain-containing protein
ATCG00660.1,ribosomal protein L20
AT3G14940.1,phosphoenolpyruvate carboxylase 3
AT2G04570.1,GDSL-like Lipase/Acylhydrolase superfamily protein
AT4G14420.1,HR-like lesion-inducing protein-related
AT3G04490.1,unknown protein;BEST Arabidopsis thaliana protein match is: unknown protein (TAIR:AT4G38092.1);Has 75 Blast hits to 64 proteins in 20 species: Archae - 0;Bacteria - 0;Metazoa - 36;Fungi - 0;Plants - 22;Viruses - 0;Other Eukaryotes - 17 (source: NCBI BLink).
AT4G25680.1,PPPDE putative thiol peptidase family protein
AT1G02160.1;AT1G02160.2,Cox19 family protein (CHCH motif)
AT5G58310.1,methyl esterase 18
AT1G67140.1;AT1G67140.2;AT1G67140.3,HEAT repeat-containing protein
AT3G17465.1,ribosomal protein L3 plastid
AT5G12110.1,"Glutathione S-transferase, C-terminal-like;Translation elongation  factor EF1B/ribosomal protein S6"
AT3G61520.1;AT5G28370.1;AT5G28460.1,Pentatricopeptide repeat (PPR) superfamily protein
AT2G21230.1;AT2G21230.2;AT2G21230.3,Basic-leucine zipper (bZIP) transcription factor family protein
AT5G17550.1,peroxin 19-2
AT3G04650.1,FAD/NAD(P)-binding oxidoreductase family protein
AT4G25960.1,P-glycoprotein 2
AT4G38370.1,Phosphoglycerate mutase family protein
AT3G51030.1,thioredoxin H-type 1
AT5G05960.1,Bifunctional inhibitor/lipid-transfer protein/seed storage 2S albumin superfamily protein
AT4G33520.2;AT4G33520.3,P-type ATP-ase 1
AT3G12210.2,DNA binding
AT3G50000.1,"casein kinase II, alpha chain 2"
AT5G16870.1,Peptidyl-tRNA hydrolase II (PTH2) family protein
AT1G49510.1,embryo defective 1273
AT1G03110.1,Transducin/WD40 repeat-like superfamily protein
AT4G21860.1;AT4G21860.3,methionine sulfoxide reductase B 2
AT4G15440.1,hydroperoxide lyase 1
AT1G67660.1;AT1G67660.2;AT1G67660.3,"Restriction endonuclease, type II-like superfamily protein;Restriction endonuclease, type II-like superfamily protein;Restriction endonuclease, type II-like superfamily protein"
AT4G19810.1,Glycosyl hydrolase family protein with chitinase insertion domain
AT1G09390.1,GDSL-like Lipase/Acylhydrolase superfamily protein
AT1G07080.1,Thioredoxin superfamily protein
AT3G55040.1,glutathione transferase lambda 2
AT5G06770.1,KH domain-containing protein / zinc finger (CCCH type) family protein
AT5G47930.1,Zinc-binding ribosomal protein family protein
AT5G60990.1,DEA(D/H)-box RNA helicase family protein
AT1G76760.1,thioredoxin Y1
AT2G34560.1,P-loop containing nucleoside triphosphate hydrolases superfamily protein
AT1G80050.1,adenine phosphoribosyl transferase 2
AT5G41685.1,"Mitochondrial outer membrane translocase complex, subunit Tom7"
AT3G02860.1;AT3G02860.2,zinc ion binding
AT5G64040.1,"photosystem I reaction center subunit PSI-N, chloroplast, putative / PSI-N, putative (PSAN)"
AT1G20850.1,xylem cysteine peptidase 2
AT3G15950.1;AT3G15950.2,DNA topoisomerase-related
AT2G28450.1;AT2G28450.2,zinc finger (CCCH-type) family protein
AT2G46930.1,Pectinacetylesterase family protein
AT5G63960.1;AT5G63960.2,DNA binding;nucleotide binding;nucleic acid binding;DNA-directed DNA polymerases;DNA-directed DNA polymerases;DNA binding;nucleotide binding;nucleic acid binding;DNA-directed DNA polymerases;DNA-directed DNA polymerases
AT1G06900.1,Insulinase (Peptidase family M16) family protein
AT3G15680.1,Ran BP2/NZF zinc finger-like superfamily protein
AT1G58250.1;AT1G58250.2,Golgi-body localisation protein domain;RNA pol II promoter Fmp27 protein domain;Golgi-body localisation protein domain;RNA pol II promoter Fmp27 protein domain
AT5G41370.1,homolog of xeroderma pigmentosum complementation group B 1
AT4G20330.1,"Transcription initiation factor TFIIE, beta subunit"
AT2G02500.1,Nucleotide-diphospho-sugar transferases superfamily protein
AT3G03590.1,SWIB/MDM2 domain superfamily protein
AT5G15530.1,biotin carboxyl carrier protein 2
AT3G20270.1;AT3G20270.2;AT3G20270.3,lipid-binding serum glycoprotein family protein
AT5G51220.1,ubiquinol-cytochrome C chaperone family protein
AT4G35350.1,xylem cysteine peptidase 1
AT1G65870.1,Disease resistance-responsive (dirigent-like protein) family protein
AT1G50140.1;AT1G50140.2,P-loop containing nucleoside triphosphate hydrolases superfamily protein
AT3G46490.1,2-oxoglutarate (2OG) and Fe(II)-dependent oxygenase superfamily protein
AT1G74000.1,strictosidine synthase 3
AT3G10450.1;AT3G10450.2,serine carboxypeptidase-like 7
AT3G44450.1,unknown protein;BEST Arabidopsis thaliana protein match is: unknown protein (TAIR:AT3G52740.1);Has 63 Blast hits to 63 proteins in 12 species: Archae - 0;Bacteria - 0;Metazoa - 0;Fungi - 0;Plants - 63;Viruses - 0;Other Eukaryotes - 0 (source: NCBI BLink).
AT4G09980.1;AT4G09980.2,Methyltransferase MT-A70 family protein
AT1G28610.2,GDSL-like Lipase/Acylhydrolase superfamily protein
AT5G52810.1,NAD(P)-binding Rossmann-fold superfamily protein
AT4G16690.1,methyl esterase 16
AT1G52040.1,myrosinase-binding protein 1
AT1G59700.1,glutathione S-transferase TAU 16
AT1G66980.1,suppressor of npr1-1 constitutive 4
AT1G27150.1,Tetratricopeptide repeat (TPR)-like superfamily protein
AT5G10910.1,mraW methylase family protein
AT2G24860.1,DnaJ/Hsp40 cysteine-rich domain superfamily protein
AT3G21190.1,O-fucosyltransferase family protein
AT5G02230.1;AT5G02230.2,Haloacid dehalogenase-like hydrolase (HAD) superfamily protein
AT3G02950.1,Tho complex subunit 7/Mft1p
AT4G27020.1,unknown protein;FUNCTIONS IN: molecular_function unknown;LOCATED IN: vacuole;BEST Arabidopsis thaliana protein match is: unknown protein (TAIR:AT5G54870.1);Has 1807 Blast hits to 1807 proteins in 277 species: Archae - 0;Bacteria - 0;Metazoa - 736;Fungi - 347;Plants - 385;Viruses - 0;Other Eukaryotes - 339 (source: NCBI BLink).
AT3G50560.1,NAD(P)-binding Rossmann-fold superfamily protein
AT4G16570.1,protein arginine methyltransferase 7
AT2G41310.1;AT3G57040.1,response regulator 3;response regulator 9
AT4G32560.1;AT4G32560.2;AT4G32560.3,paramyosin-related
AT4G02410.1,Concanavalin A-like lectin protein kinase family protein
AT3G57490.1,Ribosomal protein S5 family protein
AT1G72920.1;AT1G72940.1,Toll-Interleukin-Resistance (TIR) domain family protein;Toll-Interleukin-Resistance (TIR) domain-containing protein
AT3G44590.1;AT3G44590.2,60S acidic ribosomal protein family
AT3G02060.1;AT3G02060.2,"DEAD/DEAH box helicase, putative;DEAD/DEAH box helicase, putative"
AT2G46320.1;AT2G46320.2;AT2G46320.3,Mitochondrial substrate carrier family protein
AT1G09490.1,NAD(P)-binding Rossmann-fold superfamily protein
AT1G09900.1,Pentatricopeptide repeat (PPR-like) superfamily protein
AT4G04670.1,Met-10+ like family protein / kelch repeat-containing protein
AT1G52030.1;AT1G52030.2,myrosinase-binding protein 2
AT4G25300.1;AT4G25300.2;AT4G25310.1,2-oxoglutarate (2OG) and Fe(II)-dependent oxygenase superfamily protein
AT1G17850.1;AT1G17850.2,Rhodanese/Cell cycle control phosphatase superfamily protein
AT4G15165.1,N-terminal nucleophile aminohydrolases (Ntn hydrolases) superfamily protein
AT1G31580.1,ECS1
AT4G34020.1,Class I glutamine amidotransferase-like superfamily protein
AT1G78320.1,glutathione S-transferase TAU 23
AT1G24450.1,Ribonuclease III family protein
AT2G31450.1,DNA glycosylase superfamily protein
AT1G23390.1,Kelch repeat-containing F-box family protein
AT3G25940.1,TFIIB zinc-binding protein
AT5G48545.1,histidine triad nucleotide-binding 3
AT5G24780.1,vegetative storage protein 1
AT4G04830.1,methionine sulfoxide reductase B5
AT1G70180.1;AT1G70180.2,Sterile alpha motif (SAM) domain-containing protein
AT1G05620.1;AT1G05620.2,uridine-ribohydrolase  2
AT4G01080.1,TRICHOME BIREFRINGENCE-LIKE 26
AT5G59310.1,lipid transfer protein 4
AT3G05200.1,RING/U-box superfamily protein
AT2G46050.1,Pentatricopeptide repeat (PPR-like) superfamily protein
AT1G65370.1,TRAF-like family protein
AT2G18630.1,Protein of unknown function (DUF677)
AT2G44950.1,histone mono-ubiquitination 1
AT5G40190.1,RNA ligase/cyclic nucleotide phosphodiesterase family protein
AT5G44785.1;AT5G44785.2,organellar single-stranded DNA binding protein 3
AT1G33040.1,nascent polypeptide-associated complex subunit alpha-like protein 5
AT5G39530.1,Protein of unknown function (DUF1997)
AT2G07725.1;ATMG00210.1,Ribosomal L5P family protein;ribosomal protein L5
AT5G27740.1,ATPase family associated with various cellular activities (AAA)
AT1G11475.1,RNA polymerases N / 8 kDa subunit
AT3G02900.1;AT3G02900.2,unknown protein;FUNCTIONS IN: molecular_function unknown;INVOLVED IN: biological_process unknown;LOCATED IN: chloroplast;EXPRESSED IN: 22 plant structures;EXPRESSED DURING: 13 growth stages;BEST Arabidopsis thaliana protein match is: unknown protein (TAIR:AT5G16660.1);Has 80 Blast hits to 80 proteins in 21 species: Archae - 0;Bacteria - 4;Metazoa - 0;Fungi - 0;Plants - 76;Viruses - 0;Other Eukaryotes - 0 (source: NCBI BLink).;unknown protein;FUNCTIONS IN: molecular_function unknown;INVOLVED IN: biological_process unknown;EXPRESSED IN: 22 plant structures;EXPRESSED DURING: 13 growth stages;BEST Arabidopsis thaliana protein match is: unknown protein (TAIR:AT5G16660.1).
AT1G69720.1,heme oxygenase 3
AT3G52640.1;AT3G52640.2;AT3G52640.3,Zn-dependent exopeptidases superfamily protein
AT3G52610.1,unknown protein;Has 68 Blast hits to 67 proteins in 21 species: Archae - 0;Bacteria - 11;Metazoa - 0;Fungi - 0;Plants - 55;Viruses - 0;Other Eukaryotes - 2 (source: NCBI BLink).
AT2G22970.1,serine carboxypeptidase-like 11
AT5G24850.1,cryptochrome 3
AT4G27740.1,Yippee family putative zinc-binding protein
AT5G59530.1,2-oxoglutarate (2OG) and Fe(II)-dependent oxygenase superfamily protein
AT1G70480.1;AT1G70480.2,Domain of unknown function (DUF220)
AT1G05590.1,beta-hexosaminidase 2
AT5G16140.1;AT5G16140.2,Peptidyl-tRNA hydrolase family protein
AT1G63180.1,UDP-D-glucose/UDP-D-galactose 4-epimerase 3
AT3G13677.2,unknown protein;FUNCTIONS IN: molecular_function unknown;INVOLVED IN: biological_process unknown;LOCATED IN: cellular_component unknown;Has 24 Blast hits to 24 proteins in 11 species: Archae - 0;Bacteria - 0;Metazoa - 0;Fungi - 0;Plants - 24;Viruses - 0;Other Eukaryotes - 0 (source: NCBI BLink).
AT5G16240.1,Plant stearoyl-acyl-carrier-protein desaturase family protein
AT5G47700.1;AT5G47700.2,60S acidic ribosomal protein family
AT4G23540.1,ARM repeat superfamily protein
AT1G18260.1,HCP-like superfamily protein
AT5G10770.1,Eukaryotic aspartyl protease family protein
AT1G70710.1,glycosyl hydrolase 9B1
AT1G17190.1,glutathione S-transferase tau 26
AT1G70890.1,MLP-like protein 43
AT5G51380.1,RNI-like superfamily protein
AT1G14840.1,microtubule-associated proteins 70-4
AT2G29760.1,Tetratricopeptide repeat (TPR)-like superfamily protein
AT4G18030.1,S-adenosyl-L-methionine-dependent methyltransferases superfamily protein
AT3G24200.1;AT3G24200.2,FAD/NAD(P)-binding oxidoreductase family protein
AT1G58280.1;AT1G58280.2;AT1G58280.3;AT1G58280.4,Phosphoglycerate mutase family protein
AT2G07690.1;AT2G07690.2,Minichromosome maintenance (MCM2/3/5) family protein
AT4G15260.1;AT4G15280.1,UDP-Glycosyltransferase superfamily protein;UDP-glucosyl transferase 71B5
AT1G18360.1,alpha/beta-Hydrolases superfamily protein
AT1G78820.1,D-mannose binding lectin protein with Apple-like carbohydrate-binding domain
AT2G22920.2,serine carboxypeptidase-like 12
AT3G03480.1,acetyl CoA:(Z)-3-hexen-1-ol acetyltransferase
AT1G18840.1;AT1G18840.2,IQ-domain 30
AT5G05870.1,UDP-glucosyl transferase 76C1
AT2G43550.1,Scorpion toxin-like knottin superfamily protein
AT5G24420.1,6-phosphogluconolactonase 5
AT1G49540.1;AT1G49540.2,elongator protein 2
AT3G08910.1,DNAJ heat shock family protein
AT3G15180.1;AT3G15180.2,ARM repeat superfamily protein
AT1G68890.1,magnesium ion binding;thiamin pyrophosphate binding;hydro-lyases;catalytics;2-succinyl-5-enolpyruvyl-6-hydroxy-3-cyclohexene-1-carboxylic-acid synthases
AT4G18670.1,Leucine-rich repeat (LRR) family protein
AT2G31200.1,actin depolymerizing factor 6
AT1G03430.1,histidine-containing phosphotransfer factor 5
AT5G39050.1,HXXXD-type acyl-transferase family protein
AT3G15570.1,Phototropic-responsive NPH3 family protein
AT5G20040.1;AT5G20040.2;AT5G20040.3,isopentenyltransferase 9
AT5G25980.2,glucoside glucohydrolase 2
AT3G11730.1,Ras-related small GTP-binding family protein
AT3G52370.1,FASCICLIN-like arabinogalactan protein 15 precursor
AT1G27540.1;AT1G27540.2,Protein of unknown function (DUF295)
AT5G61300.1,unknown protein;BEST Arabidopsis thaliana protein match is: unknown protein (TAIR:AT5G07790.2);Has 1807 Blast hits to 1807 proteins in 277 species: Archae - 0;Bacteria - 0;Metazoa - 736;Fungi - 347;Plants - 385;Viruses - 0;Other Eukaryotes - 339 (source: NCBI BLink).
AT5G21170.1;AT5G21170.2,5'-AMP-activated protein kinase beta-2 subunit protein
AT1G79390.1,unknown protein;Has 30201 Blast hits to 17322 proteins in 780 species: Archae - 12;Bacteria - 1396;Metazoa - 17338;Fungi - 3422;Plants - 5037;Viruses - 0;Other Eukaryotes - 2996 (source: NCBI BLink).
AT4G32200.1,DNA-binding HORMA family protein
AT3G55710.1,UDP-Glycosyltransferase superfamily protein
AT4G02230.1,Ribosomal protein L19e family protein
AT2G34400.1,Pentatricopeptide repeat (PPR-like) superfamily protein
AT3G57320.1;AT3G57320.2,unknown protein;Has 30 Blast hits to 30 proteins in 13 species: Archae - 0;Bacteria - 0;Metazoa - 2;Fungi - 0;Plants - 28;Viruses - 0;Other Eukaryotes - 0 (source: NCBI BLink).;unknown protein;FUNCTIONS IN: molecular_function unknown;INVOLVED IN: biological_process unknown;LOCATED IN: cellular_component unknown;EXPRESSED IN: 22 plant structures;EXPRESSED DURING: 13 growth stages;Has 17 Blast hits to 17 proteins in 7 species: Archae - 0;Bacteria - 0;Metazoa - 0;Fungi - 0;Plants - 17;Viruses - 0;Other Eukaryotes - 0 (source: NCBI BLink).
AT5G63440.2;AT5G63440.3,Protein of unknown function (DUF167)
AT1G65890.1,acyl activating enzyme 12
AT2G29420.1,glutathione S-transferase tau 7
AT4G26760.1,microtubule-associated protein 65-2
AT5G24760.1;AT5G24760.2;AT5G24760.3,GroES-like zinc-binding dehydrogenase family protein
AT4G33470.1,histone deacetylase 14
AT4G34290.1,SWIB/MDM2 domain superfamily protein
AT1G68610.1,PLANT CADMIUM RESISTANCE 11
AT5G20060.1;AT5G20060.2;AT5G20060.3,alpha/beta-Hydrolases superfamily protein
AT5G49890.1,chloride channel C
AT5G25590.1,Protein of unknown function (DUF630 and DUF632)
AT1G78450.1,SOUL heme-binding family protein
AT1G65290.1,mitochondrial acyl carrier protein 2
AT2G14440.1,Leucine-rich repeat protein kinase family protein
AT4G04800.1,methionine sulfoxide reductase B3
AT1G01560.1,MAP kinase 11
AT5G17220.1,glutathione S-transferase phi 12
AT3G12500.1,basic chitinase
AT5G15960.1,stress-responsive protein (KIN1) / stress-induced protein (KIN1)
AT1G43910.1,P-loop containing nucleoside triphosphate hydrolases superfamily protein
AT1G07320.3;AT1G07320.4,ribosomal protein L4
AT5G52760.1,Copper transport protein family
AT3G51430.1;AT3G51430.2,Calcium-dependent phosphotriesterase superfamily protein
AT3G26210.1,"cytochrome P450, family 71, subfamily B, polypeptide 23"
AT3G28320.1,Protein of unknown function (DUF677)
AT2G43580.1,Chitinase family protein
AT3G28580.1,P-loop containing nucleoside triphosphate hydrolases superfamily protein
AT1G30900.1,VACUOLAR SORTING RECEPTOR 6
AT5G43910.2,pfkB-like carbohydrate kinase family protein
AT3G11340.1,UDP-Glycosyltransferase superfamily protein
AT3G01830.1;AT3G01830.2,Calcium-binding EF-hand family protein
AT1G65820.1;AT1G65820.2;AT1G65820.3,"microsomal glutathione s-transferase, putative;microsomal glutathione s-transferase, putative;microsomal glutathione s-transferase, putative"
AT5G64000.1,Inositol monophosphatase family protein
AT2G31865.1;AT2G31865.2,poly(ADP-ribose) glycohydrolase 2
AT5G43400.1,"Uncharacterised conserved protein UCP015417,  vWA"
AT2G35190.1,novel plant snare 11
AT2G36680.1,Modifier of rudimentary (Mod(r)) protein
AT3G14220.1,GDSL-like Lipase/Acylhydrolase superfamily protein
AT1G17690.1,"FUNCTIONS IN: molecular_function unknown;INVOLVED IN: biological_process unknown;LOCATED IN: nucleus;EXPRESSED IN: 24 plant structures;EXPRESSED DURING: 13 growth stages;CONTAINS InterPro DOMAIN/s: Digestive organ expansion factor, predicted (InterPro:IPR010678);Has 25006 Blast hits to 13379 proteins in 904 species: Archae - 102;Bacteria - 5571;Metazoa - 7448;Fungi - 3168;Plants - 1056;Viruses - 466;Other Eukaryotes - 7195 (source: NCBI BLink)."
AT2G30770.1,"cytochrome P450, family 71, subfamily A, polypeptide 13"
AT4G22260.1,Alternative oxidase family protein
AT5G60950.1,COBRA-like protein 5 precursor
AT2G26190.1,calmodulin-binding family protein
AT5G27290.1,unknown protein;LOCATED IN: chloroplast;EXPRESSED IN: 22 plant structures;EXPRESSED DURING: 13 growth stages;BEST Arabidopsis thaliana protein match is: unknown protein (TAIR:AT1G54680.3);Has 30201 Blast hits to 17322 proteins in 780 species: Archae - 12;Bacteria - 1396;Metazoa - 17338;Fungi - 3422;Plants - 5037;Viruses - 0;Other Eukaryotes - 2996 (source: NCBI BLink).
AT1G44910.1;AT1G44910.2,pre-mRNA-processing protein 40A
AT2G24850.1,tyrosine aminotransferase 3
AT4G02980.1,endoplasmic reticulum auxin binding protein 1
AT4G39830.1,Cupredoxin superfamily protein
AT2G40070.1;AT2G40070.2,BEST Arabidopsis thaliana protein match is: proline-rich family protein (TAIR:AT3G09000.1);Has 35333 Blast hits to 34131 proteins in 2444 species: Archae - 798;Bacteria - 22429;Metazoa - 974;Fungi - 991;Plants - 531;Viruses - 0;Other Eukaryotes - 9610 (source: NCBI BLink).;FUNCTIONS IN: molecular_function unknown;INVOLVED IN: biological_process unknown;LOCATED IN: cellular_component unknown;EXPRESSED IN: 17 plant structures;EXPRESSED DURING: 7 growth stages;BEST Arabidopsis thaliana protein match is: proline-rich family protein (TAIR:AT3G09000.1);Has 108635 Blast hits to 60786 proteins in 2176 species: Archae - 287;Bacteria - 15142;Metazoa - 39415;Fungi - 26849;Plants - 4416;Viruses - 2864;Other Eukaryotes - 19662 (source: NCBI BLink).
AT4G25500.1;AT4G25500.2;AT4G25500.3;AT4G25500.4;AT5G52040.1;AT5G52040.2;AT5G52040.3;AT5G52040.4,arginine/serine-rich splicing factor 35;arginine/serine-rich splicing factor 35;arginine/serine-rich splicing factor 35;arginine/serine-rich splicing factor 35;RNA-binding (RRM/RBD/RNP motifs) family protein;RNA-binding (RRM/RBD/RNP motifs) family protein;RNA-binding (RRM/RBD/RNP motifs) family protein;RNA-binding (RRM/RBD/RNP motifs) family protein
AT5G43280.1;AT5G43280.2,"delta(3,5),delta(2,4)-dienoyl-CoA isomerase 1;delta(3,5),delta(2,4)-dienoyl-CoA isomerase 1"
AT2G36000.1;AT2G36000.2,Mitochondrial transcription termination factor family protein
AT3G26830.1,Cytochrome P450 superfamily protein
AT1G73805.1,Calmodulin binding protein-like
AT5G15230.1;AT5G15230.2,GAST1 protein homolog 4
AT4G34135.1,UDP-glucosyltransferase 73B2
AT4G31080.1;AT4G31080.2,Protein of unknown function (DUF2296)
AT2G13810.1,AGD2-like defense response protein 1
AT1G35140.1,Phosphate-responsive 1 family protein
AT2G19470.1,casein kinase I-like 5
AT1G28580.1,GDSL-like Lipase/Acylhydrolase superfamily protein
AT2G35960.1,NDR1/HIN1-like 12
AT2G39960.1,Microsomal signal peptidase 25 kDa subunit (SPC25)
AT1G67800.1;AT1G67800.2;AT1G67800.3;AT1G67800.4,Copine (Calcium-dependent phospholipid-binding protein) family
AT1G52780.1,Protein of unknown function (DUF2921)
AT3G03560.1,unknown protein;LOCATED IN: plasma membrane;EXPRESSED IN: 22 plant structures;EXPRESSED DURING: 13 growth stages;BEST Arabidopsis thaliana protein match is: unknown protein (TAIR:AT5G23490.1);Has 157 Blast hits to 146 proteins in 38 species: Archae - 3;Bacteria - 14;Metazoa - 8;Fungi - 0;Plants - 120;Viruses - 0;Other Eukaryotes - 12 (source: NCBI BLink).
AT5G05580.1,fatty acid desaturase 8
AT1G67330.1,Protein of unknown function (DUF579)
AT2G47800.1,multidrug resistance-associated protein 4
AT2G38720.1,microtubule-associated protein 65-5
AT3G29760.1,Haloacid dehalogenase-like hydrolase (HAD) superfamily protein
AT3G25780.1,allene oxide cyclase 3
AT5G22460.1;AT5G22460.2,alpha/beta-Hydrolases superfamily protein
AT3G49725.1,"GTP-binding protein, HflX"
AT3G13200.1,Cwf15 / Cwc15 cell cycle control family protein
AT5G55990.1,calcineurin B-like protein 2
AT3G57330.1,autoinhibited Ca2+-ATPase 11
AT4G30480.2,Tetratricopeptide repeat (TPR)-like superfamily protein
AT1G26420.1,FAD-binding Berberine family protein
AT4G30825.1,Tetratricopeptide repeat (TPR)-like superfamily protein
AT5G01140.1,Protein of unknown function (DUF674)
AT4G04190.1;AT4G04190.2,unknown protein;Has 35 Blast hits to 35 proteins in 13 species: Archae - 0;Bacteria - 0;Metazoa - 0;Fungi - 0;Plants - 33;Viruses - 0;Other Eukaryotes - 2 (source: NCBI BLink).;unknown protein;Has 35333 Blast hits to 34131 proteins in 2444 species: Archae - 798;Bacteria - 22429;Metazoa - 974;Fungi - 991;Plants - 531;Viruses - 0;Other Eukaryotes - 9610 (source: NCBI BLink).
AT2G19680.1;AT2G19680.2,Mitochondrial ATP synthase subunit G protein
AT1G16420.1,metacaspase 8
AT1G57610.1;AT1G57610.2;AT1G57610.3,Protein of unknown function (DUF607)
AT3G49601.1,"FUNCTIONS IN: molecular_function unknown;INVOLVED IN: biological_process unknown;LOCATED IN: cellular_component unknown;CONTAINS InterPro DOMAIN/s: mRNA splicing factor, Cwf21 (InterPro:IPR013170);Has 30201 Blast hits to 17322 proteins in 780 species: Archae - 12;Bacteria - 1396;Metazoa - 17338;Fungi - 3422;Plants - 5037;Viruses - 0;Other Eukaryotes - 2996 (source: NCBI BLink)."
AT1G60200.1,splicing factor PWI domain-containing protein / RNA recognition motif (RRM)-containing protein
AT3G25740.1,methionine aminopeptidase 1C
AT3G25520.2,ribosomal protein L5
AT1G80950.1,Phospholipid/glycerol acyltransferase family protein
AT5G47500.1,Pectin lyase-like superfamily protein
AT5G02710.1,unknown protein;LOCATED IN: chloroplast;EXPRESSED IN: 21 plant structures;EXPRESSED DURING: 13 growth stages;CONTAINS InterPro DOMAIN/s: Uncharacterised protein family UPF0153 (InterPro:IPR005358);Has 240 Blast hits to 240 proteins in 73 species: Archae - 10;Bacteria - 110;Metazoa - 0;Fungi - 0;Plants - 25;Viruses - 0;Other Eukaryotes - 95 (source: NCBI BLink).
AT4G20110.1;AT4G20110.2,VACUOLAR SORTING RECEPTOR 7
AT1G76790.1,O-methyltransferase family protein
AT3G20920.1;AT3G20920.2,translocation protein-related
AT1G54310.1;AT1G54310.2,S-adenosyl-L-methionine-dependent methyltransferases superfamily protein
AT4G14230.1,CBS domain-containing protein with a domain of unknown function (DUF21)
AT4G12320.1,"cytochrome P450, family 706, subfamily A, polypeptide 6"
AT4G35905.1,unknown protein;CONTAINS InterPro DOMAIN/s: Protein of unknown function DUF343 (InterPro:IPR005651);Has 30201 Blast hits to 17322 proteins in 780 species: Archae - 12;Bacteria - 1396;Metazoa - 17338;Fungi - 3422;Plants - 5037;Viruses - 0;Other Eukaryotes - 2996 (source: NCBI BLink).
AT1G63780.1,Ribosomal RNA processing Brix domain protein
AT5G66830.1,F-box family protein with a domain of unknown function (DUF295)
AT3G26360.1,Ribosomal protein S21 family protein
AT3G01400.1;AT5G58680.1,ARM repeat superfamily protein
AT2G42890.1;AT2G42890.2;AT2G42890.3,MEI2-like 2
AT3G13610.1,2-oxoglutarate (2OG) and Fe(II)-dependent oxygenase superfamily protein
AT3G24090.1,glutamine-fructose-6-phosphate transaminase (isomerizing)s;sugar binding;transaminases
AT1G65250.1,Protein kinase superfamily protein
AT4G35020.1;AT4G35020.2;AT4G35020.3,RAC-like 3
AT5G21090.1,Leucine-rich repeat (LRR) family protein
AT4G00170.1,Plant VAMP (vesicle-associated membrane protein) family protein
AT3G22300.1,ribosomal protein S10
AT3G28540.1;AT3G28540.2,P-loop containing nucleoside triphosphate hydrolases superfamily protein
AT3G23070.1,CRM family member 3A
AT3G21640.1,FKBP-type peptidyl-prolyl cis-trans isomerase family protein
AT1G26470.1,"FUNCTIONS IN: molecular_function unknown;INVOLVED IN: regulation of transcription;LOCATED IN: nucleus, H4/H2A histone acetyltransferase complex;EXPRESSED IN: 23 plant structures;EXPRESSED DURING: 15 growth stages;CONTAINS InterPro DOMAIN/s: CT20 (InterPro:IPR012423);Has 60 Blast hits to 60 proteins in 27 species: Archae - 0;Bacteria - 0;Metazoa - 26;Fungi - 2;Plants - 30;Viruses - 0;Other Eukaryotes - 2 (source: NCBI BLink)."
AT5G67340.1,ARM repeat superfamily protein
AT1G69730.1,Wall-associated kinase family protein
AT5G41330.1,BTB/POZ domain with WD40/YVTN repeat-like protein
AT4G21850.1;AT4G21850.2,methionine sulfoxide reductase B9
AT2G17230.1,EXORDIUM like 5
AT4G00370.1,Major facilitator superfamily protein
AT4G00360.1,"cytochrome P450, family 86, subfamily A, polypeptide 2"
AT2G15020.1,unknown protein;BEST Arabidopsis thaliana protein match is: unknown protein (TAIR:AT5G64190.1);Has 72 Blast hits to 72 proteins in 10 species: Archae - 0;Bacteria - 0;Metazoa - 0;Fungi - 0;Plants - 72;Viruses - 0;Other Eukaryotes - 0 (source: NCBI BLink).
AT1G29320.1,Transducin/WD40 repeat-like superfamily protein
AT5G07320.1,Mitochondrial substrate carrier family protein
AT5G63120.1;AT5G63120.2,P-loop containing nucleoside triphosphate hydrolases superfamily protein
AT1G06840.1,Leucine-rich repeat protein kinase family protein
AT3G01200.1,PPDK regulatory protein 2
AT2G45330.1;AT2G45330.2;AT5G23600.1,"RNA 2'-phosphotransferase, Tpt1 / KptA family;RNA 2'-phosphotransferase, Tpt1 / KptA family;RNA 2'-phosphotransferase, Tpt1 / KptA family"
AT3G54680.1,proteophosphoglycan-related
AT5G17760.1,P-loop containing nucleoside triphosphate hydrolases superfamily protein
AT3G54690.1,Sugar isomerase (SIS) family protein
AT3G09090.1;AT3G09090.3,defective in exine formation protein (DEX1)
AT1G74410.1,RING/U-box superfamily protein
AT4G30930.1,Ribosomal protein L21
AT3G57020.1;AT3G57020.2,Calcium-dependent phosphotriesterase superfamily protein
AT4G01023.1,RING/U-box superfamily protein
AT4G12310.1,"cytochrome P450, family 706, subfamily A, polypeptide 5"
AT2G26460.1,RED family protein
AT5G35200.1,ENTH/ANTH/VHS superfamily protein
AT5G42820.1;AT5G42820.2,Zinc finger C-x8-C-x5-C-x3-H type family protein
AT2G03250.1,EXS (ERD1/XPR1/SYG1) family protein
AT3G18370.1,C2 domain-containing protein
AT2G40400.1;AT2G40400.2,Protein of unknown function (DUF399 and DUF3411)
AT4G32660.1;AT4G32660.3,Protein kinase superfamily protein
AT2G40410.2,Staphylococcal nuclease homologue
AT2G29980.1,fatty acid desaturase 3
AT2G18030.1;AT2G18030.2,Peptide methionine sulfoxide reductase family protein
AT5G64813.1,Ras-related small GTP-binding family protein
AT4G29430.1,ribosomal protein S15A E
AT2G16440.1,Minichromosome maintenance (MCM2/3/5) family protein
AT3G15590.1,Tetratricopeptide repeat (TPR)-like superfamily protein
AT1G76965.1,Encodes a Protease inhibitor/seed storage/LTP family protein
AT1G23080.1;AT1G23080.2;AT1G23080.3,Auxin efflux carrier family protein
AT5G60620.1,glycerol-3-phosphate acyltransferase 9
AT3G54280.1;AT3G54280.2,DNA binding;ATP binding;nucleic acid binding;binding;helicases;ATP binding;DNA binding;helicases;DNA binding;ATP binding;nucleic acid binding;binding;helicases;ATP binding;DNA binding;helicases
AT4G04850.2,K+ efflux antiporter 3
AT1G04950.1;AT1G04950.2;AT1G04950.3,TATA BOX ASSOCIATED FACTOR II 59
AT2G44240.1,Protein of Unknown Function (DUF239)
AT1G17550.1,homology to ABI2
AT2G23810.1,tetraspanin8
AT1G28490.1;AT1G28490.2,syntaxin of plants 61
AT4G31420.1;AT4G31420.2,Zinc finger protein 622
AT4G12590.1,"Protein of unknown function DUF106, transmembrane"
AT3G57470.1;AT3G57470.2;AT3G57470.3,Insulinase (Peptidase family M16) family protein
AT3G29240.1;AT3G29240.2,Protein of unknown function (DUF179)
AT4G28360.1,Ribosomal protein L22p/L17e family protein
AT1G52600.1,Peptidase S24/S26A/S26B/S26C family protein
AT1G62710.1,beta vacuolar processing enzyme
AT2G41060.1;AT2G41060.2,RNA-binding (RRM/RBD/RNP motifs) family protein
AT3G47430.1,peroxin 11B
AT2G41250.1,Haloacid dehalogenase-like hydrolase (HAD) superfamily protein
AT2G45850.1;AT2G45850.2,AT hook motif DNA-binding family protein
AT5G47910.1,respiratory burst oxidase homologue D
AT5G23920.1,"unknown protein;FUNCTIONS IN: molecular_function unknown;INVOLVED IN: biological_process unknown;LOCATED IN: plasma membrane, vacuole;EXPRESSED IN: 22 plant structures;EXPRESSED DURING: 13 growth stages;BEST Arabidopsis thaliana protein match is: unknown protein (TAIR:AT5G52420.1);Has 1807 Blast hits to 1807 proteins in 277 species: Archae - 0;Bacteria - 0;Metazoa - 736;Fungi - 347;Plants - 385;Viruses - 0;Other Eukaryotes - 339 (source: NCBI BLink)."
AT1G04200.1,FUNCTIONS IN: molecular_function unknown;INVOLVED IN: N-terminal protein myristoylation;LOCATED IN: cellular_component unknown;EXPRESSED IN: 22 plant structures;EXPRESSED DURING: 13 growth stages;CONTAINS InterPro DOMAIN/s: Dymeclin (InterPro:IPR019142);Has 395 Blast hits to 389 proteins in 117 species: Archae - 0;Bacteria - 0;Metazoa - 262;Fungi - 21;Plants - 68;Viruses - 0;Other Eukaryotes - 44 (source: NCBI BLink).
AT1G16560.1;AT1G16560.2;AT1G16560.3,Per1-like family protein
AT2G41500.1,WD-40 repeat family protein / small nuclear ribonucleoprotein Prp4p-related
AT4G19150.1;AT4G19150.2,Ankyrin repeat family protein
AT1G33950.1;AT1G33950.2,Avirulence induced gene (AIG1) family protein
AT5G01160.1,RING/U-box superfamily protein
AT5G05670.1;AT5G05670.2,signal recognition particle binding
ATCG00860.1;ATCG01280.1,"Chloroplast Ycf2;ATPase, AAA type, core;Chloroplast Ycf2;ATPase, AAA type, core"
AT3G27230.1,S-adenosyl-L-methionine-dependent methyltransferases superfamily protein
AT3G57340.1;AT3G57340.2,"Heat shock protein DnaJ, N-terminal with domain of unknown function (DUF1977);Heat shock protein DnaJ, N-terminal with domain of unknown function (DUF1977)"
AT1G76040.1;AT1G76040.2,calcium-dependent protein kinase 29
AT5G19540.1,unknown protein;FUNCTIONS IN: molecular_function unknown;INVOLVED IN: biological_process unknown;LOCATED IN: chloroplast;EXPRESSED IN: 22 plant structures;EXPRESSED DURING: 13 growth stages;Has 1807 Blast hits to 1807 proteins in 277 species: Archae - 0;Bacteria - 0;Metazoa - 736;Fungi - 347;Plants - 385;Viruses - 0;Other Eukaryotes - 339 (source: NCBI BLink).
AT3G59570.1,Ypt/Rab-GAP domain of gyp1p superfamily protein
AT2G44970.1;AT2G44970.2,alpha/beta-Hydrolases superfamily protein
AT3G28510.1,P-loop containing nucleoside triphosphate hydrolases superfamily protein
AT5G15640.1,Mitochondrial substrate carrier family protein
AT4G03120.1,C2H2 and C2HC zinc fingers superfamily protein
AT3G48740.1,Nodulin MtN3 family protein
AT3G26500.1,plant intracellular ras group-related LRR 2
AT4G00290.1,Mechanosensitive ion channel protein
AT3G44380.1,Late embryogenesis abundant (LEA) hydroxyproline-rich glycoprotein family
AT2G29070.2,Ubiquitin fusion degradation UFD1 family protein
AT4G22305.1,alpha/beta-Hydrolases superfamily protein
AT2G20940.1,Protein of unknown function (DUF1279)
AT3G47490.1;AT3G47490.2;AT3G47490.3,HNH endonuclease
AT2G26010.1;AT2G26020.1;AT5G44420.1;AT5G44430.1,plant defensin 1.3;plant defensin 1.2b;plant defensin 1.2;plant defensin 1.2C
AT3G49660.1,Transducin/WD40 repeat-like superfamily protein
AT5G43860.1,chlorophyllase 2
AT1G06200.1,Peptidase S24/S26A/S26B/S26C family protein
AT5G57120.1,"FUNCTIONS IN: molecular_function unknown;INVOLVED IN: biological_process unknown;LOCATED IN: nucleolus;EXPRESSED IN: 21 plant structures;EXPRESSED DURING: 13 growth stages;CONTAINS InterPro DOMAIN/s: LisH dimerisation motif (InterPro:IPR006594), SRP40, C-terminal (InterPro:IPR007718);Has 101969 Blast hits to 55488 proteins in 2506 species: Archae - 424;Bacteria - 13843;Metazoa - 37674;Fungi - 9726;Plants - 4941;Viruses - 569;Other Eukaryotes - 34792 (source: NCBI BLink)."
AT1G67630.1,DNA polymerase alpha 2
AT5G61900.1;AT5G61900.3;AT5G61910.4,Calcium-dependent phospholipid-binding Copine family protein;Calcium-dependent phospholipid-binding Copine family protein;DCD (Development and Cell Death) domain protein
AT5G61840.1,Exostosin family protein
AT2G46505.1,succinate dehydrogenase subunit 4
AT2G24360.1,Protein kinase superfamily protein
AT1G52220.1,"FUNCTIONS IN: molecular_function unknown;INVOLVED IN: biological_process unknown;LOCATED IN: chloroplast thylakoid membrane, chloroplast;EXPRESSED IN: 23 plant structures;EXPRESSED DURING: 13 growth stages;BEST Arabidopsis thaliana protein match is: photosystem I P subunit (TAIR:AT2G46820.2);Has 291 Blast hits to 291 proteins in 50 species: Archae - 0;Bacteria - 90;Metazoa - 0;Fungi - 0;Plants - 200;Viruses - 0;Other Eukaryotes - 1 (source: NCBI BLink)."
AT2G31955.1;AT2G31955.2;AT2G31955.3,cofactor of nitrate reductase and xanthine dehydrogenase 2
AT1G06070.1,Basic-leucine zipper (bZIP) transcription factor family protein
AT2G45220.1,Plant invertase/pectin methylesterase inhibitor superfamily
ATCG01010.1,"NADH-Ubiquinone oxidoreductase (complex I), chain 5 protein"
AT1G78690.1,Phospholipid/glycerol acyltransferase family protein
AT1G35620.1,PDI-like 5-2
AT5G65930.1;AT5G65930.2;AT5G65930.3,kinesin-like calmodulin-binding protein (ZWICHEL)
AT4G21830.1;AT4G21830.2;AT4G21840.1,methionine sulfoxide reductase B7;methionine sulfoxide reductase B7;methionine sulfoxide reductase B8
AT5G08040.1,mitochondrial import receptor subunit TOM5 homolog
AT4G21660.1;AT4G21660.2,proline-rich spliceosome-associated (PSP) family protein
AT1G55930.1,CBS domain-containing protein / transporter associated domain-containing protein
AT1G14170.1,RNA-binding KH domain-containing protein
AT5G64070.1,phosphatidylinositol 4-OH kinase beta1
AT5G08580.1,Calcium-binding EF hand family protein
AT3G53150.1,UDP-glucosyl transferase 73D1
ATMG00560.1,"Nucleic acid-binding, OB-fold-like protein"
AT4G00400.1,glycerol-3-phosphate acyltransferase 8
AT1G25380.1,NAD+ transporter 2
AT3G62450.1,unknown protein;FUNCTIONS IN: molecular_function unknown;INVOLVED IN: biological_process unknown;LOCATED IN: endomembrane system;EXPRESSED IN: 24 plant structures;EXPRESSED DURING: 15 growth stages;Has 35 Blast hits to 35 proteins in 15 species: Archae - 0;Bacteria - 0;Metazoa - 0;Fungi - 0;Plants - 34;Viruses - 0;Other Eukaryotes - 1 (source: NCBI BLink).
AT2G34660.1;AT2G34660.2,multidrug resistance-associated protein 2
AT5G50200.1;AT5G50200.2;AT5G50200.3,nitrate transmembrane transporters
AT3G10260.1;AT3G10260.2;AT3G10260.3,Reticulon family protein
AT3G18050.1,unknown protein;BEST Arabidopsis thaliana protein match is: unknown protein (TAIR:AT4G28100.1);Has 67 Blast hits to 66 proteins in 12 species: Archae - 0;Bacteria - 0;Metazoa - 0;Fungi - 0;Plants - 67;Viruses - 0;Other Eukaryotes - 0 (source: NCBI BLink).
AT2G31070.1,TCP domain protein 10
AT3G06290.1,SAC3/GANP/Nin1/mts3/eIF-3 p25 family
AT2G45260.1;AT4G33320.1;AT4G34080.1;AT4G36100.1,Plant protein of unknown function (DUF641);Plant protein of unknown function (DUF641);Plant protein of unknown function (DUF641);Sec1/munc18-like (SM) proteins superfamily
AT2G25210.1;AT4G31985.1,Ribosomal protein L39 family protein
AT3G21280.1,ubiquitin-specific protease 7
AT5G54730.1,homolog of yeast autophagy 18 (ATG18) F
AT4G01560.1,Ribosomal RNA processing Brix domain protein
AT5G19750.1,Peroxisomal membrane 22 kDa (Mpv17/PMP22) family protein
AT2G11520.1;AT4G00330.1;AT5G58940.1,calmodulin-binding receptor-like cytoplasmic kinase 3;calmodulin-binding receptor-like cytoplasmic kinase 2;calmodulin-binding receptor-like cytoplasmic kinase 1
AT1G03687.1;AT1G03687.2,DTW domain-containing protein
AT3G62580.1,Late embryogenesis abundant protein (LEA) family protein
AT2G16860.1,GCIP-interacting family protein
AT5G39040.1,transporter associated with antigen processing protein 2
AT1G72750.1,translocase inner membrane subunit 23-2
AT1G48200.1,unknown protein;FUNCTIONS IN: molecular_function unknown;INVOLVED IN: biological_process unknown;LOCATED IN: endomembrane system;EXPRESSED IN: 22 plant structures;EXPRESSED DURING: 13 growth stages;Has 30 Blast hits to 30 proteins in 12 species: Archae - 0;Bacteria - 0;Metazoa - 0;Fungi - 0;Plants - 30;Viruses - 0;Other Eukaryotes - 0 (source: NCBI BLink).
AT5G11150.1,vesicle-associated membrane protein 713
AT5G43390.1,"Uncharacterised conserved protein UCP015417,  vWA"
AT3G07020.1;AT3G07020.2,UDP-Glycosyltransferase superfamily protein
AT1G20320.1,Haloacid dehalogenase-like hydrolase (HAD) superfamily protein
AT4G11240.1,Calcineurin-like metallo-phosphoesterase superfamily protein
AT3G53620.1,pyrophosphorylase 4
AT1G05140.1;AT2G32480.1;AT2G32480.2,Peptidase M50 family protein;ARABIDOPSIS SERIN PROTEASE;ARABIDOPSIS SERIN PROTEASE
AT1G03280.1,"Transcription factor TFIIE, alpha subunit"
AT4G24330.1,Protein of unknown function (DUF1682)
AT2G25670.1;AT2G25670.2,BEST Arabidopsis thaliana protein match is: copper ion binding (TAIR:AT4G32610.1);Has 43784 Blast hits to 26928 proteins in 1799 species: Archae - 86;Bacteria - 6347;Metazoa - 15971;Fungi - 5398;Plants - 1931;Viruses - 259;Other Eukaryotes - 13792 (source: NCBI BLink).;BEST Arabidopsis thaliana protein match is: copper ion binding (TAIR:AT4G32610.1);Has 43784 Blast hits to 26928 proteins in 1799 species: Archae - 86;Bacteria - 6347;Metazoa - 15971;Fungi - 5398;Plants - 1931;Viruses - 259;Other Eukaryotes - 13792 (source: NCBI BLink).
AT1G20430.1,unknown protein;Has 29 Blast hits to 29 proteins in 10 species: Archae - 0;Bacteria - 0;Metazoa - 0;Fungi - 0;Plants - 29;Viruses - 0;Other Eukaryotes - 0 (source: NCBI BLink).
AT3G47940.1,DNAJ heat shock family protein
AT5G22630.1,arogenate dehydratase 5
AT4G38960.1;AT4G38960.2;AT4G38960.3,B-box type zinc finger family protein
AT3G11945.1;AT3G11945.2,homogentisate prenyltransferase
AT2G27550.1,centroradialis
AT3G62790.1,NADH-ubiquinone oxidoreductase-related
AT5G60610.1,F-box/RNI-like superfamily protein
AT3G59500.1,Integral membrane HRF1 family protein
AT2G37080.1,ROP interactive partner 3
AT1G49300.1;AT1G49300.2,RAB GTPase homolog  G3E
AT3G59280.1,"Protein Transporter, Pam16"
AT1G71780.1,unknown protein;FUNCTIONS IN: molecular_function unknown;INVOLVED IN: biological_process unknown;LOCATED IN: endoplasmic reticulum;EXPRESSED IN: 25 plant structures;EXPRESSED DURING: 15 growth stages;Has 34 Blast hits to 34 proteins in 11 species: Archae - 0;Bacteria - 0;Metazoa - 0;Fungi - 0;Plants - 34;Viruses - 0;Other Eukaryotes - 0 (source: NCBI BLink).
AT2G16640.1,multimeric translocon complex in the outer envelope membrane 132
AT5G08640.1;AT5G08640.2,flavonol synthase 1
AT3G17070.1,Peroxidase family protein
AT2G45730.1,eukaryotic initiation factor 3 gamma subunit family protein
AT5G07470.1,peptidemethionine sulfoxide reductase 3
AT5G64650.1,Ribosomal protein L17 family protein
AT1G23970.1;AT1G23970.2,Protein of unknown function (DUF626)
AT1G27650.1;AT1G27650.2,"U2 snRNP auxiliary factor small subunit, putative;U2 snRNP auxiliary factor small subunit, putative"
AT1G80620.1,"S15/NS1, RNA-binding protein"
AT2G43850.1;AT2G43850.2,Integrin-linked protein kinase family
AT5G18190.1,Protein kinase family protein
AT1G07840.1;AT1G07840.2;AT1G07840.3,Sas10/Utp3/C1D family
AT3G27390.1,unknown protein;FUNCTIONS IN: molecular_function unknown;INVOLVED IN: biological_process unknown;LOCATED IN: plasma membrane;EXPRESSED IN: 23 plant structures;EXPRESSED DURING: 13 growth stages;BEST Arabidopsis thaliana protein match is: unknown protein (TAIR:AT5G40640.1);Has 101 Blast hits to 99 proteins in 12 species: Archae - 0;Bacteria - 0;Metazoa - 0;Fungi - 0;Plants - 101;Viruses - 0;Other Eukaryotes - 0 (source: NCBI BLink).
AT1G30400.1;AT1G30400.2,multidrug resistance-associated protein 1
AT5G61810.1,Mitochondrial substrate carrier family protein
AT4G21380.1,receptor kinase 3
AT3G11200.1,alfin-like 2
AT3G04630.1;AT3G04630.2;AT3G04630.3,WVD2-like 1
AT5G13020.1,Emsy N Terminus (ENT)/ plant Tudor-like domains-containing protein
AT2G19750.1;AT4G29390.1;AT5G56670.1,Ribosomal protein S30 family protein
AT2G21410.1,vacuolar proton ATPase A2
AT1G55130.1,Endomembrane protein 70 protein family
AT1G16000.1,unknown protein;BEST Arabidopsis thaliana protein match is: unknown protein (TAIR:AT1G80890.1);Has 41 Blast hits to 40 proteins in 10 species: Archae - 0;Bacteria - 0;Metazoa - 0;Fungi - 0;Plants - 41;Viruses - 0;Other Eukaryotes - 0 (source: NCBI BLink).
AT2G28520.1,vacuolar proton ATPase A1
AT1G27330.1;AT1G27350.1,Ribosome associated membrane protein RAMP4
AT1G75670.1;AT1G75670.2,DNA-directed RNA polymerases
AT1G29790.1;AT1G29790.2,S-adenosyl-L-methionine-dependent methyltransferases superfamily protein
AT3G09900.1,RAB GTPase homolog E1E
AT2G18770.1,P-loop containing nucleoside triphosphate hydrolases superfamily protein
AT3G06150.1,unknown protein;BEST Arabidopsis thaliana protein match is: unknown protein (TAIR:AT5G19060.1);Has 61 Blast hits to 59 proteins in 10 species: Archae - 0;Bacteria - 0;Metazoa - 3;Fungi - 0;Plants - 58;Viruses - 0;Other Eukaryotes - 0 (source: NCBI BLink).
AT1G01920.1;AT1G01920.2,SET domain-containing protein
AT1G16860.1,Ubiquitin-specific protease family C19-related protein
AT3G04500.1,RNA-binding (RRM/RBD/RNP motifs) family protein
AT2G26250.1,3-ketoacyl-CoA synthase 10
AT2G17320.1,Uncharacterised conserved protein (UCP030210)
AT5G23630.1,phosphate deficiency response 2
AT1G07830.1,ribosomal protein L29 family protein
AT1G53650.1;AT1G53650.2;AT3G14450.1,CTC-interacting domain 8;CTC-interacting domain 8;CTC-interacting domain 9
AT2G25355.1;AT2G25355.2,PNAS-3 related
AT3G08950.1,electron transport SCO1/SenC family protein
AT3G52420.1,outer envelope membrane protein 7
AT5G40480.1,embryo defective 3012
AT1G55820.1,Kinase-related protein of unknown function (DUF1296)
AT5G51690.1,1-amino-cyclopropane-1-carboxylate synthase 12
AT1G48050.1,Ku80 family protein
AT1G19910.1;AT1G75630.1;AT1G75630.2;AT2G16510.1;AT4G34720.1;AT4G38920.1,"ATPase, F0/V0 complex, subunit C protein;vacuolar H+-pumping ATPase 16 kDa proteolipid subunit 4;vacuolar H+-pumping ATPase 16 kDa proteolipid subunit 4;ATPase, F0/V0 complex, subunit C protein;ATPase, F0/V0 complex, subunit C protein;vacuolar-type H(+)-ATPase C3"
AT1G05850.1,Chitinase family protein
AT1G53760.1,"unknown protein;FUNCTIONS IN: molecular_function unknown;INVOLVED IN: biological_process unknown;LOCATED IN: mitochondrion, plasma membrane, plastid, membrane;EXPRESSED IN: 25 plant structures;EXPRESSED DURING: 13 growth stages;CONTAINS InterPro DOMAIN/s: Protein of unknown function DUF2343 (InterPro:IPR018786);Has 171 Blast hits to 171 proteins in 90 species: Archae - 0;Bacteria - 0;Metazoa - 0;Fungi - 127;Plants - 41;Viruses - 0;Other Eukaryotes - 3 (source: NCBI BLink)."
AT2G07727.1;ATMG00220.1,"Di-haem cytochrome, transmembrane;Cytochrome b/b6, C-terminal;apocytochrome b"
AT1G75340.1;AT1G75340.2,Zinc finger C-x8-C-x5-C-x3-H type family protein
AT4G35860.1,GTP-binding 2
AT1G56140.1,Leucine-rich repeat transmembrane protein kinase
AT5G16010.1,3-oxo-5-alpha-steroid 4-dehydrogenase family protein
AT5G40850.1;AT5G40850.2,urophorphyrin methylase 1
AT3G26190.1;AT3G26300.1;AT3G26310.1,"cytochrome P450, family 71, subfamily B, polypeptide 21;cytochrome P450, family 71, subfamily B, polypeptide 34;cytochrome P450, family 71, subfamily B, polypeptide 35"
AT1G16740.1,Ribosomal protein L20
AT1G14670.1,Endomembrane protein 70 protein family
AT4G24090.1,unknown protein;FUNCTIONS IN: molecular_function unknown;INVOLVED IN: biological_process unknown;LOCATED IN: chloroplast;EXPRESSED IN: 23 plant structures;EXPRESSED DURING: 13 growth stages;Has 144 Blast hits to 142 proteins in 73 species: Archae - 3;Bacteria - 62;Metazoa - 7;Fungi - 13;Plants - 44;Viruses - 0;Other Eukaryotes - 15 (source: NCBI BLink).
AT2G48070.1;AT2G48070.2;AT2G48070.3,resistance to phytophthora 1
AT5G43460.1,HR-like lesion-inducing protein-related
AT2G33220.1,GRIM-19 protein
AT2G16940.1;AT2G16940.2;AT2G16940.3,"Splicing factor, CC1-like;Splicing factor, CC1-like;Splicing factor, CC1-like"
AT4G02940.1,"oxidoreductase, 2OG-Fe(II) oxygenase family protein"
AT3G44350.1;AT3G44350.2,NAC domain containing protein 61
AT4G20940.1,Leucine-rich receptor-like protein kinase family protein
AT1G09932.1;AT1G09932.2,Phosphoglycerate mutase family protein
AT1G30520.1,acyl-activating enzyme 14
AT4G27220.1,NB-ARC domain-containing disease resistance protein
AT5G59150.1,RAB GTPase homolog A2D
AT4G25270.1,Tetratricopeptide repeat (TPR)-like superfamily protein
AT5G45300.1;AT5G45300.2,beta-amylase 2
AT1G69620.1,ribosomal protein L34
AT1G33490.1,unknown protein;CONTAINS InterPro DOMAIN/s: Protein of unknown function DUF2062 (InterPro:IPR018639);BEST Arabidopsis thaliana protein match is: unknown protein (TAIR:AT4G10140.1);Has 88 Blast hits to 88 proteins in 29 species: Archae - 0;Bacteria - 28;Metazoa - 0;Fungi - 0;Plants - 54;Viruses - 0;Other Eukaryotes - 6 (source: NCBI BLink).
AT2G36910.1,ATP binding cassette subfamily B1
AT5G65910.1,BSD domain-containing protein
AT4G27080.1;AT4G27080.2,PDI-like 5-4
AT5G23490.1,unknown protein;BEST Arabidopsis thaliana protein match is: unknown protein (TAIR:AT5G08440.1);Has 202 Blast hits to 197 proteins in 48 species: Archae - 0;Bacteria - 13;Metazoa - 25;Fungi - 9;Plants - 109;Viruses - 0;Other Eukaryotes - 46 (source: NCBI BLink).
AT2G19540.1,Transducin family protein / WD-40 repeat family protein
AT3G01130.1;AT3G01130.2,"unknown protein;FUNCTIONS IN: molecular_function unknown;INVOLVED IN: biological_process unknown;LOCATED IN: endomembrane system;EXPRESSED IN: male gametophyte, pollen tube;EXPRESSED DURING: M germinated pollen stage;BEST Arabidopsis thaliana protein match is: unknown protein (TAIR:AT5G15320.1);Has 64 Blast hits to 64 proteins in 11 species: Archae - 0;Bacteria - 0;Metazoa - 0;Fungi - 0;Plants - 64;Viruses - 0;Other Eukaryotes - 0 (source: NCBI BLink).;unknown protein;FUNCTIONS IN: molecular_function unknown;INVOLVED IN: biological_process unknown;EXPRESSED IN: male gametophyte, pollen tube;EXPRESSED DURING: M germinated pollen stage;BEST Arabidopsis thaliana protein match is: unknown protein (TAIR:AT5G15320.1);Has 64 Blast hits to 64 proteins in 11 species: Archae - 0;Bacteria - 0;Metazoa - 0;Fungi - 0;Plants - 64;Viruses - 0;Other Eukaryotes - 0 (source: NCBI BLink)."
AT2G20750.1,expansin B1
AT1G74380.1,xyloglucan xylosyltransferase 5
AT2G45070.1;AT2G45070.2;AT2G45070.3;AT2G45070.4;AT3G60540.1;AT3G60540.2,"Preprotein translocase Sec, Sec61-beta subunit protein;Preprotein translocase Sec, Sec61-beta subunit protein;Preprotein translocase Sec, Sec61-beta subunit protein;Preprotein translocase Sec, Sec61-beta subunit protein;Preprotein translocase Sec, Sec61-beta subunit protein;Preprotein translocase Sec, Sec61-beta subunit protein"
AT2G41020.1,WW domain-containing protein
AT1G49910.1;AT3G19590.1,Transducin/WD40 repeat-like superfamily protein
AT5G47070.1,Protein kinase superfamily protein
ATMG00516.1;ATMG01120.1;ATMG01275.1,NADH dehydrogenase 1C;NADH dehydrogenase 1B;NADH dehydrogenase 1A
AT1G61790.1,Oligosaccharyltransferase complex/magnesium transporter family protein
AT1G03140.1,splicing factor Prp18 family protein
AT1G26970.1,Protein kinase superfamily protein
AT1G61730.1,DNA-binding storekeeper protein-related transcriptional regulator
AT3G18240.1;AT3G18240.2;AT4G21460.1,"Ribosomal protein S24/S35, mitochondrial;Ribosomal protein S24/S35, mitochondrial;Ribosomal protein S24/S35, mitochondrial"
AT5G38840.1,SMAD/FHA domain-containing protein
AT5G20970.1,HSP20-like chaperones superfamily protein
AT5G42030.1,ABL interactor-like protein 4
AT2G33120.1;AT2G33120.2,synaptobrevin-related protein 1
AT5G64420.1,DNA polymerase V family
AT2G16485.1,nucleic acid binding;zinc ion binding;DNA binding
AT3G21865.1,peroxin 22
AT1G06730.1,pfkB-like carbohydrate kinase family protein
AT3G16570.1;AT4G15800.1,rapid alkalinization factor 23;ralf-like 33
AT1G70940.1,Auxin efflux carrier family protein
AT1G80420.1;AT1G80420.2;AT1G80420.3;AT1G80420.4,BRCT domain-containing DNA repair protein
AT5G10840.1,Endomembrane protein 70 protein family
AT4G00730.1,Homeobox-leucine zipper family protein / lipid-binding START domain-containing protein
AT3G52190.1,phosphate transporter traffic facilitator1
AT1G06670.1,nuclear DEIH-boxhelicase
AT4G10280.1,RmlC-like cupins superfamily protein
AT1G50430.1;AT1G50430.2,Ergosterol biosynthesis ERG4/ERG24 family
AT4G21670.1,C-terminal domain phosphatase-like 1
AT3G01150.1;AT3G01150.2,polypyrimidine tract-binding protein 1
AT1G14170.3,RNA-binding KH domain-containing protein
AT5G53540.1,P-loop containing nucleoside triphosphate hydrolases superfamily protein
AT3G58110.1;AT3G58110.2,unknown protein;FUNCTIONS IN: molecular_function unknown;INVOLVED IN: biological_process unknown;LOCATED IN: cellular_component unknown;EXPRESSED IN: cultured cell;BEST Arabidopsis thaliana protein match is: unknown protein (TAIR:AT2G42370.1);Has 2534 Blast hits to 1905 proteins in 233 species: Archae - 11;Bacteria - 102;Metazoa - 890;Fungi - 241;Plants - 124;Viruses - 59;Other Eukaryotes - 1107 (source: NCBI BLink).;unknown protein;FUNCTIONS IN: molecular_function unknown;INVOLVED IN: biological_process unknown;LOCATED IN: cellular_component unknown;BEST Arabidopsis thaliana protein match is: unknown protein (TAIR:AT2G42370.1).
AT4G00090.1,Transducin/WD40 repeat-like superfamily protein
AT1G04800.1,glycine-rich protein
AT2G20060.1,Ribosomal protein L4/L1 family
AT2G22425.1;AT2G22425.2;AT4G40042.1,Microsomal signal peptidase 12 kDa subunit (SPC12)
AT2G32060.1;AT2G32060.2;AT2G32060.3,Ribosomal protein L7Ae/L30e/S12e/Gadd45 family protein
AT2G38650.1;AT2G38650.2,galacturonosyltransferase 7
AT4G02380.1;AT4G02380.2,senescence-associated gene 21
AT4G33625.1;AT4G33625.2,"FUNCTIONS IN: molecular_function unknown;INVOLVED IN: biological_process unknown;LOCATED IN: plasma membrane, vacuole;EXPRESSED IN: cultured cell;CONTAINS InterPro DOMAIN/s: Golgi apparatus membrane protein TVP15 (InterPro:IPR013714);Has 59 Blast hits to 59 proteins in 18 species: Archae - 0;Bacteria - 0;Metazoa - 0;Fungi - 0;Plants - 50;Viruses - 0;Other Eukaryotes - 9 (source: NCBI BLink).;FUNCTIONS IN: molecular_function unknown;INVOLVED IN: biological_process unknown;LOCATED IN: plasma membrane;EXPRESSED IN: cultured cell;CONTAINS InterPro DOMAIN/s: Golgi apparatus membrane protein TVP15 (InterPro:IPR013714);Has 30201 Blast hits to 17322 proteins in 780 species: Archae - 12;Bacteria - 1396;Metazoa - 17338;Fungi - 3422;Plants - 5037;Viruses - 0;Other Eukaryotes - 2996 (source: NCBI BLink)."
AT5G36950.1,DegP protease 10
AT4G34950.1,Major facilitator superfamily protein
AT3G24700.1,F-box and associated interaction domains-containing protein
AT5G60730.1,Anion-transporting ATPase
AT4G36480.1;AT4G36480.2,long-chain base1
AT5G22010.1,replication factor C1
AT3G17170.1,Translation elongation  factor EF1B/ribosomal protein S6 family protein
AT2G42460.1;AT2G42460.2,TRAF-like family protein
AT4G17085.1,Putative membrane lipoprotein
AT3G28720.1,unknown protein;FUNCTIONS IN: molecular_function unknown;INVOLVED IN: biological_process unknown;LOCATED IN: cellular_component unknown;EXPRESSED IN: 25 plant structures;EXPRESSED DURING: 13 growth stages;BEST Arabidopsis thaliana protein match is: unknown protein (TAIR:AT5G58100.1);Has 1610 Blast hits to 344 proteins in 85 species: Archae - 0;Bacteria - 567;Metazoa - 95;Fungi - 71;Plants - 145;Viruses - 0;Other Eukaryotes - 732 (source: NCBI BLink).
AT5G09270.1;AT5G09270.2,unknown protein;Has 30201 Blast hits to 17322 proteins in 780 species: Archae - 12;Bacteria - 1396;Metazoa - 17338;Fungi - 3422;Plants - 5037;Viruses - 0;Other Eukaryotes - 2996 (source: NCBI BLink).;unknown protein;Has 25 Blast hits to 25 proteins in 9 species: Archae - 0;Bacteria - 0;Metazoa - 0;Fungi - 0;Plants - 25;Viruses - 0;Other Eukaryotes - 0 (source: NCBI BLink).
AT1G36050.1;AT1G36050.2,Endoplasmic reticulum vesicle transporter protein
AT5G05210.1;AT5G05210.2,Surfeit locus protein 6
AT5G25900.1,GA requiring 3
AT5G15780.1,Pollen Ole e 1 allergen and extensin family protein
AT1G15440.1;AT1G15440.2,periodic tryptophan protein 2
AT5G03460.1,unknown protein;FUNCTIONS IN: molecular_function unknown;INVOLVED IN: biological_process unknown;LOCATED IN: endomembrane system;EXPRESSED IN: 24 plant structures;EXPRESSED DURING: 15 growth stages;Has 30201 Blast hits to 17322 proteins in 780 species: Archae - 12;Bacteria - 1396;Metazoa - 17338;Fungi - 3422;Plants - 5037;Viruses - 0;Other Eukaryotes - 2996 (source: NCBI BLink).
AT3G53630.1,unknown protein;BEST Arabidopsis thaliana protein match is: unknown protein (TAIR:AT4G18692.1);Has 42 Blast hits to 42 proteins in 10 species: Archae - 0;Bacteria - 0;Metazoa - 0;Fungi - 0;Plants - 42;Viruses - 0;Other Eukaryotes - 0 (source: NCBI BLink).
AT1G52540.1;AT3G15890.1,Protein kinase superfamily protein
AT4G00270.1,DNA-binding storekeeper protein-related transcriptional regulator
AT5G27990.1,"Pre-rRNA-processing protein TSR2, conserved region"
AT1G27510.1,Protein of unknown function (DUF3506)
AT5G35400.1;AT5G35400.2,Pseudouridine synthase family protein
AT2G06210.1,binding
AT5G23395.1,Cox19-like CHCH family protein
AT2G25290.1;AT2G25290.2;AT2G25290.3,Octicosapeptide/Phox/Bem1p (PB1) domain-containing protein / tetratricopeptide repeat (TPR)-containing protein
AT2G25570.1;AT2G25570.2;AT2G25570.3,binding
AT1G32940.1,Subtilase family protein
AT4G26210.1;AT4G26210.2,Mitochondrial ATP synthase subunit G protein
AT3G14650.1,"cytochrome P450, family 72, subfamily A, polypeptide 11"
AT1G63810.1,CONTAINS InterPro DOMAIN/s: Nrap protein (InterPro:IPR005554);Has 396 Blast hits to 382 proteins in 182 species: Archae - 3;Bacteria - 2;Metazoa - 142;Fungi - 146;Plants - 43;Viruses - 0;Other Eukaryotes - 60 (source: NCBI BLink).
AT3G45230.1,hydroxyproline-rich glycoprotein family protein
AT4G02725.1,"unknown protein;FUNCTIONS IN: molecular_function unknown;INVOLVED IN: biological_process unknown;LOCATED IN: chloroplast, membrane;Has 35333 Blast hits to 34131 proteins in 2444 species: Archae - 798;Bacteria - 22429;Metazoa - 974;Fungi - 991;Plants - 531;Viruses - 0;Other Eukaryotes - 9610 (source: NCBI BLink)."
AT3G48425.1,DNAse I-like superfamily protein
AT2G26200.1,S-adenosyl-L-methionine-dependent methyltransferases superfamily protein
AT1G67740.1,photosystem II BY
AT5G60920.1,COBRA-like extracellular glycosyl-phosphatidyl inositol-anchored protein family
AT4G27600.1,pfkB-like carbohydrate kinase family protein
AT2G24590.1,RNA recognition motif and CCHC-type zinc finger domains containing protein
AT1G02690.1;AT1G02690.2,importin alpha isoform 6
AT5G08560.1;AT5G08560.2,transducin family protein / WD-40 repeat family protein
AT3G08680.1;AT3G08680.2,Leucine-rich repeat protein kinase family protein
AT2G40430.1;AT2G40430.2;AT2G40430.3,"CONTAINS InterPro DOMAIN/s: P60-like (InterPro:IPR011687), Tumour suppressor protein Gltscr2 (InterPro:IPR011211);Has 709 Blast hits to 643 proteins in 201 species: Archae - 0;Bacteria - 32;Metazoa - 224;Fungi - 154;Plants - 45;Viruses - 0;Other Eukaryotes - 254 (source: NCBI BLink).;FUNCTIONS IN: molecular_function unknown;INVOLVED IN: biological_process unknown;LOCATED IN: cellular_component unknown;EXPRESSED IN: 22 plant structures;EXPRESSED DURING: 13 growth stages;CONTAINS InterPro DOMAIN/s: P60-like (InterPro:IPR011687), Tumour suppressor protein Gltscr2 (InterPro:IPR011211);Has 706 Blast hits to 639 proteins in 197 species: Archae - 0;Bacteria - 32;Metazoa - 228;Fungi - 147;Plants - 47;Viruses - 0;Other Eukaryotes - 252 (source: NCBI BLink).;FUNCTIONS IN: molecular_function unknown;INVOLVED IN: biological_process unknown;LOCATED IN: cellular_component unknown;EXPRESSED IN: 22 plant structures;EXPRESSED DURING: 13 growth stages;CONTAINS InterPro DOMAIN/s: Tumour suppressor protein Gltscr2 (InterPro:IPR011211), P60-like (InterPro:IPR011687)."
AT5G40890.1;AT5G40890.2,chloride channel A
AT1G34130.1,staurosporin and temperature sensitive 3-like b
AT4G31930.1,Mitochondrial glycoprotein family protein
AT3G07050.1,GTP-binding family protein
AT5G41190.1,"CONTAINS InterPro DOMAIN/s: Nin one binding (NOB1) Zn-ribbon like (InterPro:IPR014881), D-site 20S pre-rRNA nuclease (InterPro:IPR017117);Has 1807 Blast hits to 1807 proteins in 277 species: Archae - 0;Bacteria - 0;Metazoa - 736;Fungi - 347;Plants - 385;Viruses - 0;Other Eukaryotes - 339 (source: NCBI BLink)."
ATMG00060.1;ATMG00513.1;ATMG00665.1,NADH dehydrogenase subunit 5C;NADH dehydrogenase 5A;NADH dehydrogenase 5B
AT1G04430.1;AT1G04430.2,S-adenosyl-L-methionine-dependent methyltransferases superfamily protein
AT4G14090.1,UDP-Glycosyltransferase superfamily protein
AT4G16180.2,unknown protein;FUNCTIONS IN: molecular_function unknown;INVOLVED IN: biological_process unknown;LOCATED IN: plasma membrane;BEST Arabidopsis thaliana protein match is: unknown protein (TAIR:AT3G28720.1);Has 5 Blast hits to 5 proteins in 3 species: Archae - 0;Bacteria - 0;Metazoa - 0;Fungi - 0;Plants - 4;Viruses - 0;Other Eukaryotes - 1 (source: NCBI BLink).
AT1G11680.1,CYTOCHROME P450 51G1
AT4G37370.1,"cytochrome P450, family 81, subfamily D, polypeptide 8"
AT3G23820.1,UDP-D-glucuronate 4-epimerase 6
AT1G14910.1,ENTH/ANTH/VHS superfamily protein
AT3G06960.1,pigment defective 320
AT3G56680.1,Single-stranded nucleic acid binding R3H protein
AT5G52820.1,"WD-40 repeat family protein / notchless protein, putative"
AT3G51820.1,UbiA prenyltransferase family protein
AT3G54130.1,Josephin family protein
AT3G57550.1;AT3G57550.2,guanylate kinase
AT5G10240.1;AT5G10240.2,asparagine synthetase 3
AT1G04520.1,plasmodesmata-located protein 2
AT2G19720.1,ribosomal protein S15A B
AT5G09880.1,"Splicing factor, CC1-like"
AT5G14580.1,"polyribonucleotide nucleotidyltransferase, putative"
AT1G04910.1,O-fucosyltransferase family protein
AT4G19120.1;AT4G19120.2,S-adenosyl-L-methionine-dependent methyltransferases superfamily protein
AT2G26680.1,CONTAINS InterPro DOMAIN/s: Methyltransferase FkbM (InterPro:IPR006342);Has 1073 Blast hits to 1073 proteins in 243 species: Archae - 45;Bacteria - 509;Metazoa - 0;Fungi - 4;Plants - 60;Viruses - 4;Other Eukaryotes - 451 (source: NCBI BLink).
AT1G67360.1;AT1G67360.2,Rubber elongation factor protein (REF)
AT5G40160.1,Ankyrin repeat family protein
AT3G60480.1,unknown protein;Has 17 Blast hits to 17 proteins in 8 species: Archae - 0;Bacteria - 0;Metazoa - 0;Fungi - 0;Plants - 17;Viruses - 0;Other Eukaryotes - 0 (source: NCBI BLink).
AT1G49350.1,pfkB-like carbohydrate kinase family protein
AT5G42090.1,Lung seven transmembrane receptor family protein
AT5G26940.1;AT5G26940.2;AT5G26940.3;AT5G26940.4,"Polynucleotidyl transferase, ribonuclease H-like superfamily protein;Polynucleotidyl transferase, ribonuclease H-like superfamily protein;Polynucleotidyl transferase, ribonuclease H-like superfamily protein;Polynucleotidyl transferase, ribonuclease H-like superfamily protein"
AT2G42840.1,protodermal factor 1
AT1G68100.1,ZIP metal ion transporter family
AT3G07950.1,rhomboid protein-related
AT3G10530.1,Transducin/WD40 repeat-like superfamily protein
AT4G39740.1,Thioredoxin superfamily protein
AT5G09850.1,Transcription elongation factor (TFIIS) family protein
AT5G13000.1;AT5G13000.2,glucan synthase-like 12
AT4G38760.1,Protein of unknown function (DUF3414)
AT1G51630.1,O-fucosyltransferase family protein
AT2G07741.1;ATMG00410.1;ATMG01170.1,"ATPase, F0 complex, subunit A protein;ATPase subunit 6-1;ATPase, F0 complex, subunit A protein"
AT1G18850.1,unknown protein;FUNCTIONS IN: molecular_function unknown;INVOLVED IN: biological_process unknown;LOCATED IN: nucleolus;EXPRESSED IN: 22 plant structures;EXPRESSED DURING: 13 growth stages;Has 40 Blast hits to 40 proteins in 13 species: Archae - 0;Bacteria - 0;Metazoa - 0;Fungi - 0;Plants - 40;Viruses - 0;Other Eukaryotes - 0 (source: NCBI BLink).
AT3G24160.1,putative type 1 membrane protein
AT5G20600.1,"FUNCTIONS IN: molecular_function unknown;INVOLVED IN: rRNA processing;LOCATED IN: preribosome, small subunit precursor;EXPRESSED IN: 22 plant structures;EXPRESSED DURING: 13 growth stages;CONTAINS InterPro DOMAIN/s: Nucleolar, Nop52 (InterPro:IPR010301);Has 543 Blast hits to 530 proteins in 201 species: Archae - 0;Bacteria - 10;Metazoa - 211;Fungi - 164;Plants - 46;Viruses - 0;Other Eukaryotes - 112 (source: NCBI BLink)."
AT2G26910.1,pleiotropic drug resistance 4
AT4G31430.1;AT4G31430.2;AT4G31430.3,unknown protein;LOCATED IN: plasma membrane;EXPRESSED IN: 25 plant structures;EXPRESSED DURING: 15 growth stages;Has 30201 Blast hits to 17322 proteins in 780 species: Archae - 12;Bacteria - 1396;Metazoa - 17338;Fungi - 3422;Plants - 5037;Viruses - 0;Other Eukaryotes - 2996 (source: NCBI BLink).;unknown protein;LOCATED IN: plasma membrane;EXPRESSED IN: 25 plant structures;EXPRESSED DURING: 15 growth stages;Has 35333 Blast hits to 34131 proteins in 2444 species: Archae - 798;Bacteria - 22429;Metazoa - 974;Fungi - 991;Plants - 531;Viruses - 0;Other Eukaryotes - 9610 (source: NCBI BLink).;unknown protein;LOCATED IN: plasma membrane;EXPRESSED IN: 25 plant structures;EXPRESSED DURING: 15 growth stages;Has 35333 Blast hits to 34131 proteins in 2444 species: Archae - 798;Bacteria - 22429;Metazoa - 974;Fungi - 991;Plants - 531;Viruses - 0;Other Eukaryotes - 9610 (source: NCBI BLink).
AT1G11780.1,"oxidoreductase, 2OG-Fe(II) oxygenase family protein"
AT4G33700.1,CBS domain-containing protein with a domain of unknown function (DUF21)
AT5G06360.1,Ribosomal protein S8e family protein
AT3G42790.1,alfin-like 3
AT4G21190.1,Pentatricopeptide repeat (PPR) superfamily protein
AT1G71850.1,Ubiquitin carboxyl-terminal hydrolase family protein
AT5G05520.1,Outer membrane OMP85 family protein
AT3G13740.1;AT3G13740.2,Ribonuclease III family protein
AT5G47560.1,tonoplast dicarboxylate transporter
AT4G21180.1,DnaJ / Sec63 Brl domains-containing protein
AT5G05170.1,Cellulose synthase family protein
AT2G44270.1;AT2G44270.2,repressor of lrx1
AT5G01460.1,LMBR1-like membrane protein
AT2G37250.1,adenosine kinase
ATCG00560.1,photosystem II reaction center protein L
AT5G23575.1,Transmembrane CLPTM1 family protein
AT5G64630.2;AT5G64630.3,Transducin/WD40 repeat-like superfamily protein
AT4G25210.1,DNA-binding storekeeper protein-related transcriptional regulator
AT1G70200.1,RNA-binding (RRM/RBD/RNP motifs) family protein
AT1G17130.1;AT1G17130.2,Family of unknown function (DUF572)
AT5G03345.1;AT5G03345.2,FUNCTIONS IN: molecular_function unknown;INVOLVED IN: biological_process unknown;LOCATED IN: endomembrane system;EXPRESSED IN: 24 plant structures;EXPRESSED DURING: 15 growth stages;CONTAINS InterPro DOMAIN/s: Magnesium transporter (InterPro:IPR018937);Has 30201 Blast hits to 17322 proteins in 780 species: Archae - 12;Bacteria - 1396;Metazoa - 17338;Fungi - 3422;Plants - 5037;Viruses - 0;Other Eukaryotes - 2996 (source: NCBI BLink).;FUNCTIONS IN: molecular_function unknown;INVOLVED IN: biological_process unknown;LOCATED IN: endomembrane system;EXPRESSED IN: 24 plant structures;EXPRESSED DURING: 15 growth stages;CONTAINS InterPro DOMAIN/s: Magnesium transporter (InterPro:IPR018937);Has 155 Blast hits to 155 proteins in 63 species: Archae - 0;Bacteria - 0;Metazoa - 105;Fungi - 0;Plants - 44;Viruses - 0;Other Eukaryotes - 6 (source: NCBI BLink).
AT3G18390.1,CRS1 / YhbY (CRM) domain-containing protein
AT1G03650.1,Acyl-CoA N-acyltransferases (NAT) superfamily protein
AT1G42440.1,"FUNCTIONS IN: molecular_function unknown;INVOLVED IN: ribosome biogenesis;LOCATED IN: nucleus;EXPRESSED IN: 22 plant structures;EXPRESSED DURING: 13 growth stages;CONTAINS InterPro DOMAIN/s: AARP2CN (InterPro:IPR012948), Protein of unknown function DUF663 (InterPro:IPR007034);BEST Arabidopsis thaliana protein match is: P-loop containing nucleoside triphosphate hydrolases superfamily protein (TAIR:AT1G06720.1);Has 2741 Blast hits to 2088 proteins in 291 species: Archae - 2;Bacteria - 131;Metazoa - 833;Fungi - 650;Plants - 171;Viruses - 49;Other Eukaryotes - 905 (source: NCBI BLink)."
AT4G27720.1,Major facilitator superfamily protein
AT1G80300.1,nucleotide transporter 1
AT4G39470.1,Tetratricopeptide repeat (TPR)-like superfamily protein
AT2G43960.1,SWAP (Suppressor-of-White-APricot)/surp domain-containing protein
AT1G72320.1;AT1G72320.2;AT1G72320.3,pumilio 23
AT2G40360.1,Transducin/WD40 repeat-like superfamily protein
AT3G03920.1,"H/ACA ribonucleoprotein complex, subunit Gar1/Naf1 protein"
AT4G28050.1,tetraspanin7
AT1G30610.1;AT1G30610.2,pentatricopeptide (PPR) repeat-containing protein
AT1G48650.1;AT1G48650.2,DEA(D/H)-box RNA helicase family protein
AT5G13850.1,nascent polypeptide-associated complex subunit alpha-like protein 3
AT2G30320.1,Pseudouridine synthase family protein
AT1G24190.1;AT1G24190.2,SIN3-like 3
AT5G27270.1,Tetratricopeptide repeat (TPR)-like superfamily protein
AT5G18280.1;AT5G18280.2,apyrase 2
AT2G02590.1,FUNCTIONS IN: molecular_function unknown;INVOLVED IN: biological_process unknown;LOCATED IN: chloroplast;EXPRESSED IN: 21 plant structures;EXPRESSED DURING: 13 growth stages;CONTAINS InterPro DOMAIN/s: Putative small multi-drug export (InterPro:IPR009577);Has 405 Blast hits to 405 proteins in 185 species: Archae - 65;Bacteria - 295;Metazoa - 0;Fungi - 0;Plants - 23;Viruses - 0;Other Eukaryotes - 22 (source: NCBI BLink).
AT4G35950.1,RAC-like 6
AT4G02790.1,GTP-binding family protein
AT1G72730.1,DEA(D/H)-box RNA helicase family protein
ATCG01020.1,ribosomal protein L32
AT5G20350.1,Ankyrin repeat family protein with DHHC zinc finger domain
AT3G13410.1,unknown protein;FUNCTIONS IN: molecular_function unknown;INVOLVED IN: biological_process unknown;LOCATED IN: endoplasmic reticulum;EXPRESSED IN: 25 plant structures;EXPRESSED DURING: 15 growth stages;BEST Arabidopsis thaliana protein match is: unknown protein (TAIR:AT1G55546.1);Has 49 Blast hits to 49 proteins in 14 species: Archae - 0;Bacteria - 0;Metazoa - 0;Fungi - 0;Plants - 48;Viruses - 0;Other Eukaryotes - 1 (source: NCBI BLink).
AT5G11160.1,adenine phosphoribosyltransferase 5
AT3G27670.1,ARM repeat superfamily protein
AT1G31850.1;AT1G31850.2;AT1G31850.3,S-adenosyl-L-methionine-dependent methyltransferases superfamily protein
AT5G35740.1,Carbohydrate-binding X8 domain superfamily protein
AT1G65030.1,Transducin/WD40 repeat-like superfamily protein
AT2G34560.2,P-loop containing nucleoside triphosphate hydrolases superfamily protein
AT2G21160.1;AT2G21160.2,"Translocon-associated protein (TRAP), alpha subunit;Translocon-associated protein (TRAP), alpha subunit"
AT2G46170.1,Reticulon family protein
AT5G45420.1,Duplicated homeodomain-like superfamily protein
AT4G15770.1,RNA binding
AT2G34357.1,ARM repeat superfamily protein
AT3G28730.1,high mobility group
AT3G57660.1,nuclear RNA polymerase A1
AT3G52660.1;AT3G52660.2,RNA-binding (RRM/RBD/RNP motifs) family protein
AT1G02205.1;AT1G02205.2;AT1G02205.3,Fatty acid hydroxylase superfamily
ATMG00090.1,structural constituent of ribosome;protein binding
AT1G23220.1,Dynein light chain type 1 family protein
AT2G28600.1,P-loop containing nucleoside triphosphate hydrolases superfamily protein
AT5G14610.1;AT5G14610.2,DEAD box RNA helicase family protein
AT1G01510.1,NAD(P)-binding Rossmann-fold superfamily protein
AT4G18520.1,Pentatricopeptide repeat (PPR) superfamily protein
AT3G52630.1;AT3G52630.2,"Nucleic acid-binding, OB-fold-like protein;Nucleic acid-binding, OB-fold-like protein"
AT1G51080.1,unknown protein;FUNCTIONS IN: molecular_function unknown;INVOLVED IN: biological_process unknown;LOCATED IN: chloroplast;EXPRESSED IN: 15 plant structures;EXPRESSED DURING: 11 growth stages;Has 101 Blast hits to 98 proteins in 44 species: Archae - 0;Bacteria - 0;Metazoa - 38;Fungi - 10;Plants - 27;Viruses - 0;Other Eukaryotes - 26 (source: NCBI BLink).
AT2G26100.1,Galactosyltransferase family protein
AT2G44860.1;AT2G44860.2,Ribosomal protein L24e family protein
AT4G28200.1,"FUNCTIONS IN: molecular_function unknown;INVOLVED IN: RNA processing;LOCATED IN: intracellular;EXPRESSED IN: 22 plant structures;EXPRESSED DURING: 13 growth stages;CONTAINS InterPro DOMAIN/s: RNA-processing protein, HAT helix (InterPro:IPR003107), U3 small nucleolar RNA-associated protein 6 (InterPro:IPR013949);Has 492 Blast hits to 480 proteins in 206 species: Archae - 0;Bacteria - 2;Metazoa - 128;Fungi - 191;Plants - 60;Viruses - 0;Other Eukaryotes - 111 (source: NCBI BLink)."
AT1G63500.1,Protein kinase protein with tetratricopeptide repeat domain
AT1G64370.1,unknown protein;Has 773 Blast hits to 375 proteins in 118 species: Archae - 0;Bacteria - 97;Metazoa - 421;Fungi - 108;Plants - 31;Viruses - 0;Other Eukaryotes - 116 (source: NCBI BLink).
AT4G16630.1,DEA(D/H)-box RNA helicase family protein
AT1G62730.1,Terpenoid synthases superfamily protein
AT5G08520.1,Duplicated homeodomain-like superfamily protein
AT5G63050.1;AT5G63050.2,embryo defective 2759
AT5G11270.1,overexpressor of cationic peroxidase 3
AT5G45760.1;AT5G45760.2,Transducin/WD40 repeat-like superfamily protein
AT1G55370.1;AT1G55370.2,NDH-dependent cyclic electron flow 5
AT4G24175.1,unknown protein;CONTAINS InterPro DOMAIN/s: Uncharacterised protein family UPF0307 (InterPro:IPR006839);Has 30201 Blast hits to 17322 proteins in 780 species: Archae - 12;Bacteria - 1396;Metazoa - 17338;Fungi - 3422;Plants - 5037;Viruses - 0;Other Eukaryotes - 2996 (source: NCBI BLink).
AT1G54380.1,spliceosome protein-related
AT2G01320.1;AT2G01320.2;AT2G01320.3;AT2G01320.4,ABC-2 type transporter family protein
AT2G34300.1;AT2G34300.2,S-adenosyl-L-methionine-dependent methyltransferases superfamily protein
AT5G46840.1;AT5G46840.2,RNA-binding (RRM/RBD/RNP motifs) family protein
AT5G63140.1,purple acid phosphatase 29
AT1G05460.1,P-loop containing nucleoside triphosphate hydrolases superfamily protein
AT2G27290.1,Protein of unknown function (DUF1279)
AT4G03230.1,S-locus lectin protein kinase family protein
AT5G02160.1,unknown protein;FUNCTIONS IN: molecular_function unknown;INVOLVED IN: biological_process unknown;LOCATED IN: chloroplast thylakoid membrane;EXPRESSED IN: 23 plant structures;EXPRESSED DURING: 13 growth stages;Has 121 Blast hits to 121 proteins in 17 species: Archae - 0;Bacteria - 0;Metazoa - 0;Fungi - 0;Plants - 121;Viruses - 0;Other Eukaryotes - 0 (source: NCBI BLink).
AT1G49410.1,translocase of the outer mitochondrial membrane 6
AT2G32220.1,Ribosomal L27e protein family
AT4G05410.1,Transducin/WD40 repeat-like superfamily protein
AT1G48700.1,2-oxoglutarate (2OG) and Fe(II)-dependent oxygenase superfamily protein
AT5G63340.1,unknown protein;Has 1 Blast hits to 1 proteins in 1 species: Archae - 0;Bacteria - 0;Metazoa - 0;Fungi - 0;Plants - 1;Viruses - 0;Other Eukaryotes - 0 (source: NCBI BLink).
AT1G24280.1,glucose-6-phosphate dehydrogenase 3
AT5G19530.1;AT5G19530.2,S-adenosyl-L-methionine-dependent methyltransferases superfamily protein
AT2G39970.1,Mitochondrial substrate carrier family protein
AT4G25630.1,fibrillarin 2
AT4G39040.1,RNA-binding CRS1 / YhbY (CRM) domain protein
AT5G22320.1;AT5G22320.2,Leucine-rich repeat (LRR) family protein
AT4G35230.1,BR-signaling kinase 1
AT3G55510.1,Noc2p family
AT3G22660.1,rRNA processing protein-related
AT1G77030.1,"hydrolases, acting on acid anhydrides, in phosphorus-containing anhydrides;ATP-dependent helicases;nucleic acid binding;ATP binding;RNA binding;helicases"
AT4G30440.1,UDP-D-glucuronate 4-epimerase 1
AT1G15250.1;AT1G52300.1;AT3G16080.1,Zinc-binding ribosomal protein family protein
AT3G25470.1,bacterial hemolysin-related
AT1G53800.1;AT1G53800.2,unknown protein;BEST Arabidopsis thaliana protein match is: unknown protein (TAIR:AT1G53250.1);Has 1136 Blast hits to 882 proteins in 242 species: Archae - 2;Bacteria - 216;Metazoa - 257;Fungi - 77;Plants - 87;Viruses - 4;Other Eukaryotes - 493 (source: NCBI BLink).;unknown protein;BEST Arabidopsis thaliana protein match is: unknown protein (TAIR:AT1G53250.1);Has 35333 Blast hits to 34131 proteins in 2444 species: Archae - 798;Bacteria - 22429;Metazoa - 974;Fungi - 991;Plants - 531;Viruses - 0;Other Eukaryotes - 9610 (source: NCBI BLink).
AT5G47780.1,galacturonosyltransferase 4
AT4G34555.1,Ribosomal protein S25 family protein
AT5G39860.1,basic helix-loop-helix (bHLH) DNA-binding family protein
AT4G24460.1;AT4G24460.2,CRT (chloroquine-resistance transporter)-like transporter 2
AT3G04290.1,Li-tolerant lipase 1
AT2G28790.1,Pathogenesis-related thaumatin superfamily protein
AT5G23070.1,Thymidine kinase
AT5G46570.1,BR-signaling kinase 2
AT3G51870.1,Mitochondrial substrate carrier family protein
AT5G17660.1,tRNA (guanine-N-7) methyltransferase
AT1G58360.1,amino acid permease 1
AT5G48657.1;AT5G48657.2,defense protein-related
AT4G27595.1,Plant protein of unknown function (DUF827)
AT5G07900.1,Mitochondrial transcription termination factor family protein
AT1G08530.1,unknown protein;FUNCTIONS IN: molecular_function unknown;INVOLVED IN: biological_process unknown;LOCATED IN: chloroplast;BEST Arabidopsis thaliana protein match is: unknown protein (TAIR:AT5G09995.2);Has 140 Blast hits to 140 proteins in 53 species: Archae - 0;Bacteria - 63;Metazoa - 0;Fungi - 0;Plants - 76;Viruses - 0;Other Eukaryotes - 1 (source: NCBI BLink).
AT3G22150.1,Tetratricopeptide repeat (TPR)-like superfamily protein
AT1G18250.1;AT1G18250.2,Pathogenesis-related thaumatin superfamily protein
AT5G14120.1,Major facilitator superfamily protein
AT5G66060.1;AT5G66060.2,2-oxoglutarate (2OG) and Fe(II)-dependent oxygenase superfamily protein
AT4G14360.1;AT4G14360.2,S-adenosyl-L-methionine-dependent methyltransferases superfamily protein
AT5G05450.1,P-loop containing nucleoside triphosphate hydrolases superfamily protein
AT2G16890.1;AT2G16890.2,UDP-Glycosyltransferase superfamily protein
AT5G46020.1,"CONTAINS InterPro DOMAIN/s: Casein kinase substrate, phosphoprotein PP28 (InterPro:IPR019380);Has 30201 Blast hits to 17322 proteins in 780 species: Archae - 12;Bacteria - 1396;Metazoa - 17338;Fungi - 3422;Plants - 5037;Viruses - 0;Other Eukaryotes - 2996 (source: NCBI BLink)."
AT5G22100.1,RNA cyclase family protein
AT1G60660.1,cytochrome B5-like protein
AT4G39620.1;AT4G39620.2,Tetratricopeptide repeat (TPR)-like superfamily protein
AT5G03740.1,histone deacetylase 2C
