GeneID,ProteinGroupID
AT5G55450,AT5G55450.1
AT3G62530,AT3G62530.1
AT5G03350,AT5G03350.1
AT3G57240,AT3G57240.1
AT2G15130,AT2G15130.1
AT2G14610,AT2G14610.1
AT5G36210,AT5G36210.1
AT3G07470,AT3G07470.1
AT2G05380,AT2G05380.1
AT3G57260,AT3G57260.1
AT2G32080,AT2G32080.2
AT5G59670,AT5G59670.1
AT2G25450,AT2G25450.1
AT2G23600,AT2G23600.1
AT2G14440,AT2G14440.1
AT2G43570,AT2G43570.1
AT5G38900,AT5G38900.1
AT1G02930,AT1G02930.1;AT1G02930.2
AT4G31870,AT4G31870.1
AT4G24350,AT4G24350.1
AT1G33960,AT1G33960.1
AT5G07820,AT5G07820.1
AT2G42540,AT2G42540.1;AT2G42540.2
AT1G75040,AT1G75040.1
AT1G77480,AT1G77480.1
AT1G14880,AT1G14880.1
AT3G62460,AT3G62460.1
AT3G03910,AT3G03910.1
AT1G02920,AT1G02920.1
AT4G21650,AT4G21650.1
AT4G04800,AT4G04800.1
AT3G09030,AT3G09030.1
AT2G41410,AT2G41410.1
AT1G53080,AT1G53080.1
AT1G27020,AT1G27020.1
AT5G10760,AT5G10760.1
AT4G25100,AT4G25100.1;AT4G25100.2;AT4G25100.3;AT4G25100.5
AT3G50930,AT3G50930.1
AT3G51330,AT3G51330.1
AT1G15790,AT1G15790.1;AT1G15790.2
AT5G19240,AT5G19240.1
AT2G18660,AT2G18660.1
AT4G12720,AT4G12720.1;AT4G12720.2;AT4G12720.3
AT3G09060,AT3G09060.1
AT2G35820,AT2G35820.1
AT4G02520,AT4G02520.1
AT2G04450,AT2G04450.1
AT1G01560,AT1G01560.1
AT2G43820,AT2G43820.1
AT5G18470,AT5G18470.1
AT2G47130,AT2G47130.1
AT4G03050,AT4G03050.2
AT3G04720,AT3G04720.1
AT4G39230,AT4G39230.1
AT4G23670,AT4G23670.1
AT5G17220,AT5G17220.1
AT3G12500,AT3G12500.1
AT1G34760,AT1G34760.1;AT1G34760.2
AT3G15356,AT3G15356.1
AT5G15960,AT5G15960.1
AT5G52410,AT5G52410.1;AT5G52410.2
AT1G70980,AT1G70980.1
AT2G33830,AT2G33830.1;AT2G33830.2
AT2G05520,AT2G05520.2
AT4G23170,AT4G23170.1
AT1G45145,AT1G45145.1
AT1G43910,AT1G43910.1
AT4G11220,AT4G11220.1
AT3G46530,AT3G46530.1
AT2G46310,AT2G46310.1
AT5G24530,AT5G24530.1
AT1G72930,AT1G72930.1;AT1G72930.2
AT1G07320,AT1G07320.3;AT1G07320.4
AT5G52760,AT5G52760.1
AT5G15970,AT5G15970.1
AT2G46600,AT2G46600.1
AT3G60420,AT3G60420.1
AT3G51430,AT3G51430.1;AT3G51430.2
AT3G48080,AT3G48080.1
AT4G14400,AT4G14400.1
AT3G14210,AT3G14210.1
AT3G26210,AT3G26210.1
AT2G05520,AT2G05520.1
AT4G30270,AT4G30270.1
AT3G47560,AT3G47560.1;AT3G47560.2
AT4G15530,AT4G15530.1;AT4G15530.4;AT4G15530.5;AT4G15530.6
AT3G28320,AT3G28320.1
AT5G05710,AT5G05710.1
AT5G52310,AT5G52310.1
AT2G15530,AT2G15530.1;AT2G15530.2;AT2G15530.3;AT2G15530.4;AT4G34040.1
AT1G72910,AT1G72910.1
AT2G43580,AT2G43580.1
AT3G02180,AT3G02180.1;AT3G02180.2
AT1G56510,AT1G56510.1
AT5G10880,AT5G10880.1
AT1G31550,AT1G31550.1;AT1G31550.2
AT3G60450,AT3G60450.1
AT2G32030,AT2G32030.1
AT1G55265,AT1G55265.1
AT2G23120,AT2G23120.1
AT1G12200,AT1G12200.1
AT3G25760,AT3G25760.1
AT2G33380,AT2G33380.1;AT2G33380.2
AT2G36970,AT2G36970.1
AT5G23020,AT5G23020.1
AT5G63800,AT5G63800.1
AT4G28400,AT4G28400.1
AT5G41740,AT5G41740.1;AT5G41740.2
AT3G28580,AT3G28580.1
AT1G30900,AT1G30900.1
AT4G23570,AT4G23570.1;AT4G23570.2
AT5G45510,AT5G45510.1;AT5G45510.2
AT5G48900,AT5G48900.1
AT2G26560,AT2G26560.1
AT4G04020,AT4G04020.1
AT5G43910,AT5G43910.2
AT1G17860,AT1G17860.1
AT4G23160,AT4G23160.1
AT4G11060,AT4G11060.1
AT3G01520,AT3G01520.1
AT5G59320,AT5G59320.1
AT5G20830,AT5G20830.1;AT5G20830.2
AT3G22060,AT3G22060.1
AT1G69830,AT1G69830.1
AT3G11340,AT3G11340.1
AT1G08450,AT1G08450.1;AT1G08450.3
AT4G25900,AT4G25900.1
AT3G10020,AT3G10020.1;AT3G10020.2
AT3G18990,AT3G18990.1
AT3G01830,AT3G01830.1;AT3G01830.2
AT2G42590,AT2G42590.3
AT3G55170,AT3G55170.1;AT3G55170.2
AT3G26450,AT3G26450.1
AT2G43460,AT2G43460.1;AT3G59540.1
AT5G48540,AT5G48540.1
AT5G14780,AT5G14780.1
AT5G13200,AT5G13200.1
AT1G19860,AT1G19860.1
AT3G62750,AT3G62750.1
AT1G65820,AT1G65820.1;AT1G65820.2;AT1G65820.3
AT5G20230,AT5G20230.1
AT4G02610,AT4G02610.1
AT5G15870,AT5G15870.1
AT4G30690,AT4G30690.1
AT3G25770,AT3G25770.1
AT3G43270,AT3G43270.1
AT1G30540,AT1G30540.1
AT3G44860,AT3G44860.1
AT4G11850,AT4G11850.1
AT1G04990,AT1G04990.1;AT1G04990.2
AT5G64000,AT5G64000.1
AT1G69720,AT1G69720.1
AT1G54010,AT1G54010.1
AT2G31865,AT2G31865.1;AT2G31865.2
AT2G41100,AT2G41100.1;AT2G41100.4
AT3G06050,AT3G06050.1
AT2G01820,AT2G01820.1
AT4G30550,AT4G30550.1
AT5G43400,AT5G43400.1
AT3G61990,AT3G61990.1
AT1G19670,AT1G19670.1
AT1G77510,AT1G77510.1
AT5G55160,AT5G55160.1
AT1G17745,AT1G17745.1;AT1G17745.2
AT4G37560,AT4G37560.1
AT1G04280,AT1G04280.1
AT2G35190,AT2G35190.1
AT4G12390,AT4G12390.1
AT3G50950,AT3G50950.1;AT3G50950.2
AT1G21250,AT1G21250.1
AT3G56240,AT3G56240.1
AT4G32590,AT4G32590.1;AT4G32590.3
AT4G01610,AT4G01610.1;AT4G01610.2
AT2G36680,AT2G36680.1
AT1G79270,AT1G79270.1
AT2G42530,AT2G42530.1
AT3G14220,AT3G14220.1
AT1G04040,AT1G04040.1
AT1G17620,AT1G17620.1
AT5G45490,AT5G45490.1;AT5G45490.2
AT2G03980,AT2G03980.1
AT4G10500,AT4G10500.1
AT4G16800,AT4G16800.1
AT4G01870,AT4G01870.1
AT3G29110,AT3G29110.1
AT1G33600,AT1G33600.1
AT2G27190,AT2G27190.1
AT3G19010,AT3G19010.1
AT3G13790,AT3G13790.1;AT3G13790.2
AT1G07000,AT1G07000.1
AT1G02360,AT1G02360.1
AT1G17690,AT1G17690.1
AT2G03420,AT2G03420.1
AT3G51890,AT3G51890.1
AT4G21580,AT4G21580.1
AT1G20190,AT1G20190.1
AT1G21130,AT1G21130.1;AT1G21130.2
AT4G20830,AT4G20830.1;AT4G20830.2
AT5G22500,AT5G22500.1
AT2G30770,AT2G30770.1
AT2G33530,AT2G33530.1
AT5G55050,AT5G55050.1
AT5G44020,AT5G44020.1
AT1G07170,AT1G07170.1;AT1G07170.2;AT1G07170.3;AT2G30000.1
AT4G22260,AT4G22260.1
AT1G22400,AT1G22400.1
AT5G60950,AT5G60950.1
AT1G78830,AT1G78830.1
AT2G32090,AT2G32090.1
AT2G26190,AT2G26190.1
AT5G27290,AT5G27290.1
AT5G53370,AT5G53370.1
AT2G46100,AT2G46100.1
AT2G15320,AT2G15320.1
AT1G77930,AT1G77930.1;AT1G77930.2
AT1G55210,AT1G55210.1;AT1G55210.2
AT5G28830,AT5G28830.1
AT4G25940,AT4G25940.1
AT1G44910,AT1G44910.1;AT1G44910.2
AT5G03630,AT5G03630.1
AT3G16700,AT3G16700.1
AT4G20840,AT4G20840.1
AT4G08900,AT4G08900.1
AT4G11840,AT4G11840.1
AT4G34150,AT4G34150.1
AT2G24850,AT2G24850.1
AT5G59540,AT5G59540.1
AT4G09160,AT4G09160.1
AT5G04230,AT5G04230.1;AT5G04230.2
AT3G13800,AT3G13800.1;AT3G13800.2
AT1G62600,AT1G62600.1
AT4G04320,AT4G04320.1
AT3G47800,AT3G47800.1
AT4G21980,AT4G21980.1;AT4G21980.2
AT1G76760,AT1G76760.1
AT1G48320,AT1G48320.1
AT2G35780,AT2G35780.1
AT1G74020,AT1G74020.1
AT5G37360,AT5G37360.1
AT1G75780,AT1G75780.1
AT2G30870,AT2G30870.1
AT5G52810,AT5G52810.1
AT4G19170,AT4G19170.1
AT2G17720,AT2G17720.1
AT3G16530,AT3G16530.1
AT2G37970,AT2G37970.1
AT5G14800,AT5G14800.1
AT3G07720,AT3G07720.1
AT5G52120,AT5G52120.1
AT1G64400,AT1G64400.1
AT3G28930,AT3G28930.1
AT3G24420,AT3G24420.1
AT2G38860,AT2G38860.1;AT2G38860.2
AT2G33430,AT2G33430.1
AT3G62310,AT3G62310.1
AT5G25540,AT5G25540.1
AT5G19140,AT5G19140.1;AT5G19140.2
AT2G15890,AT2G15890.1;AT2G15890.2
AT2G37540,AT2G37540.1
AT5G42250,AT5G42250.1
AT2G22950,AT2G22950.1
AT5G61510,AT5G61510.1
AT2G01540,AT2G01540.1
AT3G10300,AT3G10300.1;AT3G10300.2;AT3G10300.3;AT3G10300.4;AT3G10300.5
AT1G16850,AT1G16850.1
AT1G11580,AT1G11580.1
AT3G53880,AT3G53880.1
AT5G14450,AT5G14450.1
AT3G51660,AT3G51660.1
AT2G28270,AT2G28270.1
AT3G17790,AT3G17790.1
AT3G52400,AT3G52400.1
AT4G02980,AT4G02980.1
AT4G39830,AT4G39830.1
AT3G17810,AT3G17810.1
AT5G04170,AT5G04170.1
AT3G47050,AT3G47050.1
AT5G28020,AT5G28020.1;AT5G28020.2;AT5G28020.3;AT5G28020.4;AT5G28020.6
AT1G22690,AT1G22690.1;AT1G22690.2;AT1G22690.3
AT3G14920,AT3G14920.1
AT2G16060,AT2G16060.1
AT2G18080,AT2G18080.1
AT1G73740,AT1G73740.1
AT1G71697,AT1G71697.1
AT3G51730,AT3G51730.1
AT5G37600,AT5G37600.1
AT2G26230,AT2G26230.1
AT3G02770,AT3G02770.1
AT4G08870,AT4G08870.1
AT3G11930,AT3G11930.1;AT3G11930.2;AT3G11930.3;AT3G11930.4
AT2G22500,AT2G22500.1
AT5G63990,AT5G63990.1
AT4G38810,AT4G38810.2
AT1G25570,AT1G25570.1
AT3G23760,AT3G23760.1
AT5G40370,AT5G40370.1
AT3G23570,AT3G23570.1
AT3G60245,AT3G60245.1
AT4G10960,AT4G10960.1
AT2G46580,AT2G46580.1
AT5G43440,AT5G43440.1
AT1G13280,AT1G13280.1
AT1G03400,AT1G03400.1
AT2G07180,AT2G07180.1;AT2G07180.2
AT4G35220,AT4G35220.1
AT3G22231,AT3G22231.1;AT3G22235.1;AT3G22235.2
AT2G02390,AT2G02390.3
AT2G30930,AT2G30930.1
AT2G43210,AT2G43210.1;AT2G43210.2
AT4G17360,AT4G17360.1
AT1G21500,AT1G21500.1
AT5G51970,AT5G51970.1;AT5G51970.2
AT1G09740,AT1G09740.1
AT3G14160,AT3G14160.1
AT5G64670,AT5G64670.1
AT3G21750,AT3G21750.1
AT1G76690,AT1G76690.1
AT5G52190,AT5G52190.1
AT1G48970,AT1G48970.1
AT2G39780,AT2G39780.1;AT2G39780.2
AT3G48090,AT3G48090.1
AT1G21680,AT1G21680.1
AT1G21770,AT1G21770.1
AT2G17120,AT2G17120.1
AT4G11600,AT4G11600.1
AT1G45474,AT1G45474.1;AT1G45474.2
AT1G65520,AT1G65520.1
AT3G11820,AT3G11820.1
AT2G40070,AT2G40070.1;AT2G40070.2
AT1G66240,AT1G66240.1;AT1G66240.2
AT1G59960,AT1G59960.1
AT3G14310,AT3G14310.1
AT1G52590,AT1G52590.1
AT4G02405,AT4G02405.1
AT4G35890,AT4G35890.1
AT1G22360,AT1G22360.1
AT1G49750,AT1G49750.1
AT3G28940,AT3G28940.1
AT3G46670,AT3G46670.1
AT1G77420,AT1G77420.1
AT4G25500,AT4G25500.1;AT4G25500.2;AT4G25500.3;AT4G25500.4;AT5G52040.1;AT5G52040.2;AT5G52040.3;AT5G52040.4
AT4G02330,AT4G02330.1
AT5G44070,AT5G44070.1
AT4G34180,AT4G34180.1
AT5G57100,AT5G57100.1
AT1G02170,AT1G02170.1
AT1G33610,AT1G33610.1
AT5G51570,AT5G51570.1
AT1G14700,AT1G14700.1;AT1G14700.2
AT2G47710,AT2G47710.1
AT1G07070,AT1G07070.1;AT1G74270.1
AT4G26910,AT4G26910.1;AT4G26910.2;AT4G26910.3
AT1G74000,AT1G74000.1
AT3G28200,AT3G28200.1
AT1G70730,AT1G70730.1;AT1G70730.2;AT1G70730.3
AT5G44710,AT5G44710.1
AT3G52840,AT3G52840.1
AT3G54960,AT3G54960.1
AT1G66970,AT1G66970.1
AT5G43280,AT5G43280.1;AT5G43280.2
AT5G43780,AT5G43780.1
AT4G04570,AT4G04570.1;AT4G04570.2
AT3G16990,AT3G16990.1
AT3G49120,AT3G49120.1
AT2G36000,AT2G36000.1;AT2G36000.2
AT1G65900,AT1G65900.1
AT1G27770,AT1G27770.1
AT3G26830,AT3G26830.1
AT5G63910,AT5G63910.1
AT5G11670,AT5G11670.1
AT4G22240,AT4G22240.1
AT1G73805,AT1G73805.1
AT1G70290,AT1G70290.1
ATCG00330,ATCG00330.1
AT1G23740,AT1G23740.1
AT5G20500,AT5G20500.1
AT1G68300,AT1G68300.1
AT5G10630,AT5G10630.1;AT5G10630.2
AT4G01700,AT4G01700.1
AT3G44310,AT3G44310.1;AT3G44310.3
AT3G10640,AT3G10640.1
AT1G14210,AT1G14210.1
AT3G45310,AT3G45310.1;AT3G45310.2
AT2G46070,AT2G46070.1;AT2G46070.2
AT1G30910,AT1G30910.1
AT5G40450,AT5G40450.1
AT3G15260,AT3G15260.1;AT3G15260.2
AT4G19880,AT4G19880.1
AT4G39880,AT4G39880.1
AT1G09290,AT1G09290.1
AT1G51660,AT1G51660.1
AT3G23660,AT3G23660.1
AT4G31500,AT4G31500.1
AT5G06320,AT5G06320.1
AT3G45640,AT3G45640.1
AT3G01290,AT3G01290.1
AT5G58770,AT5G58770.1
AT1G64680,AT1G64680.1
AT5G19550,AT5G19550.1
AT5G15230,AT5G15230.1;AT5G15230.2
AT5G45500,AT5G45500.1;AT5G45500.2
AT3G54210,AT3G54210.1
AT3G23450,AT3G23450.1
AT1G72680,AT1G72680.1
AT2G47400,AT2G47400.1
AT4G13170,AT4G13170.1
AT4G16500,AT4G16500.1
AT3G45970,AT3G45970.1
AT3G53990,AT3G53990.1
AT2G02390,AT2G02390.1;AT2G02390.2
AT3G47070,AT3G47070.1
AT3G60130,AT3G60130.1
AT5G62630,AT5G62630.1
AT4G28740,AT4G28740.1
AT3G43800,AT3G43800.1
AT1G27530,AT1G27530.1
AT3G18500,AT3G18500.1;AT3G18500.2;AT3G18500.3
AT2G43590,AT2G43590.1
AT3G54850,AT3G54850.1
AT3G06300,AT3G06300.1
AT5G51040,AT5G51040.1;AT5G51040.2
AT2G38170,AT2G38170.1;AT2G38170.2;AT2G38170.3
AT1G07080,AT1G07080.1
AT1G70810,AT1G70810.1
AT2G22480,AT2G22480.1
AT3G08940,AT3G08940.2
AT2G41090,AT2G41090.1
AT1G16460,AT1G16460.1;AT1G16460.2;AT1G16460.3;AT1G16460.4
AT5G60360,AT5G60360.1;AT5G60360.2;AT5G60360.3
AT5G02780,AT5G02780.1;AT5G02780.2
AT1G27950,AT1G27950.1
AT4G16990,AT4G16990.2
AT5G23760,AT5G23760.1
AT4G37550,AT4G37550.1;AT4G37550.2;AT4G37550.3
AT2G17840,AT2G17840.1
AT1G67550,AT1G67550.1
AT2G40600,AT2G40600.1
AT1G22020,AT1G22020.1
AT3G19990,AT3G19990.1
AT3G61470,AT3G61470.1
AT1G17290,AT1G17290.1
AT1G61520,AT1G61520.1;AT1G61520.3
AT1G76940,AT1G76940.1
AT1G55450,AT1G55450.1;AT1G55450.2
AT2G01620,AT2G01620.1
AT1G31170,AT1G31170.1;AT1G31170.2;AT1G31170.3;AT1G31170.4
AT2G15570,AT2G15570.1;AT2G15570.2
AT4G23180,AT4G23180.1
AT3G23400,AT3G23400.1
AT1G12780,AT1G12780.1
AT2G45800,AT2G45800.1;AT2G45800.2
AT4G23850,AT4G23850.1
AT4G34090,AT4G34090.1;AT4G34090.3
AT4G16566,AT4G16566.1
AT1G21270,AT1G21270.1
AT1G13990,AT1G13990.1;AT1G13990.2;AT1G13990.3
AT5G58220,AT5G58220.1
AT5G25610,AT5G25610.1
AT5G66200,AT5G66200.1
AT4G26970,AT4G26970.1
AT2G29000,AT2G29000.1
AT4G34135,AT4G34135.1
AT4G15545,AT4G15545.1
AT4G18740,AT4G18740.1;AT4G18740.2;AT4G18740.3
AT4G13010,AT4G13010.1
AT2G29340,AT2G29340.1;AT2G29340.2
AT1G02300,AT1G02300.1
AT4G37800,AT4G37800.1
AT5G02130,AT5G02130.1
AT1G01470,AT1G01470.1
AT4G04330,AT4G04330.1
AT1G74100,AT1G74100.1
AT4G18250,AT4G18250.1
AT3G23280,AT3G23280.1;AT3G23280.2
AT4G05180,AT4G05180.1
AT1G02816,AT1G02816.1
AT1G02475,AT1G02475.1
AT5G47840,AT5G47840.1
AT1G07700,AT1G07700.1;AT1G07700.3
AT5G50100,AT5G50100.1
AT2G42790,AT2G42790.1
AT2G44920,AT2G44920.2
AT1G47480,AT1G47480.1
AT3G46550,AT3G46550.1
AT5G25250,AT5G25250.1
AT1G65930,AT1G65930.1
AT3G01560,AT3G01560.1
AT5G49760,AT5G49760.1
AT1G12520,AT1G12520.3
AT5G51070,AT5G51070.1
AT1G75300,AT1G75300.1
AT4G17830,AT4G17830.1
AT4G31080,AT4G31080.1;AT4G31080.2
AT5G17610,AT5G17610.1
AT1G24020,AT1G24020.1;AT1G24020.2
AT1G70580,AT1G70580.1;AT1G70580.2;AT1G70580.3;AT1G70580.4
AT2G29720,AT2G29720.1
AT1G15120,AT1G15120.1
AT5G64370,AT5G64370.1
AT1G54220,AT1G54220.1;AT1G54220.2
AT1G09070,AT1G09070.1
AT1G80460,AT1G80460.1;AT1G80460.2
AT3G55760,AT3G55760.1;AT3G55760.2;AT3G55760.3
AT4G11790,AT4G11790.1
AT1G75280,AT1G75280.1
AT5G54080,AT5G54080.1;AT5G54080.2
AT1G47128,AT1G47128.1
AT1G28680,AT1G28680.1
AT5G42830,AT5G42830.1
AT2G29360,AT2G29360.1
AT3G61440,AT3G61440.2
AT2G35810,AT2G35810.1
AT5G18170,AT5G18170.1
AT4G24490,AT4G24490.1;AT4G24490.2
AT1G76680,AT1G76680.1;AT1G76680.2
AT1G50940,AT1G50940.1
AT3G22120,AT3G22120.1
AT1G61210,AT1G61210.1;AT1G61210.2
AT1G77090,AT1G77090.1
AT3G23600,AT3G23600.1
AT2G05620,AT2G05620.1
AT3G48990,AT3G48990.1
AT2G38740,AT2G38740.1
AT3G24350,AT3G24350.1;AT3G24350.2
AT5G45650,AT5G45650.1
AT3G52430,AT3G52430.1
AT1G13750,AT1G13750.1
AT4G34480,AT4G34480.1
AT4G39090,AT4G39090.1
AT3G16140,AT3G16140.1
AT1G01350,AT1G01350.1
AT2G13810,AT2G13810.1
AT3G17020,AT3G17020.1
AT5G03290,AT5G03290.1
AT1G17890,AT1G17890.1;AT1G17890.2;AT1G17890.3
AT5G01750,AT5G01750.2
AT2G23140,AT2G23140.1;AT2G23140.2
AT3G13750,AT3G13750.1
AT4G36945,AT4G36945.1
AT1G78280,AT1G78280.1
AT5G59420,AT5G59420.1
AT1G07040,AT1G07040.1
AT1G15060,AT1G15060.1
AT5G16450,AT5G16450.1;AT5G16450.2
AT1G08460,AT1G08460.1
AT5G58005,AT5G58005.1;AT5G58005.2
AT3G56340,AT3G56340.1
AT1G72880,AT1G72880.1;AT1G72880.2
AT2G32810,AT2G32810.1;AT2G32810.2
AT3G16190,AT3G16190.1
AT1G35140,AT1G35140.1
AT3G13940,AT3G13940.1
AT1G35720,AT1G35720.1
AT3G61220,AT3G61220.1;AT3G61220.2
AT3G13784,AT3G13784.1
AT4G38460,AT4G38460.1
AT3G11950,AT3G11950.1;AT3G11950.2
AT2G19470,AT2G19470.1
AT1G33590,AT1G33590.1
ATCG00065,ATCG00065.1;ATCG00905.1;ATCG01230.1
AT1G71170,AT1G71170.1
AT1G56190,AT1G56190.1;AT1G56190.2
AT2G45140,AT2G45140.1
AT2G25080,AT2G25080.1
AT1G45150,AT1G45150.1
AT1G05350,AT1G05350.1
AT4G14910,AT4G14910.1;AT4G14910.2;AT4G14910.3
AT3G15840,AT3G15840.1;AT3G15840.2;AT3G15840.3;AT3G15840.4;AT3G15840.5
AT3G09500,AT3G09500.1
AT2G22420,AT2G22420.1
AT4G14710,AT4G14710.1;AT4G14710.2;AT4G14710.3
AT3G13330,AT3G13330.1
AT1G41830,AT1G41830.1
AT5G20200,AT5G20200.1
AT3G10060,AT3G10060.1
AT3G21220,AT3G21220.1
AT5G50340,AT5G50340.1
AT4G16770,AT4G16770.1
AT5G61210,AT5G61210.1
AT4G22890,AT4G22890.1;AT4G22890.2;AT4G22890.3
AT2G44490,AT2G44490.1
AT1G74210,AT1G74210.1
AT1G28580,AT1G28580.1
AT5G24460,AT5G24460.1
AT5G12890,AT5G12890.1
AT4G28300,AT4G28300.1;AT4G28300.2
AT2G30140,AT2G30140.1;AT2G30140.2
AT1G22860,AT1G22860.1
AT3G51600,AT3G51600.1
AT5G48880,AT5G48880.1;AT5G48880.2;AT5G48880.3
AT2G15050,AT2G15050.1;AT2G15050.3
AT5G27670,AT5G27670.1
AT1G06130,AT1G06130.1;AT1G06130.2
AT2G27730,AT2G27730.1
AT1G03600,AT1G03600.1
AT5G59900,AT5G59900.1
AT2G35960,AT2G35960.1
AT5G07830,AT5G07830.1
AT2G03550,AT2G03550.1
AT2G32930,AT2G32930.1;AT2G32930.2
AT2G27030,AT2G27030.1;AT2G27030.3;AT2G41110.1;AT2G41110.2;AT3G56800.1
AT4G12830,AT4G12830.1
AT5G16880,AT5G16880.1;AT5G16880.2
AT1G59520,AT1G59520.1;AT1G59520.3
AT5G64250,AT5G64250.1;AT5G64250.2
AT4G11290,AT4G11290.1
AT3G05760,AT3G05760.1
AT3G03150,AT3G03150.1
AT5G12200,AT5G12200.1
AT1G78290,AT1G78290.2;AT1G78290.3
AT1G36310,AT1G36310.1;AT1G36310.2
AT3G61200,AT3G61200.1
AT5G08300,AT5G08300.1
AT3G63080,AT3G63080.1
AT1G71920,AT1G71920.2;AT5G10330.1;AT5G10330.2
AT3G14990,AT3G14990.1;AT3G14990.2;AT3G14990.3
AT5G02450,AT5G02450.1
AT4G11330,AT4G11330.1
AT2G39960,AT2G39960.1
AT1G67800,AT1G67800.1;AT1G67800.2;AT1G67800.3;AT1G67800.4
AT1G59710,AT1G59710.1
AT4G26965,AT4G26965.1
AT1G79340,AT1G79340.1
AT2G33150,AT2G33150.1
AT3G12012,AT3G12012.1
AT4G00165,AT4G00165.1;AT4G00165.2
AT3G15360,AT3G15360.1
AT1G09430,AT1G09430.1
AT1G07750,AT1G07750.1
AT5G45550,AT5G45550.1
AT5G11030,AT5G11030.1;AT5G11030.2;AT5G11030.3
AT3G06580,AT3G06580.1
AT5G08370,AT5G08370.1;AT5G08370.2
AT5G08410,AT5G08410.1
AT4G09020,AT4G09020.1
AT4G15450,AT4G15450.1
AT2G15480,AT2G15480.1;AT2G15480.2;AT2G15490.1;AT2G15490.2;AT2G15490.3
AT3G28290,AT3G28290.1;AT3G28300.1
AT4G26870,AT4G26870.1
AT2G37590,AT2G37590.1
AT5G67490,AT5G67490.1
AT3G10720,AT3G10720.2
AT4G00550,AT4G00550.1
AT4G20260,AT4G20260.1;AT4G20260.2;AT4G20260.3;AT4G20260.4
AT4G10100,AT4G10100.1;AT4G10100.2;AT4G10100.3
AT1G10865,AT1G10865.1;AT1G10865.2
AT5G40580,AT5G40580.1;AT5G40580.2
AT5G17550,AT5G17550.1
AT1G26640,AT1G26640.1
AT1G65960,AT1G65960.2
AT1G03030,AT1G03030.1
AT3G59770,AT3G59770.1
AT3G56650,AT3G56650.1
AT5G48790,AT5G48790.1
AT1G19570,AT1G19570.1
AT2G22990,AT2G22990.1;AT2G22990.2;AT2G22990.3;AT2G22990.4;AT2G22990.5;AT2G22990.6
AT4G13520,AT4G13520.1
AT1G52780,AT1G52780.1
AT4G12910,AT4G12910.1
AT3G23490,AT3G23490.1
AT1G21670,AT1G21670.1
AT1G51650,AT1G51650.1
AT1G54790,AT1G54790.1;AT1G54790.2;AT1G54790.3
AT5G61580,AT5G61580.1;AT5G61580.2
AT5G56350,AT5G56350.1
AT5G59290,AT5G59290.1;AT5G59290.2
AT2G38470,AT2G38470.1
AT3G04080,AT3G04080.1
AT3G03560,AT3G03560.1
AT5G49810,AT5G49810.1
AT1G04640,AT1G04640.1;AT1G04640.2
AT3G62820,AT3G62820.1
AT1G22840,AT1G22840.1
AT3G28480,AT3G28480.1
AT2G26800,AT2G26800.1;AT2G26800.2
AT1G02880,AT1G02880.2;AT1G02880.3
AT5G55860,AT5G55860.1
AT3G09100,AT3G09100.1;AT3G09100.2
AT5G05580,AT5G05580.1
ATCG00810,ATCG00810.1
AT1G67330,AT1G67330.1
AT4G04830,AT4G04830.1
AT1G23310,AT1G23310.1
AT2G47800,AT2G47800.1
AT4G33050,AT4G33050.2;AT4G33050.3
AT1G62480,AT1G62480.1
AT3G04920,AT3G04920.1
AT5G15920,AT5G15920.1
AT1G50320,AT1G50320.1
AT2G38720,AT2G38720.1
AT4G16660,AT4G16660.1
AT1G53830,AT1G53830.1
AT1G30825,AT1G30825.1
AT5G17380,AT5G17380.1
AT5G59750,AT5G59750.1;AT5G59750.2
AT3G01340,AT3G01340.1;AT3G01340.2
AT3G29760,AT3G29760.1
AT2G38010,AT2G38010.1;AT2G38010.2
AT4G36195,AT4G36195.1;AT4G36195.2;AT4G36195.3
AT3G27300,AT3G27300.1;AT3G27300.2;AT3G27300.3
AT5G02240,AT5G02240.1
AT1G28110,AT1G28110.1;AT1G28110.2
AT3G09810,AT3G09810.1
AT2G46720,AT2G46720.1;AT3G10280.1
AT4G39100,AT4G39100.1;AT4G39100.2
AT2G47730,AT2G47730.1
AT1G78380,AT1G78380.1
AT4G33460,AT4G33460.1
AT3G61440,AT3G61440.1
AT1G13780,AT1G13780.1
AT3G54890,AT3G54890.1;AT3G54890.4
AT3G04480,AT3G04480.1
AT1G71920,AT1G71920.3;AT5G10330.3
AT5G48870,AT5G48870.1
AT2G34220,AT2G34220.1
AT1G04410,AT1G04410.1
AT5G61820,AT5G61820.1
AT5G64430,AT5G64430.1
AT3G58600,AT3G58600.1
AT3G46000,AT3G46000.1
AT1G27310,AT1G27310.1
AT3G25780,AT3G25780.1
AT1G34750,AT1G34750.1
AT2G23420,AT2G23420.1
AT3G17640,AT3G17640.1
AT5G12940,AT5G12940.1
AT1G11530,AT1G11530.1
AT4G33220,AT4G33220.1
AT1G72330,AT1G72330.1;AT1G72330.3
AT3G01640,AT3G01640.1
AT5G22460,AT5G22460.1;AT5G22460.2
AT1G06650,AT1G06650.2
AT5G60960,AT5G60960.1
AT4G29590,AT4G29590.1
AT4G33500,AT4G33500.1
AT5G06860,AT5G06860.1
AT4G02410,AT4G02410.1
AT1G79440,AT1G79440.1
AT3G22230,AT3G22230.1
AT1G47420,AT1G47420.1
AT1G79380,AT1G79380.1
AT4G36210,AT4G36210.3
AT5G48580,AT5G48580.1
AT3G27110,AT3G27110.1;AT3G27110.2
AT5G61450,AT5G61450.1
AT4G35260,AT4G35260.1
AT1G56560,AT1G56560.1
AT3G63520,AT3G63520.1
AT4G01370,AT4G01370.1
AT1G04480,AT1G04480.1;AT2G33370.1;AT3G04400.1;AT3G04400.2
AT1G31910,AT1G31910.1
AT1G09420,AT1G09420.1;AT1G09420.2
AT1G04710,AT1G04710.1
AT5G16840,AT5G16840.1;AT5G16840.3
AT2G23670,AT2G23670.1
AT4G36190,AT4G36190.1
AT4G34890,AT4G34890.1
AT3G49725,AT3G49725.1
AT3G52200,AT3G52200.2
AT1G08050,AT1G08050.1
AT4G12880,AT4G12880.1;AT4G12880.2
AT4G37520,AT4G37520.1;AT4G37520.2
AT2G20630,AT2G20630.1
AT4G10340,AT4G10340.1
AT1G60710,AT1G60710.1
AT1G75380,AT1G75380.1;AT1G75380.2;AT1G75380.3
AT3G16220,AT3G16220.1
AT2G31880,AT2G31880.1
AT5G39950,AT5G39950.1
AT2G20010,AT2G20010.1;AT2G20010.2
AT2G27920,AT2G27920.1;AT2G27920.2
AT4G23710,AT4G23710.1
AT1G20110,AT1G20110.1
AT3G44190,AT3G44190.1
AT1G12840,AT1G12840.1
AT3G21630,AT3G21630.1
AT1G08550,AT1G08550.1;AT1G08550.2
AT5G47890,AT5G47890.1
AT2G35050,AT2G35050.1
AT5G56150,AT5G56150.1;AT5G56150.2
AT1G12550,AT1G12550.1
AT5G08570,AT5G08570.1
AT5G14740,AT5G14740.2
AT1G26380,AT1G26380.1
AT1G76730,AT1G76730.1
AT1G60730,AT1G60730.1
AT3G13200,AT3G13200.1
AT2G38540,AT2G38540.1
AT3G02520,AT3G02520.1
AT5G17000,AT5G17000.1
AT2G46560,AT2G46560.1
AT1G43700,AT1G43700.1
AT5G11700,AT5G11700.1;AT5G11700.2
AT5G10730,AT5G10730.1
AT3G16565,AT3G16565.1;AT3G16565.2
AT1G66200,AT1G66200.1
AT2G37240,AT2G37240.1
AT3G18490,AT3G18490.1
AT1G78510,AT1G78510.1;AT1G78510.2
AT2G31390,AT2G31390.1
AT4G09650,AT4G09650.1
AT4G39420,AT4G39420.2
AT1G23190,AT1G23190.1
AT5G09760,AT5G09760.1
AT3G08840,AT3G08840.2;AT3G08840.3
AT5G38990,AT5G38990.1
AT5G54960,AT5G54960.1
AT4G16190,AT4G16190.1
AT4G29810,AT4G29810.1
AT4G25280,AT4G25280.1
AT1G48030,AT1G48030.1;AT1G48030.2
AT4G22485,AT4G22485.1
AT1G22340,AT1G22340.1
AT4G12290,AT4G12290.1
AT3G18060,AT3G18060.1
AT2G39850,AT2G39850.1
AT2G39050,AT2G39050.1
AT5G66190,AT5G66190.1
AT4G10970,AT4G10970.1;AT4G10970.2;AT4G10970.3;AT4G10970.4
AT3G29320,AT3G29320.1
AT3G50820,AT3G50820.1
AT2G36580,AT2G36580.1
AT2G42500,AT2G42500.1
AT2G35900,AT2G35900.1
AT4G21960,AT4G21960.1
AT5G03490,AT5G03490.1
AT1G76460,AT1G76460.1
AT5G24520,AT5G24520.1;AT5G24520.2;AT5G24520.3
AT1G18270,AT1G18270.1;AT1G18270.2;AT1G18270.3
AT5G55990,AT5G55990.1
AT1G69840,AT1G69840.1;AT1G69840.2;AT1G69840.3;AT1G69840.4;AT1G69840.5;AT1G69840.6;AT1G69840.7
AT3G17410,AT3G17410.1
AT3G55270,AT3G55270.1
AT3G44100,AT3G44100.1
AT4G17260,AT4G17260.1
AT3G61450,AT3G61450.1;AT3G61450.2
AT2G19730,AT2G19730.1;AT2G19730.2;AT2G19730.3
AT5G11680,AT5G11680.1
AT5G57350,AT5G57350.1;AT5G57350.2
AT4G23730,AT4G23730.1
AT2G38790,AT2G38790.1
AT4G15500,AT4G15500.1
AT3G57090,AT3G57090.1
AT2G01650,AT2G01650.1
AT1G34000,AT1G34000.1
AT1G07240,AT1G07240.1
AT3G12290,AT3G12290.1
AT2G32520,AT2G32520.1
AT3G48690,AT3G48690.1
AT5G42020,AT5G42020.1
AT1G16445,AT1G16445.1
AT2G39800,AT2G39800.2
AT1G21440,AT1G21440.1
AT4G29350,AT4G29350.1
AT1G03680,AT1G03680.1
AT3G02730,AT3G02730.1
AT5G64480,AT5G64480.1
AT3G57330,AT3G57330.1
AT3G48720,AT3G48720.1
AT3G08030,AT3G08030.1
AT3G03890,AT3G03890.1;AT3G03890.2
AT1G29670,AT1G29670.1
AT1G64710,AT1G64710.1;AT1G64710.2
AT3G53180,AT3G53180.1
AT1G47710,AT1G47710.1
AT2G14260,AT2G14260.2
AT4G21105,AT4G21105.1;AT4G21105.2
AT3G22190,AT3G22190.1;AT3G22190.2
AT3G04560,AT3G04560.1
AT5G49570,AT5G49570.1
AT1G77490,AT1G77490.1
AT5G57580,AT5G57580.1
AT2G42975,AT2G42975.1
AT5G45680,AT5G45680.1
AT2G04280,AT2G04280.1
AT2G45600,AT2G45600.1
AT1G64040,AT1G64040.1
AT5G23060,AT5G23060.1
AT3G58750,AT3G58750.1
AT1G43670,AT1G43670.1
AT5G05890,AT5G05890.1
AT4G29530,AT4G29530.1
AT3G47060,AT3G47060.1
AT5G48910,AT5G48910.1
AT3G07690,AT3G07690.1
AT3G50270,AT3G50270.1
AT3G10860,AT3G10860.1;AT5G05370.1
AT2G37600,AT2G37600.1;AT2G37600.2
AT1G12050,AT1G12050.1
AT5G12040,AT5G12040.1
AT5G66040,AT5G66040.1
AT1G03430,AT1G03430.1
AT3G20500,AT3G20500.1
AT2G28430,AT2G28430.1
AT1G20340,AT1G20340.1
AT4G13615,AT4G13615.1
AT4G11260,AT4G11260.1
AT4G23650,AT4G23650.1
AT2G26740,AT2G26740.1
AT1G29660,AT1G29660.1
AT5G39590,AT5G39590.1
AT5G01530,AT5G01530.1
AT5G58200,AT5G58200.1;AT5G58200.2
AT3G07480,AT3G07480.1
AT3G48170,AT3G48170.1
AT1G30000,AT1G30000.1
AT4G30480,AT4G30480.2
AT4G14100,AT4G14100.1
AT1G09200,AT1G09200.1;AT1G13370.1;AT3G27360.1;AT5G10390.1;AT5G10400.1;AT5G65350.1;AT5G65360.1
AT1G28120,AT1G28120.1
AT3G44326,AT3G44326.1
AT1G09310,AT1G09310.1
AT5G46390,AT5G46390.2
AT5G49650,AT5G49650.1
AT1G26420,AT1G26420.1
AT4G05020,AT4G05020.1;AT4G05020.2
AT4G32770,AT4G32770.1
AT5G07020,AT5G07020.1
AT1G32220,AT1G32220.1
AT3G55410,AT3G55410.1
AT3G26020,AT3G26020.1;AT3G26020.2;AT3G26020.3;AT3G26020.4
AT1G64740,AT1G64740.1
AT1G20020,AT1G20020.1
AT4G30825,AT4G30825.1
AT4G24190,AT4G24190.1;AT4G24190.2
AT1G11910,AT1G11910.1
AT1G27100,AT1G27100.1
AT1G51760,AT1G51760.1
AT1G71040,AT1G71040.1
AT3G26060,AT3G26060.1;AT3G26060.2
AT4G21160,AT4G21160.1;AT4G21160.2;AT4G21160.3;AT4G21160.4
AT2G40765,AT2G40765.1
AT2G32080,AT2G32080.1
AT2G30270,AT2G30270.1
AT2G20420,AT2G20420.1
AT2G16600,AT2G16600.1
AT5G01140,AT5G01140.1
AT4G35760,AT4G35760.1
AT1G67090,AT1G67090.1
AT3G01590,AT3G01590.1;AT3G01590.2
AT1G06680,AT1G06680.1
AT4G04190,AT4G04190.1;AT4G04190.2
AT1G30300,AT1G30300.1
AT1G07110,AT1G07110.1
AT4G15930,AT4G15930.1
AT1G26090,AT1G26090.1
AT4G28750,AT4G28750.1
AT1G22630,AT1G22630.1
AT4G38550,AT4G38550.1
AT4G34840,AT4G34840.1
AT3G17900,AT3G17900.1
AT1G60690,AT1G60690.1
AT5G59440,AT5G59440.1;AT5G59440.2;AT5G59440.3
AT1G31660,AT1G31660.1
AT4G04040,AT4G04040.1
AT5G14680,AT5G14680.1
AT4G15802,AT4G15802.1
AT5G19050,AT5G19050.1
AT3G47860,AT3G47860.1
AT4G21090,AT4G21090.1;AT4G21090.2;AT4G21090.3
AT3G12780,AT3G12780.1
AT1G17160,AT1G17160.1;AT1G17160.2
AT1G77750,AT1G77750.1
AT3G17130,AT3G17130.1
AT1G29260,AT1G29260.1
AT5G02790,AT5G02790.1
AT4G31860,AT4G31860.1
AT3G10620,AT3G10620.1
AT5G18100,AT5G18100.1;AT5G18100.2
AT4G29220,AT4G29220.1
AT1G15370,AT1G15370.1
AT4G16860,AT4G16860.1
AT1G53240,AT1G53240.1
AT1G54780,AT1G54780.1
AT1G05500,AT1G05500.1
AT1G20260,AT1G20260.1;AT1G76030.1
AT4G34260,AT4G34260.1
AT5G47435,AT5G47435.1;AT5G47435.2
AT2G19680,AT2G19680.1;AT2G19680.2
AT1G66150,AT1G66150.1
AT2G21130,AT2G21130.1
AT4G03020,AT4G03020.1;AT4G03020.2
AT5G16550,AT5G16550.1
AT1G65540,AT1G65540.1
AT5G05480,AT5G05480.1
AT1G27480,AT1G27480.1
AT3G23310,AT3G23310.1
AT1G29690,AT1G29690.1
AT1G35580,AT1G35580.1;AT1G35580.2
AT5G48760,AT5G48760.1;AT5G48760.2
AT1G10760,AT1G10760.1
AT4G10120,AT4G10120.1;AT4G10120.2
AT1G07790,AT1G07790.1
AT1G21380,AT1G21380.1
AT5G39730,AT5G39730.1
AT1G48610,AT1G48610.1;AT1G48610.2
AT4G05160,AT4G05160.1
AT5G56660,AT5G56660.1
AT3G20970,AT3G20970.1
AT5G16870,AT5G16870.1
AT4G27040,AT4G27040.1;AT4G27040.2;AT4G27040.3;AT4G27040.4
AT4G24930,AT4G24930.1
AT5G16710,AT5G16710.1
AT3G14205,AT3G14205.1
ATCG00120,ATCG00120.1
AT5G02560,AT5G02560.1;AT5G02560.2
AT2G01350,AT2G01350.1;AT2G01350.3
AT4G17720,AT4G17720.1
AT2G32240,AT2G32240.1
AT3G46780,AT3G46780.1
AT4G27320,AT4G27320.1
AT2G25350,AT2G25350.1
AT4G24220,AT4G24220.1;AT4G24220.2
AT1G64440,AT1G64440.1
AT5G45280,AT5G45280.2
AT5G43830,AT5G43830.1
AT2G39420,AT2G39420.1
AT3G26080,AT3G26080.1
AT1G01800,AT1G01800.1
AT5G03430,AT5G03430.1
AT3G51920,AT3G51920.1
AT2G24390,AT2G24390.1;AT2G24390.3
AT2G30710,AT2G30710.1
AT3G07195,AT3G07195.1
AT3G27380,AT3G27380.1;AT3G27380.2
AT5G61640,AT5G61640.1
AT5G16400,AT5G16400.1
AT3G59010,AT3G59010.1
AT1G71695,AT1G71695.1
AT4G30310,AT4G30310.2
AT1G69800,AT1G69800.1;AT1G69800.2
AT1G55120,AT1G55120.1;AT1G55120.2;AT1G55120.3
AT1G31440,AT1G31440.1
AT4G10040,AT4G10040.1
AT4G00570,AT4G00570.1
AT4G15940,AT4G15940.1
AT5G66570,AT5G66570.1
AT4G28730,AT4G28730.1
AT4G35450,AT4G35450.1;AT4G35450.2;AT4G35450.3;AT4G35450.5
AT4G13350,AT4G13350.1;AT4G13350.2
AT5G23250,AT5G23250.1
AT4G03280,AT4G03280.1;AT4G03280.2
AT3G47810,AT3G47810.1;AT3G47810.2;AT3G47810.3
AT5G14740,AT5G14740.4
AT3G45180,AT3G45180.1;AT5G42300.1
AT3G55610,AT3G55610.1
AT1G73980,AT1G73980.1
AT1G16420,AT1G16420.1
AT4G21450,AT4G21450.1
AT1G57610,AT1G57610.1;AT1G57610.2;AT1G57610.3
AT4G02620,AT4G02620.1
AT4G37200,AT4G37200.1
AT4G36800,AT4G36800.1;AT4G36800.2
AT4G14070,AT4G14070.1
AT2G24200,AT2G24200.1;AT2G24200.2
AT5G02960,AT5G02960.1
AT1G74640,AT1G74640.1
AT1G05720,AT1G05720.1
AT3G02350,AT3G02350.1
AT5G49215,AT5G49215.1;AT5G49215.2
AT1G77710,AT1G77710.1
AT4G15490,AT4G15490.1
AT1G14840,AT1G14840.1
AT5G18900,AT5G18900.1
AT3G49601,AT3G49601.1
AT5G41870,AT5G41870.1
AT3G63160,AT3G63160.1
AT1G03100,AT1G03100.1
AT1G03870,AT1G03870.1
AT2G38020,AT2G38020.1;AT2G38020.2
AT3G55470,AT3G55470.1;AT3G55470.2
AT5G08380,AT5G08380.1
AT5G07440,AT5G07440.1;AT5G07440.2
AT5G59870,AT5G59870.1
AT1G48090,AT1G48090.1
AT5G41480,AT5G41480.1
AT3G59760,AT3G59760.1;AT3G59760.3
AT5G15650,AT5G15650.1
AT1G48160,AT1G48160.1
AT1G24180,AT1G24180.1
AT1G30320,AT1G30320.1
AT5G53330,AT5G53330.1
AT5G40760,AT5G40760.1
AT3G47470,AT3G47470.1
ATCG00790,ATCG00790.1
AT1G62820,AT1G62820.1
AT1G60200,AT1G60200.1
AT2G45620,AT2G45620.1
AT3G58010,AT3G58010.1
AT2G42400,AT2G42400.1
AT5G61220,AT5G61220.1
AT1G79040,AT1G79040.1
AT1G15410,AT1G15410.1
AT4G01900,AT4G01900.1
AT2G44350,AT2G44350.1;AT2G44350.2
AT3G26180,AT3G26180.1;AT3G26180.2
AT1G52680,AT1G52680.1
AT1G31812,AT1G31812.1
AT1G01140,AT1G01140.1;AT1G01140.2;AT1G01140.3
AT3G19480,AT3G19480.1
AT3G60340,AT3G60340.1;AT3G60340.2
AT3G25740,AT3G25740.1
AT2G26750,AT2G26750.1
AT1G20510,AT1G20510.1
AT1G71310,AT1G71310.1;AT1G71310.2
AT5G11330,AT5G11330.1
AT5G46160,AT5G46160.1;AT5G46160.2
AT5G06410,AT5G06410.1
AT1G21640,AT1G21640.1
AT3G51000,AT3G51000.1
AT2G18230,AT2G18230.1
AT1G18840,AT1G18840.1;AT1G18840.2
AT2G13360,AT2G13360.1;AT2G13360.2
AT3G43540,AT3G43540.1;AT3G43540.2
AT3G25520,AT3G25520.2
AT1G80950,AT1G80950.1
AT4G02120,AT4G02120.1
AT3G04490,AT3G04490.1
AT1G07960,AT1G07960.1;AT1G07960.2;AT1G07960.3
AT4G33540,AT4G33540.1
AT1G17100,AT1G17100.1
AT1G04290,AT1G04290.1
AT3G58730,AT3G58730.1
AT3G52880,AT3G52880.1;AT3G52880.2
AT5G13480,AT5G13480.1;AT5G13480.2
AT2G34400,AT2G34400.1
AT3G46970,AT3G46970.1
AT5G57330,AT5G57330.1
AT3G54200,AT3G54200.1
AT5G42790,AT5G42790.1
AT4G37000,AT4G37000.1
AT1G26550,AT1G26550.1
AT2G41430,AT2G41430.1;AT2G41430.2;AT2G41430.4;AT2G41430.5
AT2G05710,AT2G05710.1
AT4G21280,AT4G21280.1
AT5G20060,AT5G20060.1;AT5G20060.2;AT5G20060.3
AT3G48420,AT3G48420.1
AT5G43010,AT5G43010.1
AT2G21530,AT2G21530.1
AT2G44210,AT2G44210.1;AT2G44210.2
AT3G29360,AT3G29360.1;AT3G29360.2
AT3G04880,AT3G04880.1
AT1G33230,AT1G33230.1
AT4G36440,AT4G36440.1
AT2G20260,AT2G20260.1
AT5G23740,AT5G23740.1
AT3G60860,AT3G60860.1
AT5G24165,AT5G24165.1
AT4G29010,AT4G29010.1
AT1G13900,AT1G13900.1
AT3G10580,AT3G10580.1;AT3G10580.2
AT2G16710,AT2G16710.1;AT2G16710.2;AT2G16710.3
AT4G02370,AT4G02370.1
AT1G79720,AT1G79720.1
AT5G47500,AT5G47500.1
AT1G21750,AT1G21750.1
AT5G12120,AT5G12120.1
AT5G56630,AT5G56630.1
AT1G74230,AT1G74230.1
AT3G13070,AT3G13070.1
AT3G26720,AT3G26720.1
AT4G34030,AT4G34030.1
AT3G22200,AT3G22200.1;AT3G22200.2
AT1G48950,AT1G48950.1
AT5G10560,AT5G10560.1
AT4G29490,AT4G29490.1
AT5G51830,AT5G51830.1
AT3G56290,AT3G56290.1
AT3G23390,AT3G23390.1;AT4G14320.1
AT5G52210,AT5G52210.1;AT5G52210.2
AT5G02710,AT5G02710.1
AT3G01850,AT3G01850.1;AT3G01850.2
AT2G46820,AT2G46820.1;AT2G46820.2
AT5G19860,AT5G19860.1
AT3G17940,AT3G17940.1
AT2G35110,AT2G35110.1;AT2G35110.2
AT1G08420,AT1G08420.1;AT1G08420.2
AT5G63810,AT5G63810.1
AT4G20110,AT4G20110.1;AT4G20110.2
AT2G45540,AT2G45540.1
AT2G29605,AT2G29605.1
AT2G03390,AT2G03390.1
AT3G17770,AT3G17770.1
AT3G07390,AT3G07390.1
AT1G08880,AT1G08880.1;AT1G54690.1
AT4G33080,AT4G33080.1;AT4G33080.2
AT2G43560,AT2G43560.1
AT1G71100,AT1G71100.1
AT4G26270,AT4G26270.1
AT4G13840,AT4G13840.1
AT4G16760,AT4G16760.1
AT3G13225,AT3G13225.2
AT5G14590,AT5G14590.1
AT3G52180,AT3G52180.1
AT5G62350,AT5G62350.1
AT3G13224,AT3G13224.2
AT2G26210,AT2G26210.1;AT2G26210.2;AT2G26210.3
AT2G19760,AT2G19760.1
AT5G16470,AT5G16470.1
AT2G33600,AT2G33600.1
AT1G68830,AT1G68830.1
AT2G42490,AT2G42490.1
AT2G35690,AT2G35690.1
AT1G49780,AT1G49780.1;AT3G19380.1
AT4G30810,AT4G30810.1
AT4G17100,AT4G17100.1
AT5G56260,AT5G56260.1
AT1G21080,AT1G21080.1
AT4G28220,AT4G28220.1
AT2G36410,AT2G36410.2;AT2G36410.3
AT2G42700,AT2G42700.1;AT2G42700.2
AT2G24180,AT2G24180.1
AT3G46460,AT3G46460.1
AT1G08830,AT1G08830.1;AT1G08830.2
AT3G58170,AT3G58170.1
AT3G16460,AT3G16460.1;AT3G16460.2
AT1G54340,AT1G54340.1
AT3G24503,AT3G24503.1
AT5G58430,AT5G58430.1
AT2G22910,AT2G22910.1
AT2G35450,AT2G35450.1
AT5G54110,AT5G54110.1
AT5G09660,AT5G09660.1;AT5G09660.2
AT2G34630,AT2G34630.1;AT2G34630.2
AT1G78900,AT1G78900.1;AT1G78900.2
AT4G18810,AT4G18810.1;AT4G18810.2
AT1G20160,AT1G20160.1;AT1G20160.2
AT3G48890,AT3G48890.1
AT5G53310,AT5G53310.1
AT2G35840,AT2G35840.1;AT2G35840.2;AT2G35840.3
AT3G15160,AT3G15160.1
AT1G54090,AT1G54090.1
AT3G59780,AT3G59780.1
AT2G40880,AT2G40880.1
AT5G64180,AT5G64180.1
ATCG01120,ATCG01120.1
AT1G05805,AT1G05805.1
AT5G54500,AT5G54500.1
AT3G07460,AT3G07460.1;AT3G07460.2
AT4G26160,AT4G26160.1
AT3G17240,AT3G17240.1;AT3G17240.3
AT5G55640,AT5G55640.1
AT1G53310,AT1G53310.1;AT1G53310.2;AT1G53310.3
AT3G26070,AT3G26070.1
AT5G50810,AT5G50810.1
AT2G38490,AT2G38490.1
AT5G15910,AT5G15910.1
AT3G47200,AT3G47200.1;AT3G47200.2
AT1G12360,AT1G12360.1
AT1G63460,AT1G63460.1
AT1G22870,AT1G22870.1
AT2G38140,AT2G38140.1
AT4G17090,AT4G17090.1
AT5G49530,AT5G49530.1
AT4G01130,AT4G01130.1
AT5G05600,AT5G05600.1
AT2G35020,AT2G35020.1
AT2G26570,AT2G26570.1
AT1G35670,AT1G35670.1
AT4G11150,AT4G11150.1
AT4G37930,AT4G37930.1
AT1G75980,AT1G75980.1
AT1G76790,AT1G76790.1
AT5G40950,AT5G40950.1
AT2G21580,AT2G21580.1;AT2G21580.2
AT3G47610,AT3G47610.1
AT2G17695,AT2G17695.1;AT2G17695.2;AT2G17695.3
AT3G20920,AT3G20920.1;AT3G20920.2
AT5G03610,AT5G03610.1
AT2G35800,AT2G35800.1
AT2G33180,AT2G33180.1
AT1G63940,AT1G63940.1;AT1G63940.2;AT1G63940.4
AT5G67510,AT5G67510.1
AT1G24340,AT1G24340.1
AT5G11420,AT5G11420.1
AT5G04560,AT5G04560.1;AT5G04560.2
AT1G73250,AT1G73250.1
AT1G16730,AT1G16730.1
AT5G43900,AT5G43900.1;AT5G43900.2;AT5G43900.3
AT1G15270,AT1G15270.1
AT5G58390,AT5G58390.1
AT5G28540,AT5G28540.1
AT3G06540,AT3G06540.1
AT3G19870,AT3G19870.1
AT4G26850,AT4G26850.1
AT5G23210,AT5G23210.1
AT1G76450,AT1G76450.1
AT2G01490,AT2G01490.1
AT3G02360,AT3G02360.1;AT3G02360.2
AT1G07250,AT1G07250.1
AT2G40100,AT2G40100.1
AT1G53280,AT1G53280.1
AT1G54310,AT1G54310.1;AT1G54310.2
AT3G17205,AT3G17205.1;AT3G17205.2;AT3G17205.3
AT2G32500,AT2G32500.1
AT1G47250,AT1G47250.1
AT5G38520,AT5G38520.1;AT5G38520.2
AT5G65750,AT5G65750.1
AT5G23120,AT5G23120.1
AT1G14000,AT1G14000.1
AT3G55440,AT3G55440.1
AT4G14230,AT4G14230.1
AT3G28270,AT3G28270.1;AT3G28270.2
AT1G59900,AT1G59900.1
AT3G52730,AT3G52730.1
AT4G35830,AT4G35830.1
AT2G45990,AT2G45990.1;AT2G45990.2
AT5G04920,AT5G04920.1
AT2G19860,AT2G19860.1;AT2G19860.2
AT3G10520,AT3G10520.1
AT5G20280,AT5G20280.1
AT2G19570,AT2G19570.1
AT1G20560,AT1G20560.1
AT5G50850,AT5G50850.1
AT2G42850,AT2G42850.1
AT1G60550,AT1G60550.1
AT3G15970,AT3G15970.1
AT4G15510,AT4G15510.1;AT4G15510.3
AT2G03680,AT2G03680.1;AT2G03680.2
AT3G22310,AT3G22310.1
AT2G17790,AT2G17790.1
AT3G10250,AT3G10250.1;AT3G10250.2;AT5G04090.2
AT4G39330,AT4G39330.1
AT2G36810,AT2G36810.1
AT1G72030,AT1G72030.1
AT1G66880,AT1G66880.1
AT3G23980,AT3G23980.1
AT1G19130,AT1G19130.1
AT5G62180,AT5G62180.1
AT2G06530,AT2G06530.1
AT1G48210,AT1G48210.1;AT1G48210.2
AT3G51160,AT3G51160.1
AT5G07220,AT5G07220.1
AT5G09770,AT5G09770.1
AT3G27700,AT3G27700.1;AT3G27700.2
AT1G08820,AT1G08820.1;AT1G08820.2
AT1G53460,AT1G53460.1
AT2G43060,AT2G43060.1
AT4G00230,AT4G00230.1
AT2G39390,AT2G39390.1
AT2G31800,AT2G31800.1
AT2G43750,AT2G43750.1;AT2G43750.2
AT5G51720,AT5G51720.1
AT3G10350,AT3G10350.1
AT3G12610,AT3G12610.1
AT3G19620,AT3G19620.1
AT5G20990,AT5G20990.1
AT1G78060,AT1G78060.1
ATCG00470,ATCG00470.1
AT5G42150,AT5G42150.1
AT4G28060,AT4G28060.1;AT5G57815.1
AT3G46510,AT3G46510.1
AT3G04230,AT3G04230.1
AT5G36700,AT5G36700.1;AT5G36700.2;AT5G36700.4;AT5G36790.1;AT5G36790.2;AT5G36790.3
AT1G78680,AT1G78680.1;AT1G78680.2
AT3G10090,AT3G10090.1;AT5G03850.1
ATCG00480,ATCG00480.1
AT5G08060,AT5G08060.1
AT2G21620,AT2G21620.1;AT2G21620.2
AT3G05970,AT3G05970.1
AT2G37710,AT2G37710.1
AT2G29450,AT2G29450.1
AT5G48180,AT5G48180.1
AT3G52090,AT3G52090.1;AT3G52090.2
AT2G42750,AT2G42750.1
AT5G04830,AT5G04830.1;AT5G04830.2
AT2G04039,AT2G04039.1;AT2G04039.2
AT2G43945,AT2G43945.1
AT5G07360,AT5G07360.1;AT5G07360.2
AT5G10860,AT5G10860.1
AT2G21540,AT2G21540.1;AT2G21540.2;AT2G21540.3
AT3G63460,AT3G63460.2
AT4G12320,AT4G12320.1
AT1G06430,AT1G06430.1
AT1G68660,AT1G68660.1;AT1G68660.2
AT3G12915,AT3G12915.1
AT1G03230,AT1G03230.1
AT3G05560,AT3G05560.1;AT3G05560.2;AT3G05560.3
AT2G39730,AT2G39730.1
AT5G44000,AT5G44000.1
AT3G22950,AT3G22950.1;AT3G22950.2
AT1G18360,AT1G18360.1
AT3G58580,AT3G58580.1
AT1G13180,AT1G13180.1
AT4G27520,AT4G27520.1
AT2G04400,AT2G04400.1
AT1G61900,AT1G61900.1;AT1G61900.2;AT1G61900.3
AT2G35490,AT2G35490.1
AT1G14380,AT1G14380.1;AT1G14380.3
AT1G79690,AT1G79690.1
AT3G13235,AT3G13235.1;AT3G13235.2;AT3G13235.3
AT1G49245,AT1G49245.1
AT4G32470,AT4G32470.1
AT3G25070,AT3G25070.1
AT3G60190,AT3G60190.1
AT1G53780,AT1G53780.1;AT1G53780.2;AT1G53780.3
AT5G54310,AT5G54310.1
AT3G05910,AT3G05910.1
AT4G16210,AT4G16210.1
AT5G66930,AT5G66930.2;AT5G66930.3
AT4G35905,AT4G35905.1
AT5G66760,AT5G66760.1
AT5G26000,AT5G26000.1;AT5G26000.2
AT4G36760,AT4G36760.1
AT1G63250,AT1G63250.1;AT2G07750.1
AT5G02940,AT5G02940.1
AT1G31160,AT1G31160.1
AT2G04700,AT2G04700.1
AT1G18900,AT1G18900.3
AT4G37120,AT4G37120.1
AT2G47110,AT2G47110.1;AT2G47110.2;AT3G62250.1
AT3G52300,AT3G52300.1
AT2G36130,AT2G36130.1
AT4G12790,AT4G12790.1;AT4G12790.2;AT4G12790.3;AT4G12790.4;AT4G12790.5
AT2G07050,AT2G07050.1
AT1G22280,AT1G22280.1
AT3G27890,AT3G27890.1
AT2G03750,AT2G03750.1
AT4G03520,AT4G03520.2
AT5G46630,AT5G46630.1
AT5G11720,AT5G11720.1
AT3G01500,AT3G01500.1
AT2G36360,AT2G36360.1;AT2G36360.2;AT2G36360.3;AT2G36360.4;AT2G36360.5
AT3G04890,AT3G04890.1;AT3G04890.2
AT1G63780,AT1G63780.1
AT5G13450,AT5G13450.1
AT3G54400,AT3G54400.1
AT3G01390,AT3G01390.1;AT3G01390.2
AT2G39090,AT2G39090.1
AT5G66830,AT5G66830.1
AT1G32060,AT1G32060.1
AT1G18640,AT1G18640.2
AT5G04850,AT5G04850.1;AT5G04850.2
AT3G26360,AT3G26360.1
AT5G65780,AT5G65780.1
AT5G44090,AT5G44090.1
AT3G01400,AT3G01400.1;AT5G58680.1
AT1G03310,AT1G03310.1;AT1G03310.2
AT3G43980,AT3G43980.1;AT3G44010.1;AT4G33865.1
AT1G25490,AT1G25490.1
AT2G24940,AT2G24940.1
AT1G15950,AT1G15950.1
AT3G45770,AT3G45770.1
AT2G42890,AT2G42890.1;AT2G42890.2;AT2G42890.3
AT1G17980,AT1G17980.1
AT2G34470,AT2G34470.1;AT2G34470.2
AT5G03370,AT5G03370.1
AT2G36310,AT2G36310.1
AT3G56190,AT3G56190.1
AT3G47833,AT3G47833.1
AT4G03240,AT4G03240.1
AT1G78850,AT1G78850.1
AT5G60980,AT5G60980.1;AT5G60980.2
AT1G20830,AT1G20830.1
AT5G17990,AT5G17990.1
AT1G10500,AT1G10500.1
AT4G14880,AT4G14880.1;AT4G14880.2;AT4G14880.3;AT4G14880.4
AT1G60000,AT1G60000.1
AT4G29670,AT4G29670.1
AT3G06860,AT3G06860.1
AT2G39930,AT2G39930.1
AT1G49670,AT1G49670.1;AT1G49670.2
AT4G16060,AT4G16060.1
AT5G62140,AT5G62140.1
AT4G18950,AT4G18950.1
AT5G18200,AT5G18200.1
AT2G44310,AT2G44310.1
AT2G21870,AT2G21870.1
AT2G05170,AT2G05170.1
AT5G63680,AT5G63680.1
AT5G62530,AT5G62530.1
AT3G07010,AT3G07010.1
AT2G45790,AT2G45790.1
AT5G19320,AT5G19320.1
AT1G26670,AT1G26670.1
AT1G03900,AT1G03900.1
AT5G66120,AT5G66120.2
AT5G08180,AT5G08180.1;AT5G08180.2
AT1G07510,AT1G07510.1
AT5G35100,AT5G35100.1
AT4G18100,AT4G18100.1
AT5G34940,AT5G34940.1;AT5G34940.2;AT5G34940.3
AT2G39020,AT2G39020.1
AT1G55670,AT1G55670.1
AT2G43180,AT2G43180.1;AT2G43180.3
AT1G28020,AT1G28020.1
AT3G04940,AT3G04940.1
AT3G59920,AT3G59920.1
AT4G08320,AT4G08320.1;AT4G08320.2
AT3G13610,AT3G13610.1
AT5G09590,AT5G09590.1
AT3G53610,AT3G53610.1;AT3G53610.2;AT3G53610.3
AT2G04550,AT2G04550.1;AT2G04550.3
AT2G30060,AT2G30060.1
AT2G44360,AT2G44360.1
AT5G42850,AT5G42850.1;AT5G42850.2
AT2G39940,AT2G39940.1
AT1G13440,AT1G13440.1
AT1G33330,AT1G33330.1
AT1G80230,AT1G80230.1
AT1G44170,AT1G44170.1;AT1G44170.2
AT2G29700,AT2G29700.1
AT3G24090,AT3G24090.1
AT5G36160,AT5G36160.1
AT4G32285,AT4G32285.1;AT4G32285.2
AT3G47110,AT3G47110.1
AT4G26690,AT4G26690.1
AT2G40840,AT2G40840.1
AT1G65250,AT1G65250.1
AT1G76020,AT1G76020.1
AT2G29960,AT2G29960.1;AT2G29960.2
AT3G16857,AT3G16857.1;AT3G16857.2
AT1G03130,AT1G03130.1
AT1G77120,AT1G77120.1
AT2G25110,AT2G25110.1
AT3G01790,AT3G01790.1;AT3G01790.2
AT4G17650,AT4G17650.1
AT1G76160,AT1G76160.1
AT3G14415,AT3G14415.1;AT3G14415.3
AT5G19855,AT5G19855.1
AT1G32070,AT1G32070.1;AT1G32070.2;AT1G32070.3
AT5G58670,AT5G58670.1
AT4G35020,AT4G35020.1;AT4G35020.2;AT4G35020.3
AT1G75510,AT1G75510.1
AT4G09012,AT4G09012.1;AT5G39800.1;AT5G40080.1
AT4G09000,AT4G09000.1
AT1G78995,AT1G78995.1
AT1G09010,AT1G09010.1
AT3G03100,AT3G03100.1
AT4G12070,AT4G12070.1
AT3G03570,AT3G03570.1
AT1G64980,AT1G64980.1
AT5G21090,AT5G21090.1
AT5G23870,AT5G23870.1;AT5G23870.2;AT5G23870.3
AT5G67590,AT5G67590.1
AT5G10870,AT5G10870.1
AT1G31340,AT1G31340.1;AT2G35635.1
AT4G00170,AT4G00170.1
AT4G27090,AT4G27090.1
AT4G34540,AT4G34540.1
AT4G34215,AT4G34215.1;AT4G34215.2
AT2G32910,AT2G32910.1
AT4G33090,AT4G33090.1
AT4G36130,AT4G36130.1
AT5G47320,AT5G47320.1
AT1G72610,AT1G72610.1
AT3G49000,AT3G49000.1
AT5G35790,AT5G35790.1
AT3G25800,AT3G25800.1
AT1G49975,AT1G49975.1
AT1G07140,AT1G07140.1
AT5G15770,AT5G15770.1
AT5G37510,AT5G37510.1;AT5G37510.2
AT2G05840,AT2G05840.1
AT4G04640,AT4G04640.1
AT5G35080,AT5G35080.1
AT2G13560,AT2G13560.1
AT5G49930,AT5G49930.1
AT1G50480,AT1G50480.1
AT3G52990,AT3G52990.1
AT1G04980,AT1G04980.1
AT4G20780,AT4G20780.1
AT5G16280,AT5G16280.1
AT3G45940,AT3G45940.1
AT5G38600,AT5G38600.1
AT4G17010,AT4G17010.1
AT1G20010,AT1G20010.1
AT1G35160,AT1G35160.1
AT1G76140,AT1G76140.2
AT1G07470,AT1G07470.1;AT1G07480.1;AT1G07480.2
AT3G29030,AT3G29030.1
AT2G03440,AT2G03440.1
AT5G39830,AT5G39830.1;AT5G39830.2
AT1G27680,AT1G27680.1
AT4G32180,AT4G32180.1
AT1G31070,AT1G31070.2
AT3G14420,AT3G14420.1;AT3G14420.2
AT2G44750,AT2G44750.1;AT2G44750.2
AT3G61820,AT3G61820.1
AT1G16080,AT1G16080.1
AT2G44050,AT2G44050.1
AT4G12900,AT4G12900.1
AT1G31410,AT1G31410.1
AT2G44100,AT2G44100.1;AT2G44100.2
AT4G27960,AT4G27960.1;AT4G27960.2;AT5G41700.1;AT5G41700.2;AT5G41700.3;AT5G41700.4;AT5G41700.5;AT5G53300.1;AT5G53300.2;AT5G53300.3;AT5G53300.4
AT1G51980,AT1G51980.1
AT1G49950,AT1G49950.1;AT1G49950.2;AT1G49950.3
AT5G27970,AT5G27970.1;AT5G27970.2
AT5G23440,AT5G23440.1
AT5G01010,AT5G01010.1;AT5G01010.2;AT5G01010.3;AT5G01010.4
AT1G52230,AT1G52230.1
AT5G65840,AT5G65840.1
AT3G06510,AT3G06510.1;AT3G06510.2
AT1G52160,AT1G52160.1
AT4G25050,AT4G25050.1
AT1G53580,AT1G53580.1
AT3G10740,AT3G10740.1
AT4G35090,AT4G35090.1
AT5G38430,AT5G38430.1
AT5G27840,AT5G27840.1;AT5G27840.2
AT5G17310,AT5G17310.2
AT2G15620,AT2G15620.1
AT4G02530,AT4G02530.1
AT4G16765,AT4G16765.1;AT4G16765.2
AT1G76150,AT1G76150.1
AT3G61050,AT3G61050.1;AT3G61050.2
AT5G08670,AT5G08670.1;AT5G08680.1;AT5G08690.1
AT3G22300,AT3G22300.1
AT1G15230,AT1G15230.1
AT5G54160,AT5G54160.1
AT3G59290,AT3G59290.1
AT4G27800,AT4G27800.1
AT4G29730,AT4G29730.1
AT5G05860,AT5G05860.1
AT1G26570,AT1G26570.1
AT5G02310,AT5G02310.1
AT3G62030,AT3G62030.1;AT3G62030.2;AT3G62030.3
AT2G40800,AT2G40800.1
AT5G41210,AT5G41210.1
AT3G12400,AT3G12400.1
AT1G51690,AT1G51690.1
AT5G35220,AT5G35220.1
AT4G15000,AT4G15000.1;AT4G15000.2
AT5G19100,AT5G19100.1
AT3G07090,AT3G07090.1
AT1G11860,AT1G11860.1;AT1G11860.2;AT1G11860.3
AT3G28540,AT3G28540.1;AT3G28540.2
AT4G13360,AT4G13360.1
AT1G73030,AT1G73030.1
AT5G38480,AT5G38480.1
AT3G15610,AT3G15610.1
AT5G54870,AT5G54870.1
AT5G63620,AT5G63620.1
AT4G10790,AT4G10790.1
AT1G71820,AT1G71820.1
AT5G58420,AT5G58420.1
AT1G11840,AT1G11840.1;AT1G11840.2;AT1G11840.3;AT1G11840.4;AT1G11840.6
AT4G33640,AT4G33640.1
AT5G39500,AT5G39500.1
AT5G52840,AT5G52840.1
AT1G74910,AT1G74910.1;AT1G74910.2
AT1G17330,AT1G17330.1
AT5G14320,AT5G14320.1
AT2G37470,AT2G37470.1
AT4G31530,AT4G31530.1
AT3G16110,AT3G16110.1
AT3G09440,AT3G09440.1;AT3G09440.2
AT1G73630,AT1G73630.1
AT5G06260,AT5G06260.1
AT5G19680,AT5G19680.1
AT3G56460,AT3G56460.1
AT4G32940,AT4G32940.1
AT1G15470,AT1G15470.1
AT1G15130,AT1G15130.1
AT4G29120,AT4G29120.1
AT2G35940,AT2G35940.1;AT2G35940.2;AT2G35940.3
AT2G46110,AT2G46110.1
AT3G23070,AT3G23070.1
AT3G46940,AT3G46940.1
AT5G65220,AT5G65220.1
AT4G01150,AT4G01150.1
AT5G16990,AT5G16990.1
AT4G26700,AT4G26700.1;AT4G26700.2;AT4G26700.3
AT4G03200,AT4G03200.1;AT4G03200.2
AT1G08370,AT1G08370.1
AT3G55800,AT3G55800.1
AT4G32260,AT4G32260.1
AT1G07180,AT1G07180.1
AT4G00490,AT4G00490.1
ATCG00270,ATCG00270.1
AT1G71950,AT1G71950.1
AT2G33255,AT2G33255.1
AT1G31190,AT1G31190.1
AT5G51140,AT5G51140.1;AT5G51140.2
AT5G44730,AT5G44730.1;AT5G44730.2
AT1G21880,AT1G21880.1;AT1G21880.2
AT1G22060,AT1G22060.1
AT1G32160,AT1G32160.1
AT3G50790,AT3G50790.1
AT4G16130,AT4G16130.1
AT3G42050,AT3G42050.1
AT4G25130,AT4G25130.1
AT4G20230,AT4G20230.1
AT1G06760,AT1G06760.1
AT3G58500,AT3G58500.1
AT5G47030,AT5G47030.1
AT2G29290,AT2G29290.2
AT1G07660,AT1G07660.1;AT1G07820.1;AT1G07820.2;AT2G28740.1;AT3G45930.1;AT3G46320.1;AT3G53730.1;AT5G59690.1;AT5G59970.1
AT4G18370,AT4G18370.1
AT3G27925,AT3G27925.1
AT4G01660,AT4G01660.1
AT3G62920,AT3G62920.1
AT1G47550,AT1G47550.1;AT1G47550.2
AT1G61570,AT1G61570.1
AT1G68010,AT1G68010.1
AT1G51805,AT1G51805.1
AT1G18440,AT1G18440.1
AT3G12700,AT3G12700.1
AT3G24830,AT3G24830.1
AT1G24360,AT1G24360.1
AT2G24765,AT2G24765.1
AT1G78140,AT1G78140.1
AT4G28860,AT4G28860.1;AT4G28860.2
AT1G14320,AT1G14320.1
AT2G31140,AT2G31140.1
AT5G64120,AT5G64120.1
AT4G12060,AT4G12060.1
AT5G38410,AT5G38410.1
AT5G53490,AT5G53490.1;AT5G53490.2;AT5G53490.3
AT3G02090,AT3G02090.1
AT2G41920,AT2G41920.1
AT1G77140,AT1G77140.1
AT3G15090,AT3G15090.1
AT1G50250,AT1G50250.1
AT2G43910,AT2G43910.1
AT5G03690,AT5G03690.1
AT5G67385,AT5G67385.1
AT1G03090,AT1G03090.1;AT1G03090.2
AT3G21640,AT3G21640.1
AT4G29480,AT4G29480.1
AT4G05530,AT4G05530.1
AT3G14090,AT3G14090.1
AT2G35410,AT2G35410.1
AT3G56310,AT3G56310.1
AT3G48000,AT3G48000.1
AT3G52950,AT3G52950.1;AT3G52950.2
AT2G43620,AT2G43620.1
AT5G16510,AT5G16510.1;AT5G16510.2
AT1G73260,AT1G73260.1
AT3G52560,AT3G52560.1
AT5G06290,AT5G06290.1
AT2G20270,AT2G20270.1;AT2G20270.2
AT2G29530,AT2G29530.1;AT2G29530.2;AT2G29530.3
AT1G26470,AT1G26470.1
AT4G08850,AT4G08850.1
AT4G28660,AT4G28660.1;AT4G28660.2
AT2G43350,AT2G43350.1;AT2G43350.2
AT5G16390,AT5G16390.1
AT2G43790,AT2G43790.1
AT3G10920,AT3G10920.1
AT2G28100,AT2G28100.1
AT4G28600,AT4G28600.1
AT5G02370,AT5G02370.1
AT5G35700,AT5G35700.1
AT1G28200,AT1G28200.1
AT4G13340,AT4G13340.1
AT2G36390,AT2G36390.1
AT4G29830,AT4G29830.1
AT5G19180,AT5G19180.1
AT5G42980,AT5G42980.1
AT5G42740,AT5G42740.1
AT2G44060,AT2G44060.1;AT2G44060.2
AT5G67340,AT5G67340.1
AT5G17530,AT5G17530.1;AT5G17530.2;AT5G17530.3
AT4G35690,AT4G35690.1
AT1G11360,AT1G11360.1;AT1G11360.2;AT1G11360.3;AT1G11360.4
AT5G38660,AT5G38660.1
AT2G32680,AT2G32680.1
AT5G03260,AT5G03260.1
AT1G62250,AT1G62250.1;AT1G62250.2
AT3G15730,AT3G15730.1
AT2G29560,AT2G29560.1
AT5G48840,AT5G48840.1
AT4G24510,AT4G24510.1
AT2G09990,AT2G09990.1
AT1G27430,AT1G27430.1
AT3G11770,AT3G11770.1
AT5G57040,AT5G57040.1
AT2G29990,AT2G29990.1
AT1G49590,AT1G49590.1
AT1G61690,AT1G61690.1
AT1G07780,AT1G07780.1;AT1G07780.2;AT1G07780.3;AT1G07780.5;AT5G05590.1
AT1G61310,AT1G61310.1
AT3G08780,AT3G08780.1;AT3G08780.2
AT1G69730,AT1G69730.1
AT1G71500,AT1G71500.1
AT5G43850,AT5G43850.1
AT2G47470,AT2G47470.1
AT2G25430,AT2G25430.1
AT1G69210,AT1G69210.1;AT1G69210.2
AT1G75850,AT1G75850.1
AT3G27310,AT3G27310.1
AT1G29400,AT1G29400.1;AT1G29400.2
AT3G09980,AT3G09980.1
AT3G18080,AT3G18080.1
AT5G48930,AT5G48930.1
AT1G61580,AT1G61580.1
AT1G70480,AT1G70480.1;AT1G70480.2
AT5G20010,AT5G20010.1
AT5G41330,AT5G41330.1
AT1G75100,AT1G75100.1
AT2G45980,AT2G45980.1
AT1G01050,AT1G01050.1
AT3G27430,AT3G27430.2
AT5G42890,AT5G42890.1
AT4G21850,AT4G21850.1;AT4G21850.2
AT1G67830,AT1G67830.1
AT4G01400,AT4G01400.2
AT2G47390,AT2G47390.1
AT1G23290,AT1G23290.1;AT1G70600.1
AT4G19410,AT4G19410.1;AT4G19410.2
AT2G42690,AT2G42690.1
AT2G14170,AT2G14170.1
AT2G28620,AT2G28620.1
AT3G28715,AT3G28715.1
AT5G03650,AT5G03650.1
AT3G51840,AT3G51840.1
AT2G17230,AT2G17230.1
AT1G16720,AT1G16720.1
AT4G38220,AT4G38220.1;AT4G38220.2
AT4G00370,AT4G00370.1
AT2G20900,AT2G20900.1;AT2G20900.2;AT2G20900.3;AT2G20900.4
AT1G80380,AT1G80380.2;AT1G80380.3;AT1G80380.4
AT2G16370,AT2G16370.1
AT1G74920,AT1G74920.1;AT1G74920.2
AT5G65440,AT5G65440.1;AT5G65440.2;AT5G65440.3
AT1G34570,AT1G34570.1
AT3G47000,AT3G47000.1
AT3G53110,AT3G53110.1
AT1G35220,AT1G35220.1
AT4G03110,AT4G03110.1;AT4G03110.2
AT1G04900,AT1G04900.1
AT3G16850,AT3G16850.1
AT2G39270,AT2G39270.1
AT4G23460,AT4G23460.1
AT4G26750,AT4G26750.1
AT4G00360,AT4G00360.1
AT4G11010,AT4G11010.1
AT5G47860,AT5G47860.1
AT1G12900,AT1G12900.1
AT1G48600,AT1G48600.1
AT5G42650,AT5G42650.1
AT5G09830,AT5G09830.1
AT2G35010,AT2G35010.1;AT2G35010.2
AT5G23510,AT5G23510.1;AT5G23510.2
AT2G47510,AT2G47510.1;AT2G47510.2
ATCG00750,ATCG00750.1
AT3G59990,AT3G59990.1;AT3G59990.2;AT3G59990.3;AT3G59990.4
AT1G09300,AT1G09300.1
AT1G48420,AT1G48420.1
AT5G10450,AT5G10450.1;AT5G10450.2;AT5G10450.3;AT5G10450.4
AT5G49555,AT5G49555.1
AT3G29160,AT3G29160.1;AT3G29160.2
AT3G55520,AT3G55520.1
AT2G15020,AT2G15020.1
AT2G18250,AT2G18250.1
AT3G52155,AT3G52155.1
AT1G60420,AT1G60420.1
AT1G22450,AT1G22450.1
AT2G10940,AT2G10940.1;AT2G10940.2
AT1G24040,AT1G24040.1;AT1G24040.2
AT1G29320,AT1G29320.1
AT4G22530,AT4G22530.1
AT5G32470,AT5G32470.1
AT4G25450,AT4G25450.1;AT4G25450.3
AT1G08720,AT1G08720.1
AT1G04690,AT1G04690.1
AT1G24100,AT1G24100.1
AT5G40390,AT5G40390.1
AT2G01140,AT2G01140.1
AT1G20810,AT1G20810.1
AT4G37020,AT4G37020.1;AT4G37020.2
AT3G10420,AT3G10420.2
AT1G71480,AT1G71480.1
AT2G21170,AT2G21170.1
AT2G43780,AT2G43780.1;AT2G43780.2
AT3G18780,AT3G18780.1
AT3G26650,AT3G26650.1
AT3G08860,AT3G08860.1
AT3G49320,AT3G49320.1
AT5G41790,AT5G41790.1
AT1G18170,AT1G18170.1
AT3G08530,AT3G08530.1
AT1G16700,AT1G16700.1
AT2G38230,AT2G38230.1
AT1G74710,AT1G74710.1;AT1G74710.2
AT5G02770,AT5G02770.1
AT3G06770,AT3G06770.2
AT5G44650,AT5G44650.1
AT1G52340,AT1G52340.1
AT5G07870,AT5G07870.1
AT2G30900,AT2G30900.1
AT3G05520,AT3G05520.1;AT3G05520.2
AT1G43560,AT1G43560.1
AT1G69410,AT1G69410.1
AT3G51260,AT3G51260.1
AT4G02340,AT4G02340.1
AT5G11520,AT5G11520.1
AT4G25290,AT4G25290.1
AT5G03660,AT5G03660.1
AT4G32640,AT4G32640.1;AT4G32640.2
AT5G07320,AT5G07320.1
AT3G04790,AT3G04790.1
AT2G28605,AT2G28605.1
AT5G62600,AT5G62600.1
AT2G01690,AT2G01690.1
AT5G20080,AT5G20080.1
AT3G54440,AT3G54440.1;AT3G54440.3
AT1G10700,AT1G10700.1
AT5G04550,AT5G04550.1
AT4G39690,AT4G39690.1
AT3G05680,AT3G05680.1;AT3G05680.2
AT5G63120,AT5G63120.1;AT5G63120.2
AT3G11780,AT3G11780.1;AT3G11780.2
AT5G23290,AT5G23290.1
AT3G23700,AT3G23700.1
AT3G12140,AT3G12140.1;AT3G12140.2;AT3G12140.3
AT2G19940,AT2G19940.1;AT2G19940.2
AT1G50510,AT1G50510.1
AT1G53720,AT1G53720.1
AT3G21790,AT3G21790.1
AT1G79260,AT1G79260.1
AT1G76100,AT1G76100.1
AT1G06840,AT1G06840.1
AT3G48930,AT3G48930.1
AT5G56290,AT5G56290.1
AT2G31670,AT2G31670.1
AT4G39820,AT4G39820.1
AT4G23500,AT4G23500.1
AT3G09940,AT3G09940.1;AT3G09940.2
ATCG00280,ATCG00280.1
AT3G55330,AT3G55330.1
AT4G28710,AT4G28710.1
AT4G13940,AT4G13940.1
AT1G51390,AT1G51390.1
AT1G79600,AT1G79600.1
AT2G17980,AT2G17980.1
AT3G01200,AT3G01200.1
AT4G11175,AT4G11175.1
AT1G67280,AT1G67280.1;AT1G67280.2
AT2G20760,AT2G20760.1
AT5G65430,AT5G65430.1;AT5G65430.2;AT5G65430.3
AT1G23100,AT1G23100.1
AT1G27970,AT1G27970.1;AT1G27970.2
AT3G62600,AT3G62600.1
AT3G28900,AT3G28900.1
AT3G17850,AT3G17850.1
AT3G01480,AT3G01480.1
AT3G18890,AT3G18890.1
AT5G19220,AT5G19220.1
AT3G53390,AT3G53390.1
AT2G27600,AT2G27600.1
AT5G13410,AT5G13410.1
AT1G57660,AT1G57660.1;AT1G57860.1
AT5G23140,AT5G23140.1
AT1G22300,AT1G22300.1;AT1G22300.2
AT3G11630,AT3G11630.1
AT5G21222,AT5G21222.1
AT5G43940,AT5G43940.1
AT3G60770,AT3G60770.1
AT1G12250,AT1G12250.1;AT1G12250.2
AT2G30970,AT2G30970.1;AT2G30970.2
AT3G03250,AT3G03250.1
AT5G16210,AT5G16210.1
AT3G10380,AT3G10380.1
AT2G26890,AT2G26890.1
AT5G03455,AT5G03455.1
AT4G13930,AT4G13930.1
AT4G10590,AT4G10590.1;AT4G10590.2
AT3G25220,AT3G25220.1
AT1G22780,AT1G22780.1;AT1G34030.1;AT4G09800.1
AT2G22250,AT2G22250.1;AT2G22250.2;AT2G22250.3
AT3G22480,AT3G22480.1;AT3G22480.2
AT5G01350,AT5G01350.1
AT2G17420,AT2G17420.1
AT5G63860,AT5G63860.1
AT1G55480,AT1G55480.1
AT5G13990,AT5G13990.1
AT5G12140,AT5G12140.1
AT2G24280,AT2G24280.1
AT1G66900,AT1G66900.1
AT5G22060,AT5G22060.1
AT4G26310,AT4G26310.1
AT1G02910,AT1G02910.1
AT5G13030,AT5G13030.1
AT1G11930,AT1G11930.1;AT1G11930.2
AT3G46440,AT3G46440.1;AT3G46440.2
AT1G15670,AT1G15670.1
AT3G23640,AT3G23640.1;AT3G23640.2
AT1G15710,AT1G15710.1
AT5G19370,AT5G19370.1
AT2G35370,AT2G35370.1
AT5G58870,AT5G58870.1
AT2G37550,AT2G37550.1;AT2G37550.2
AT2G16930,AT2G16930.1;AT2G16930.2;AT2G16930.3;AT5G15220.1
AT4G14965,AT4G14965.1
AT1G13320,AT1G13320.1;AT1G13320.3
AT2G01890,AT2G01890.1
AT5G35170,AT5G35170.1;AT5G35170.2
AT2G36060,AT2G36060.2
AT4G27740,AT4G27740.1
AT4G36770,AT4G36770.1
AT5G61500,AT5G61500.1
AT2G17130,AT2G17130.1;AT2G17130.2
AT3G14790,AT3G14790.1
AT4G32150,AT4G32150.1
AT1G11660,AT1G11660.1
AT3G53650,AT3G53650.1
AT2G25950,AT2G25950.1
AT2G41790,AT2G41790.1
AT4G19003,AT4G19003.1;AT4G19003.2
AT2G14750,AT2G14750.1
AT5G02120,AT5G02120.1
AT5G09680,AT5G09680.1;AT5G09680.2
AT2G45330,AT2G45330.1;AT2G45330.2;AT5G23600.1
AT4G12770,AT4G12770.1;AT4G12770.2
AT1G21720,AT1G21720.1
AT5G01260,AT5G01260.2
AT3G26030,AT3G26030.1
AT1G54520,AT1G54520.1
AT4G09570,AT4G09570.1
AT5G26780,AT5G26780.1
AT3G54010,AT3G54010.1
AT3G44340,AT3G44340.1
AT3G54680,AT3G54680.1
AT3G22110,AT3G22110.1
AT4G26860,AT4G26860.1;AT4G26860.2
AT3G52050,AT3G52050.1;AT3G52050.2;AT3G52050.3;AT3G52050.4
AT5G59160,AT5G59160.1;AT5G59160.2;AT5G59160.3
AT4G31390,AT4G31390.1
AT4G26510,AT4G26510.1;AT4G26510.2
AT5G03880,AT5G03880.1
AT4G09620,AT4G09620.1
AT1G65790,AT1G65790.1
AT1G14400,AT1G14400.1;AT1G14400.2;AT2G02760.1
AT3G15410,AT3G15410.1;AT3G15410.2
AT5G17760,AT5G17760.1
AT1G63220,AT1G63220.1;AT1G63220.2
AT3G16170,AT3G16170.1
AT1G78570,AT1G78570.1
AT5G22780,AT5G22780.1
AT2G33845,AT2G33845.1
AT2G39770,AT2G39770.1;AT2G39770.2
AT3G52570,AT3G52570.1
AT3G54250,AT3G54250.1
AT2G32000,AT2G32000.1;AT2G32000.2
AT5G09230,AT5G09230.1;AT5G09230.2;AT5G09230.3;AT5G09230.4;AT5G09230.5;AT5G09230.6;AT5G09230.7
AT5G13320,AT5G13320.1
AT5G22080,AT5G22080.1;AT5G22080.2
AT1G53500,AT1G53500.1
ATMG00510,ATMG00510.1
AT1G47200,AT1G47200.1
AT1G04440,AT1G04440.1
AT3G53890,AT3G53890.1;AT3G53890.2
AT2G40860,AT2G40860.1
AT4G10060,AT4G10060.1
AT5G14540,AT5G14540.1
ATCG00490,ATCG00490.1
AT3G15640,AT3G15640.1;AT3G15640.2
AT3G48750,AT3G48750.1
AT2G41530,AT2G41530.1
AT1G74070,AT1G74070.1
AT5G58490,AT5G58490.1
AT1G65260,AT1G65260.1
AT1G53165,AT1G53165.1;AT1G53165.2;AT1G53165.3
AT4G05150,AT4G05150.1
AT5G28750,AT5G28750.1
AT3G48530,AT3G48530.1
AT4G14615,AT4G14615.1
AT5G14930,AT5G14930.2
AT4G39150,AT4G39150.1;AT4G39150.2
AT3G22330,AT3G22330.1
AT1G10630,AT1G10630.1;AT1G23490.1;AT1G70490.1;AT1G70490.2;AT1G70490.3;AT2G47170.1;AT3G62290.1;AT3G62290.2;AT3G62290.3;AT5G14670.1
AT5G06690,AT5G06690.1
AT4G22690,AT4G22690.1;AT4G22710.1
AT1G14980,AT1G14980.1
AT3G54900,AT3G54900.1
AT5G53530,AT5G53530.1
AT1G14850,AT1G14850.1
AT3G06850,AT3G06850.1;AT3G06850.2
AT3G22590,AT3G22590.1
AT5G26110,AT5G26110.1
AT5G47760,AT5G47760.1
AT5G58440,AT5G58440.1
AT5G48680,AT5G48680.1
AT1G79550,AT1G79550.1;AT1G79550.2
AT3G01920,AT3G01920.1
AT3G15810,AT3G15810.1
AT5G54430,AT5G54430.1
AT2G30110,AT2G30110.1
AT2G17200,AT2G17200.1
AT3G19170,AT3G19170.1
AT4G17270,AT4G17270.1
AT3G55120,AT3G55120.1
AT5G16300,AT5G16300.1
AT2G43400,AT2G43400.1
AT1G79210,AT1G79210.1;AT1G79210.2;AT1G79210.3
AT4G02080,AT4G02080.1
AT4G26530,AT4G26530.1;AT4G26530.2
AT4G03430,AT4G03430.1
AT2G42580,AT2G42580.1
AT3G10850,AT3G10850.1
AT5G24490,AT5G24490.1
AT1G68310,AT1G68310.2
AT5G39600,AT5G39600.1
AT4G24810,AT4G24810.2
AT2G07698,AT2G07698.1;ATMG01190.1
AT4G03080,AT4G03080.1
AT1G23900,AT1G23900.1;AT1G23900.2
AT5G38530,AT5G38530.1
AT1G09780,AT1G09780.1
AT5G10700,AT5G10700.1
AT5G67360,AT5G67360.1
AT2G01710,AT2G01710.1
AT5G03300,AT5G03300.1
AT3G54690,AT3G54690.1
AT3G12800,AT3G12800.1
AT1G67700,AT1G67700.1;AT1G67700.2
AT3G05950,AT3G05950.1
AT4G25970,AT4G25970.1
AT5G16440,AT5G16440.1
AT3G16520,AT3G16520.1;AT3G16520.2;AT3G16520.3
AT1G71810,AT1G71810.1
AT3G11130,AT3G11130.1
AT2G30410,AT2G30410.1;AT2G30410.2
AT4G32760,AT4G32760.1;AT4G32760.2
AT1G03330,AT1G03330.1
AT4G30160,AT4G30160.1;AT4G30160.2
AT1G08780,AT1G08780.1
AT3G62410,AT3G62410.1
AT3G60750,AT3G60750.1;AT3G60750.2
AT3G01500,AT3G01500.2
AT2G33210,AT2G33210.1;AT2G33210.2
AT2G33740,AT2G33740.2
AT1G29880,AT1G29880.1
AT5G58260,AT5G58260.1
AT1G26160,AT1G26160.1
AT3G47630,AT3G47630.1;AT3G47630.2
AT4G00560,AT4G00560.1;AT4G00560.4
AT5G64040,AT5G64040.1
AT5G63400,AT5G63400.1
AT1G56450,AT1G56450.1
AT1G09850,AT1G09850.1
AT1G33780,AT1G33780.1
AT2G34930,AT2G34930.1
AT5G48300,AT5G48300.1
AT2G23610,AT2G23610.1
AT1G64750,AT1G64750.1;AT1G64750.2;AT1G64750.3
AT1G33270,AT1G33270.1;AT1G33270.2
AT2G01600,AT2G01600.1
AT4G38510,AT4G38510.1;AT4G38510.2;AT4G38510.3;AT4G38510.4;AT4G38510.5
AT4G33670,AT4G33670.1
AT1G26460,AT1G26460.1
AT1G05560,AT1G05560.1
AT1G15750,AT1G15750.1;AT1G15750.2;AT1G15750.3;AT1G15750.4
AT1G61620,AT1G61620.1
AT4G36400,AT4G36400.1;AT4G36400.2
AT4G27690,AT4G27690.1;AT4G27690.2
AT4G32930,AT4G32930.1;AT4G32930.2
ATCG00730,ATCG00730.1
AT5G06680,AT5G06680.1
AT1G72190,AT1G72190.1
AT4G29160,AT4G29160.1;AT4G29160.3
AT5G45130,AT5G45130.1
AT1G79850,AT1G79850.1
AT3G56070,AT3G56070.1;AT3G56070.2
AT5G22510,AT5G22510.1
AT5G11060,AT5G11060.1
AT1G31280,AT1G31280.1
AT1G66530,AT1G66530.1
AT5G42270,AT5G42270.1
AT1G06290,AT1G06290.1
AT5G18580,AT5G18580.1
AT5G40870,AT5G40870.1
AT3G60740,AT3G60740.1
AT4G08690,AT4G08690.1;AT4G08690.2
AT1G27150,AT1G27150.1
AT3G49910,AT3G49910.1
AT1G47260,AT1G47260.1
AT3G09090,AT3G09090.1;AT3G09090.3
AT2G18700,AT2G18700.1
AT5G67290,AT5G67290.1
AT5G26667,AT5G26667.1;AT5G26667.2;AT5G26667.3
AT1G70570,AT1G70570.1
AT1G29700,AT1G29700.1
AT5G65010,AT5G65010.1;AT5G65010.2
AT5G04140,AT5G04140.1
AT2G36530,AT2G36530.1
AT1G59870,AT1G59870.1
AT5G44410,AT5G44410.1
AT3G02080,AT3G02080.1
AT2G25830,AT2G25830.1
AT1G75350,AT1G75350.1
AT5G01650,AT5G01650.1;AT5G01650.2
AT4G01940,AT4G01940.1
AT5G19010,AT5G19010.1
AT3G59380,AT3G59380.1
AT3G16760,AT3G16760.1;AT3G16760.2
AT2G21330,AT2G21330.1
AT5G53480,AT5G53480.1
AT3G04930,AT3G04930.1
AT4G24550,AT4G24550.2
AT5G61170,AT5G61170.1
AT1G72160,AT1G72160.1
AT1G12910,AT1G12910.1
AT1G04350,AT1G04350.1
AT3G19770,AT3G19770.1;AT3G19770.2
AT1G30510,AT1G30510.1;AT1G30510.2;AT1G30510.3
AT1G66250,AT1G66250.1
AT1G49740,AT1G49740.1
AT3G44600,AT3G44600.1
AT1G74410,AT1G74410.1
AT3G14150,AT3G14150.1;AT3G14150.2
AT2G36880,AT2G36880.1;AT2G36880.2
AT5G64570,AT5G64570.1
AT3G05500,AT3G05500.1
AT3G28950,AT3G28950.1
AT1G55160,AT1G55160.1;AT1G55160.2;AT1G55160.3
AT1G31860,AT1G31860.1
AT3G07110,AT3G07110.1;AT3G07110.2
AT4G33010,AT4G33010.1
AT4G36250,AT4G36250.1
AT1G04530,AT1G04530.1
AT5G49220,AT5G49220.1
AT4G24440,AT4G24440.1;AT4G24440.2
AT5G60540,AT5G60540.1
AT5G61410,AT5G61410.1;AT5G61410.2
AT1G70180,AT1G70180.1;AT1G70180.2
AT5G10540,AT5G10540.1
AT3G04910,AT3G04910.1;AT3G04910.2;AT3G04910.3;AT3G22420.1;AT3G22420.2;AT3G51630.1;AT3G51630.2
AT5G50110,AT5G50110.1
AT2G36850,AT2G36850.1
AT1G10390,AT1G10390.1;AT1G10390.2
AT5G63570,AT5G63570.1
AT1G65980,AT1G65980.1
AT2G21250,AT2G21250.1
AT5G66520,AT5G66520.1
AT4G32250,AT4G32250.1;AT4G32250.2;AT4G32250.3
AT2G34460,AT2G34460.1
AT5G60590,AT5G60590.2
AT4G19840,AT4G19840.1
AT5G20140,AT5G20140.1
AT3G15040,AT3G15040.1
AT2G37660,AT2G37660.1
AT1G21065,AT1G21065.1
AT5G27770,AT5G27770.1
AT5G08260,AT5G08260.1
AT1G27400,AT1G27400.1
AT5G06140,AT5G06140.1
AT1G73180,AT1G73180.1;AT1G73180.2
AT5G42240,AT5G42240.1
AT2G25070,AT2G25070.1
AT1G56000,AT1G56000.1
AT3G25860,AT3G25860.1
AT3G53580,AT3G53580.1
AT2G27020,AT2G27020.1
AT3G21360,AT3G21360.1
AT2G26340,AT2G26340.1
ATCG00680,ATCG00680.1
AT3G62110,AT3G62110.1
AT3G14230,AT3G14230.1;AT3G14230.2;AT3G14230.3
AT5G62840,AT5G62840.1
AT5G55670,AT5G55670.1;AT5G55670.2
AT5G58510,AT5G58510.1
AT5G66030,AT5G66030.1;AT5G66030.2
AT2G33040,AT2G33040.1
AT3G24170,AT3G24170.1;AT3G24170.2;AT3G24170.3
AT3G61480,AT3G61480.1;AT5G28350.1;AT5G28350.2
AT3G13930,AT3G13930.1
AT1G67660,AT1G67660.1;AT1G67660.2;AT1G67660.3
AT4G08960,AT4G08960.1
AT2G04350,AT2G04350.1;AT2G04350.2
AT2G42600,AT2G42600.1;AT2G42600.2
AT4G09320,AT4G09320.1
AT5G64140,AT5G64140.1
AT5G61760,AT5G61760.1
AT3G55000,AT3G55000.1
AT1G09830,AT1G09830.1
AT4G30930,AT4G30930.1
AT2G41680,AT2G41680.1
AT5G18070,AT5G18070.1
AT5G51840,AT5G51840.1
AT1G14310,AT1G14310.1
AT2G32700,AT2G32700.1;AT2G32700.2;AT2G32700.3;AT2G32700.4;AT2G32700.5;AT2G32700.6;AT2G32700.7
AT5G32450,AT5G32450.1
AT5G45040,AT5G45040.1
AT3G23710,AT3G23710.1
AT5G04260,AT5G04260.1
AT1G49820,AT1G49820.1
AT1G56500,AT1G56500.1
AT2G41740,AT2G41740.1
AT4G18130,AT4G18130.1
AT3G62770,AT3G62770.1;AT3G62770.3
AT3G01800,AT3G01800.1
AT1G35420,AT1G35420.1;AT1G35420.2
AT3G57020,AT3G57020.1;AT3G57020.2
AT1G10370,AT1G10370.1
AT5G63180,AT5G63180.1
AT4G28030,AT4G28030.1;AT4G28030.2
AT5G54600,AT5G54600.1
AT3G44620,AT3G44620.1;AT3G44620.2
AT5G66420,AT5G66420.2
AT2G22570,AT2G22570.1
AT1G78670,AT1G78670.1
AT4G01023,AT4G01023.1
AT1G23800,AT1G23800.1
AT2G30950,AT2G30950.1
AT4G12310,AT4G12310.1
AT1G48760,AT1G48760.1;AT1G48760.2;AT1G48760.3
AT3G13860,AT3G13860.1
AT1G09330,AT1G09330.1
AT2G26460,AT2G26460.1
AT5G67380,AT5G67380.1
AT1G27450,AT1G27450.2
AT3G63140,AT3G63140.1
AT2G38025,AT2G38025.1
AT2G36145,AT2G36145.1
AT5G35200,AT5G35200.1
AT2G34690,AT2G34690.1
AT2G30620,AT2G30620.1;AT2G30620.2
AT4G02350,AT4G02350.1
AT2G45060,AT2G45060.1
AT3G01090,AT3G01090.1;AT3G01090.2;AT3G01090.3
AT4G38970,AT4G38970.1
AT1G78870,AT1G78870.2
AT2G45640,AT2G45640.1
AT1G12310,AT1G12310.1
AT4G23895,AT4G23895.3;AT4G23900.1
AT3G06650,AT3G06650.1
AT4G16950,AT4G16950.1;AT4G16950.2
AT1G50570,AT1G50570.1;AT1G50570.2
AT4G37830,AT4G37830.1
AT3G44720,AT3G44720.1
AT4G20850,AT4G20850.1
AT1G13980,AT1G13980.1;AT1G13980.2
AT1G50030,AT1G50030.1;AT1G50030.2
AT3G28700,AT3G28700.1;AT3G28700.2
AT3G54110,AT3G54110.1
AT1G30630,AT1G30630.1
AT5G09510,AT5G09510.2
AT5G09810,AT5G09810.1
AT5G57560,AT5G57560.1
AT2G44525,AT2G44525.1;AT3G60150.1
AT3G19950,AT3G19950.1
AT4G10050,AT4G10050.1
AT2G17340,AT2G17340.1
AT1G15820,AT1G15820.1
AT4G32190,AT4G32190.1
AT3G22850,AT3G22850.1
AT4G16260,AT4G16260.1
AT3G06810,AT3G06810.1
AT5G12370,AT5G12370.1;AT5G12370.2;AT5G12370.3
AT2G30720,AT2G30720.1
AT3G01740,AT3G01740.1
AT5G10460,AT5G10460.1
AT3G27570,AT3G27570.1
AT2G41040,AT2G41040.1
AT4G34730,AT4G34730.1
AT3G16270,AT3G16270.1
AT3G03320,AT3G03320.1
AT5G63030,AT5G63030.1
AT4G20860,AT4G20860.1
AT5G02490,AT5G02490.1
AT1G34350,AT1G34350.1;AT1G34350.2
AT5G42820,AT5G42820.1;AT5G42820.2
AT4G23210,AT4G23210.3
AT1G31330,AT1G31330.1
AT4G35460,AT4G35460.1
AT3G33530,AT3G33530.1
AT4G02030,AT4G02030.1;AT4G02030.2
AT5G65730,AT5G65730.1
AT5G19770,AT5G19770.1;AT5G19780.1
AT4G38680,AT4G38680.1
AT2G15790,AT2G15790.1
AT3G21760,AT3G21760.1
AT3G45300,AT3G45300.1
AT5G53140,AT5G53140.1
AT1G53070,AT1G53070.1
AT5G21060,AT5G21060.1
AT5G47870,AT5G47870.1
AT5G16120,AT5G16120.1
AT5G06600,AT5G06600.1;AT5G06600.2
AT5G20070,AT5G20070.1
AT3G58640,AT3G58640.1;AT3G58640.2
AT5G11710,AT5G11710.1
AT1G49040,AT1G49040.1
AT3G25530,AT3G25530.1
AT5G36880,AT5G36880.1;AT5G36880.2
AT4G31180,AT4G31180.1;AT4G31180.2
ATCG01090,ATCG01090.1
AT2G03250,AT2G03250.1
AT1G50500,AT1G50500.1;AT1G50500.2
AT4G38420,AT4G38420.1
AT1G18060,AT1G18060.1
AT3G05530,AT3G05530.1
AT3G18580,AT3G18580.1
AT1G53850,AT1G53850.1;AT1G53850.2
AT5G02530,AT5G02530.1;AT5G02530.2
AT5G04440,AT5G04440.1
AT2G18900,AT2G18900.1
AT1G48430,AT1G48430.1
AT4G08920,AT4G08920.1
AT2G02160,AT2G02160.1
AT1G79870,AT1G79870.1
AT1G02335,AT1G02335.1
AT3G10700,AT3G10700.1
AT1G01960,AT1G01960.1
AT3G29130,AT3G29130.1;AT3G29130.2
AT1G50380,AT1G50380.1
AT3G46430,AT3G46430.1;AT5G59613.1;AT5G59613.2
AT2G14720,AT2G14720.1;AT2G14720.2;AT2G14740.1;AT2G14740.2
AT4G39660,AT4G39660.1
AT3G27190,AT3G27190.1
AT3G25920,AT3G25920.1
AT1G03220,AT1G03220.1
AT1G07310,AT1G07310.1
AT1G48850,AT1G48850.1
AT2G18110,AT2G18110.1
AT5G17840,AT5G17840.1
AT5G20000,AT5G20000.1
AT3G18370,AT3G18370.1
AT3G01180,AT3G01180.1
AT5G14100,AT5G14100.1
AT2G47650,AT2G47650.1
AT1G32730,AT1G32730.1
AT5G57440,AT5G57440.1
AT5G06060,AT5G06060.1
AT5G19460,AT5G19460.1
AT2G38680,AT2G38680.1
AT4G28706,AT4G28706.2;AT4G28706.4
AT2G31570,AT2G31570.1
AT1G05385,AT1G05385.1
AT5G58290,AT5G58290.1
AT5G64130,AT5G64130.1;AT5G64130.3
AT2G40590,AT2G40590.1
AT3G06483,AT3G06483.1
AT5G19485,AT5G19485.1
AT5G19840,AT5G19840.1;AT5G19840.2
AT5G44530,AT5G44530.1
AT2G22170,AT2G22170.1
AT3G06350,AT3G06350.1
AT3G03590,AT3G03590.1
AT4G29900,AT4G29900.1
AT5G46750,AT5G46750.1
AT4G33430,AT4G33430.1;AT4G33430.2
AT2G05920,AT2G05920.1
AT2G40400,AT2G40400.1;AT2G40400.2
AT3G03630,AT3G03630.1
AT1G18070,AT1G18070.1;AT1G18070.2;AT1G18070.3
AT1G08980,AT1G08980.1
AT1G77370,AT1G77370.1
AT5G12390,AT5G12390.1
AT2G38580,AT2G38580.1
AT3G13060,AT3G13060.2
AT2G21280,AT2G21280.1
AT4G32660,AT4G32660.1;AT4G32660.3
AT5G66100,AT5G66100.1
AT4G25080,AT4G25080.4
AT3G59870,AT3G59870.1
AT4G31300,AT4G31300.1;AT4G31300.2;AT4G31300.3
AT5G39980,AT5G39980.1
AT5G47770,AT5G47770.1
AT3G15220,AT3G15220.1
AT5G03540,AT5G03540.1
AT4G11120,AT4G11120.1
AT1G06410,AT1G06410.1
AT1G67890,AT1G67890.1;AT1G67890.2
AT1G14345,AT1G14345.1
AT1G17720,AT1G17720.2
AT3G12260,AT3G12260.1
AT2G37170,AT2G37170.1
AT5G59480,AT5G59480.1;AT5G59480.2
AT2G40410,AT2G40410.2
AT2G45290,AT2G45290.1
AT1G71730,AT1G71730.1
AT2G14560,AT2G14560.1
AT2G29980,AT2G29980.1
AT3G26340,AT3G26340.1
AT1G17050,AT1G17050.1
AT5G50210,AT5G50210.1
AT3G60440,AT3G60440.1
AT3G20290,AT3G20290.1;AT3G20290.2
AT4G04210,AT4G04210.1
AT1G54350,AT1G54350.1
AT2G18630,AT2G18630.1
AT2G45710,AT2G45710.1;AT3G61110.1
AT5G62390,AT5G62390.1
AT4G01995,AT4G01995.1
AT1G13060,AT1G13060.1
AT4G27700,AT4G27700.1
AT4G26410,AT4G26410.1
AT2G18030,AT2G18030.1;AT2G18030.2
AT1G49480,AT1G49480.1
AT1G03860,AT1G03860.1;AT1G03860.3
AT5G64813,AT5G64813.1
AT3G54640,AT3G54640.1
AT1G43890,AT1G43890.1;AT1G43890.2;AT1G43890.3
AT2G01918,AT2G01918.1
AT5G03160,AT5G03160.1
AT3G07100,AT3G07100.1
AT4G29430,AT4G29430.1
AT4G27430,AT4G27430.1;AT4G27430.2
AT2G42220,AT2G42220.1
AT5G34850,AT5G34850.1
AT5G58140,AT5G58140.1;AT5G58140.2;AT5G58140.3
AT1G10200,AT1G10200.1
AT2G16440,AT2G16440.1
AT1G70410,AT1G70410.1;AT1G70410.3
AT4G18593,AT4G18593.1
AT1G55570,AT1G55570.1
AT2G41900,AT2G41900.1
AT5G06870,AT5G06870.1
AT5G44390,AT5G44390.1
AT1G72170,AT1G72170.1
AT4G29740,AT4G29740.1;AT4G29740.2
AT5G50530,AT5G50530.1;AT5G50640.1
AT2G15430,AT2G15430.1
AT2G47910,AT2G47910.1;AT2G47910.2
AT2G43160,AT2G43160.1;AT2G43160.2;AT2G43160.3
AT5G28060,AT5G28060.1
AT2G16950,AT2G16950.1;AT2G16950.2
AT5G42870,AT5G42870.1;AT5G42870.2
AT5G17050,AT5G17050.1
AT3G15590,AT3G15590.1
AT5G11040,AT5G11040.1
AT3G14120,AT3G14120.1;AT3G14120.2;AT3G14120.3
AT5G02740,AT5G02740.1;AT5G02740.2
AT2G27860,AT2G27860.1
AT3G29350,AT3G29350.1
AT4G29040,AT4G29040.1
AT1G68020,AT1G68020.2
AT3G09050,AT3G09050.1
AT4G10430,AT4G10430.1;AT4G10430.3
AT1G70410,AT1G70410.2
AT5G65180,AT5G65180.1
AT3G59980,AT3G59980.1
AT3G14290,AT3G14290.1
AT4G29680,AT4G29680.1
AT1G01300,AT1G01300.1
AT1G76965,AT1G76965.1
AT3G10410,AT3G10410.1
AT4G22220,AT4G22220.1
AT1G16470,AT1G16470.1;AT1G16470.2
AT1G09270,AT1G09270.1;AT1G09270.2
AT3G13300,AT3G13300.1;AT3G13300.2
AT5G09260,AT5G09260.1
AT4G22570,AT4G22570.1
AT5G35430,AT5G35430.1
AT5G02270,AT5G02270.1;AT5G02270.2
AT1G14340,AT1G14340.1
AT1G11720,AT1G11720.1;AT1G11720.2
AT4G38900,AT4G38900.1;AT4G38900.2;AT4G38900.3
AT2G04160,AT2G04160.1
AT5G14790,AT5G14790.1
AT5G12320,AT5G12320.1
AT5G10050,AT5G10050.1
AT4G28480,AT4G28480.1
AT1G01630,AT1G01630.1
AT2G35120,AT2G35120.1
AT1G64190,AT1G64190.1
AT4G35310,AT4G35310.1
AT2G16460,AT2G16460.1
AT5G01920,AT5G01920.1
AT1G23080,AT1G23080.1;AT1G23080.2;AT1G23080.3
AT4G39800,AT4G39800.1
AT1G63970,AT1G63970.1;AT1G63970.2
AT1G01220,AT1G01220.1
AT1G62020,AT1G62020.1
AT1G79920,AT1G79920.1;AT1G79920.2
AT5G60620,AT5G60620.1
AT5G09510,AT5G09510.1
AT2G17390,AT2G17390.1
AT4G13730,AT4G13730.1
AT2G37220,AT2G37220.1
AT4G10710,AT4G10710.1
AT3G52580,AT3G52580.1
AT1G23260,AT1G23260.1
AT1G09150,AT1G09150.1
AT2G25910,AT2G25910.1;AT2G25910.2
AT5G04870,AT5G04870.1
AT1G49430,AT1G49430.1
AT3G07810,AT3G07810.1;AT3G07810.2
AT5G14710,AT5G14710.1
AT1G76260,AT1G76260.1
AT1G20225,AT1G20225.1
AT1G75950,AT1G75950.1
AT4G34270,AT4G34270.1
AT3G02875,AT3G02875.1
AT3G16060,AT3G16060.1
AT3G15060,AT3G15060.1
AT1G12270,AT1G12270.1
AT5G35630,AT5G35630.1;AT5G35630.2;AT5G35630.3
AT3G63000,AT3G63000.1
AT3G22630,AT3G22630.1
AT5G54940,AT5G54940.1;AT5G54940.2
AT4G26660,AT4G26660.1
AT5G16660,AT5G16660.1;AT5G16660.2
AT4G24800,AT4G24800.1;AT4G24800.2;AT4G24800.3
AT2G20830,AT2G20830.2
AT2G32640,AT2G32640.1
AT3G11910,AT3G11910.1;AT3G11910.2
AT4G30610,AT4G30610.1
AT5G20950,AT5G20950.1;AT5G20950.2
AT1G64970,AT1G64970.1
AT1G51710,AT1G51710.1
AT5G22830,AT5G22830.1
AT5G53850,AT5G53850.2
AT2G14835,AT2G14835.1;AT2G14835.2
AT3G14100,AT3G14100.1
AT1G18210,AT1G18210.1;AT1G18210.2
AT2G42520,AT2G42520.1
AT1G14820,AT1G14820.3
AT3G03380,AT3G03380.1
AT5G37830,AT5G37830.1
AT1G05205,AT1G05205.1
AT3G27050,AT3G27050.1
AT5G58800,AT5G58800.1;AT5G58800.2
AT1G50670,AT1G50670.1
AT3G54280,AT3G54280.1;AT3G54280.2
AT2G22300,AT2G22300.1;AT2G22300.2
AT4G24840,AT4G24840.1
AT5G03340,AT5G03340.1
AT4G24940,AT4G24940.1
AT2G45200,AT2G45200.1;AT2G45200.2
AT3G03070,AT3G03070.1
AT4G25840,AT4G25840.1
AT2G30880,AT2G30880.1
AT1G22940,AT1G22940.1
AT2G18020,AT2G18020.1
ATCG00570,ATCG00570.1
AT3G63170,AT3G63170.1
AT1G09750,AT1G09750.1
AT1G20760,AT1G20760.1
AT2G41220,AT2G41220.1
AT1G15140,AT1G15140.1
AT5G20920,AT5G20920.1;AT5G20920.3
AT4G04850,AT4G04850.2
AT5G15490,AT5G15490.1
AT3G02750,AT3G02750.1;AT3G02750.2;AT3G02750.3
AT3G04600,AT3G04600.1;AT3G04600.3
AT3G62550,AT3G62550.1
AT1G21630,AT1G21630.1
AT2G01220,AT2G01220.1;AT2G01220.2
AT1G79470,AT1G79470.1
AT1G29040,AT1G29040.1;AT1G29040.4
AT3G59970,AT3G59970.3
AT1G52740,AT1G52740.1;AT2G38810.1;AT2G38810.2;AT2G38810.3;AT3G54560.1;AT4G13570.1;AT4G13570.2
AT4G27680,AT4G27680.1
AT5G64460,AT5G64460.1;AT5G64460.2;AT5G64460.3;AT5G64460.4;AT5G64460.6;AT5G64460.8
AT5G07300,AT5G07300.1
AT3G09840,AT3G09840.1
AT1G04950,AT1G04950.1;AT1G04950.2;AT1G04950.3
AT5G64860,AT5G64860.1
AT4G36750,AT4G36750.1
AT5G61780,AT5G61780.1
AT3G20790,AT3G20790.1
AT5G16940,AT5G16940.1;AT5G16940.2
AT3G07300,AT3G07300.1;AT3G07300.2;AT3G07300.3
AT3G05180,AT3G05180.1
AT2G44240,AT2G44240.1
AT5G13570,AT5G13570.1
AT1G16340,AT1G16340.1;AT1G16340.2;AT1G16340.3
AT4G02260,AT4G02260.1;AT4G02260.2;AT4G02260.3
AT3G12590,AT3G12590.1
AT5G65020,AT5G65020.1
ATCG00130,ATCG00130.1
AT5G27700,AT5G27700.1
AT1G51060,AT1G51060.1;AT4G27230.1;AT4G27230.2;AT5G54640.1
AT3G15190,AT3G15190.1
AT1G08970,AT1G08970.1;AT1G08970.2;AT1G08970.3;AT1G08970.4
AT1G26110,AT1G26110.1;AT1G26110.2
AT1G79230,AT1G79230.1
AT1G10290,AT1G10290.1
AT5G15680,AT5G15680.1
AT3G02710,AT3G02710.1
AT5G50960,AT5G50960.1
AT1G17550,AT1G17550.1
AT1G65020,AT1G65020.1
AT2G44950,AT2G44950.1
AT4G34450,AT4G34450.1
AT4G01850,AT4G01850.1;AT4G01850.2
AT4G34230,AT4G34230.1;AT4G34230.2
AT5G15450,AT5G15450.1
AT3G61080,AT3G61080.1
AT1G01710,AT1G01710.1
AT1G50120,AT1G50120.1
AT5G62790,AT5G62790.1
AT2G45030,AT2G45030.1
AT4G25370,AT4G25370.1
AT5G63870,AT5G63870.1;AT5G63870.2
AT4G26720,AT4G26720.1
AT1G31730,AT1G31730.1
AT2G23810,AT2G23810.1
AT3G63460,AT3G63460.1;AT3G63460.3
AT2G31170,AT2G31170.1
AT2G22360,AT2G22360.1
AT5G54810,AT5G54810.1
AT3G26740,AT3G26740.1
AT1G24300,AT1G24300.1;AT1G24300.2
AT5G35970,AT5G35970.1
AT1G28490,AT1G28490.1;AT1G28490.2
AT4G31420,AT4G31420.1;AT4G31420.2
AT4G39280,AT4G39280.1;AT4G39280.2
AT2G27960,AT2G27960.1
AT2G20920,AT2G20920.1
AT1G63770,AT1G63770.3;AT1G63770.4
AT1G57620,AT1G57620.1
AT5G16970,AT5G16970.1
AT4G00520,AT4G00520.2;AT4G00520.3
AT3G12370,AT3G12370.1
AT1G10670,AT1G10670.1;AT1G10670.2;AT1G10670.3;AT1G10670.4
AT1G47830,AT1G47830.1
AT3G48330,AT3G48330.1;AT3G48330.2
AT1G33680,AT1G33680.1
ATCG00720,ATCG00720.1
AT4G34460,AT4G34460.1;AT4G34460.3;AT4G34460.4
AT1G60780,AT1G60780.1
AT5G66510,AT5G66510.1
AT3G16980,AT3G16980.1
AT3G27240,AT3G27240.1
AT4G20760,AT4G20760.1
AT2G26590,AT2G26590.1;AT2G26590.2;AT2G26590.3
AT1G35470,AT1G35470.1;AT1G35470.2
AT1G20720,AT1G20720.1;AT1G20750.1
AT1G72710,AT1G72710.1
AT5G58190,AT5G58190.1;AT5G58190.2
AT4G38630,AT4G38630.1
AT2G30520,AT2G30520.1
AT4G23630,AT4G23630.1
AT4G31990,AT4G31990.1;AT4G31990.2;AT4G31990.3;AT4G31990.4
AT4G12420,AT4G12420.1;AT4G12420.2
AT1G23230,AT1G23230.1;AT1G23230.2
AT1G24160,AT1G24160.1;AT1G24160.2
AT3G09250,AT3G09250.1;AT3G09250.2
AT4G12590,AT4G12590.1
AT2G45820,AT2G45820.1
AT4G26760,AT4G26760.1
AT3G56140,AT3G56140.1
AT1G02100,AT1G02100.1;AT1G02100.2;AT1G02100.3
AT3G57470,AT3G57470.1;AT3G57470.2;AT3G57470.3
AT2G04270,AT2G04270.1;AT2G04270.2;AT2G04270.3;AT2G04270.4;AT2G04270.5
AT5G62560,AT5G62560.1
AT3G14067,AT3G14067.1
AT3G49100,AT3G49100.1
AT2G19520,AT2G19520.1
AT5G25070,AT5G25070.1
AT1G53750,AT1G53750.1
AT4G17890,AT4G17890.1
AT2G04390,AT2G04390.1;AT2G05220.1;AT2G05220.2;AT3G10610.1;AT5G04800.1;AT5G04800.2;AT5G04800.3;AT5G04800.4
AT1G76860,AT1G76860.1
AT1G08380,AT1G08380.1
AT4G04910,AT4G04910.1
AT2G20890,AT2G20890.1
ATCG00900,ATCG00900.1;ATCG01240.1
AT1G26830,AT1G26830.1
AT1G36180,AT1G36180.1
AT1G51160,AT1G51160.1;AT1G51160.2
AT1G59610,AT1G59610.1
AT5G38640,AT5G38640.1
AT4G14800,AT4G14800.1
AT3G08580,AT3G08580.1;AT3G08580.2
AT3G04680,AT3G04680.1;AT3G04680.2
AT5G40930,AT5G40930.1
AT5G11450,AT5G11450.1
AT4G36940,AT4G36940.1
AT5G50000,AT5G50000.1
AT2G20690,AT2G20690.1
AT1G06210,AT1G06210.1
AT3G03490,AT3G03490.1
AT2G03800,AT2G03800.1
AT1G53120,AT1G53120.1
AT3G22380,AT3G22380.1;AT3G22380.2
AT2G01290,AT2G01290.1
AT2G31110,AT2G31110.2
AT3G29240,AT3G29240.1;AT3G29240.2
AT4G28360,AT4G28360.1
AT2G26080,AT2G26080.1
AT5G39410,AT5G39410.1
AT4G30620,AT4G30620.1
AT2G30860,AT2G30860.1
AT4G39235,AT4G39235.1
AT3G08590,AT3G08590.1;AT3G08590.2
AT3G10370,AT3G10370.1
AT5G42970,AT5G42970.1
AT4G32070,AT4G32070.1
AT4G39210,AT4G39210.1
AT5G45190,AT5G45190.1;AT5G45190.2
AT3G19420,AT3G19420.1
AT3G61540,AT3G61540.1
AT3G48320,AT3G48320.1
AT5G43745,AT5G43745.1
AT1G77540,AT1G77540.1
AT4G34700,AT4G34700.1
AT4G35360,AT4G35360.1
AT4G21210,AT4G21210.1
AT5G46290,AT5G46290.1;AT5G46290.2
AT1G62800,AT1G62800.1;AT1G62800.2
AT2G23370,AT2G23370.1
AT4G28880,AT4G28880.1
AT1G52600,AT1G52600.1
AT3G59630,AT3G59630.1
AT1G77670,AT1G77670.1
AT3G17880,AT3G17880.1;AT3G17880.2
AT5G37850,AT5G37850.1;AT5G37850.2;AT5G37850.3
AT5G41670,AT5G41670.1;AT5G41670.2
AT2G17972,AT2G17972.1
AT5G35980,AT5G35980.1
AT2G44160,AT2G44160.1
AT5G22950,AT5G22950.1
AT3G17390,AT3G17390.1
AT4G34490,AT4G34490.1
AT5G37690,AT5G37690.1
AT1G44820,AT1G44820.1
AT5G49970,AT5G49970.1
AT5G61970,AT5G61970.1
AT5G14030,AT5G14030.1;AT5G14030.2;AT5G14030.3;AT5G14030.4
AT2G30660,AT2G30660.1
AT3G01310,AT3G01310.2
AT3G14840,AT3G14840.2
AT1G69020,AT1G69020.1
AT3G51750,AT3G51750.1;AT3G51750.2;AT3G51750.3
AT5G58410,AT5G58410.1
AT2G03870,AT2G03870.1;AT2G03870.2
AT3G05625,AT3G05625.1
AT3G15880,AT3G15880.1;AT3G15880.2;AT3G15880.3
AT3G62810,AT3G62810.1
AT1G52260,AT1G52260.1
AT5G58030,AT5G58030.1
AT5G05740,AT5G05740.1;AT5G05740.2;AT5G05740.3
AT4G25550,AT4G25550.1
AT1G79830,AT1G79830.1;AT1G79830.2;AT1G79830.3;AT1G79830.4
AT3G02780,AT3G02780.1
AT1G62710,AT1G62710.1
AT3G27620,AT3G27620.1
AT4G04720,AT4G04720.1
AT3G16910,AT3G16910.1
AT5G13120,AT5G13120.1;AT5G13120.2
AT3G51420,AT3G51420.1
AT1G26220,AT1G26220.1
AT3G57890,AT3G57890.1;AT3G57890.2
AT4G20890,AT4G20890.1
AT1G08510,AT1G08510.1
AT5G44340,AT5G44340.1
AT2G27450,AT2G27450.1;AT2G27450.2
AT5G54660,AT5G54660.1
AT1G18540,AT1G18540.1
AT2G24270,AT2G24270.1;AT2G24270.2;AT2G24270.3;AT2G24270.4
AT5G64220,AT5G64220.1;AT5G64220.2
AT1G32790,AT1G32790.1;AT1G32790.2
AT5G26570,AT5G26570.1
AT3G15690,AT3G15690.2
AT5G44600,AT5G44600.1
AT1G20850,AT1G20850.1
AT5G19440,AT5G19440.1
AT5G17170,AT5G17170.1;AT5G17170.2
AT1G68790,AT1G68790.1
AT1G16210,AT1G16210.1
AT3G54360,AT3G54360.1
AT3G54050,AT3G54050.1;AT3G54050.2
AT3G52960,AT3G52960.1
AT4G09010,AT4G09010.1
AT4G08950,AT4G08950.1
AT3G15660,AT3G15660.1;AT3G15660.2
AT4G21470,AT4G21470.1
AT2G27210,AT2G27210.1;AT2G27210.2
AT5G20490,AT5G20490.1
AT2G32260,AT2G32260.1
AT4G30010,AT4G30010.1
AT5G18400,AT5G18400.1;AT5G18400.2;AT5G18400.3
AT1G05520,AT1G05520.1
AT5G19850,AT5G19850.1
AT3G46630,AT3G46630.1
AT2G19560,AT2G19560.1
AT4G25720,AT4G25720.1;AT4G25720.2;AT4G25720.3
AT3G43300,AT3G43300.2
AT3G60820,AT3G60820.1;AT3G60820.3
AT1G28600,AT1G28600.1
AT2G26930,AT2G26930.1
AT2G32600,AT2G32600.1
ATCG01060,ATCG01060.1
AT3G02830,AT3G02830.1
AT1G03360,AT1G03360.1
AT5G53350,AT5G53350.1
AT1G06570,AT1G06570.1
AT4G20210,AT4G20210.1
AT5G53450,AT5G53450.1;AT5G53450.2
AT1G33990,AT1G33990.1
AT4G00660,AT4G00660.1;AT4G00660.2
AT1G13690,AT1G13690.1
AT1G76990,AT1G76990.1;AT1G76990.2;AT1G76990.3;AT1G76990.4;AT1G76990.5
AT2G38270,AT2G38270.1
AT2G27690,AT2G27690.1
AT1G64500,AT1G64500.1
AT4G01070,AT4G01070.1
AT4G21100,AT4G21100.1
AT4G30580,AT4G30580.1
AT4G17770,AT4G17770.1
AT4G35780,AT4G35780.1
AT3G60180,AT3G60180.1;AT3G60180.2
AT1G71790,AT1G71790.1
AT3G01660,AT3G01660.1
AT2G21220,AT2G21220.1;AT4G38860.1
AT4G24620,AT4G24620.1
AT2G16780,AT2G16780.1
AT1G08200,AT1G08200.1
AT3G16940,AT3G16940.1
AT5G50250,AT5G50250.1
AT4G32960,AT4G32960.1
AT4G23890,AT4G23890.1
AT5G19470,AT5G19470.1;AT5G19470.2
AT1G71220,AT1G71220.1;AT1G71220.2
AT4G00100,AT4G00100.1
AT2G35920,AT2G35920.1
AT5G46180,AT5G46180.1
AT5G27410,AT5G27410.1;AT5G27410.2
AT5G07350,AT5G07350.1;AT5G07350.2
AT2G42610,AT2G42610.1;AT2G42610.2
AT4G33420,AT4G33420.1
AT2G14120,AT2G14120.1;AT2G14120.2;AT2G14120.3
AT5G17870,AT5G17870.1
AT3G59840,AT3G59840.1
AT2G37370,AT2G37370.1
AT2G40730,AT2G40730.1
AT3G18790,AT3G18790.1
AT1G06460,AT1G06460.1
AT4G16265,AT4G16265.1
AT5G48220,AT5G48220.1
AT1G14150,AT1G14150.1
AT1G80360,AT1G80360.1
AT1G51110,AT1G51110.1
AT2G47970,AT2G47970.1
AT4G39540,AT4G39540.1;AT4G39540.2;AT4G39540.3
AT2G17265,AT2G17265.1
AT3G51310,AT3G51310.1
AT2G14260,AT2G14260.1
AT2G36835,AT2G36835.1
AT5G07370,AT5G07370.1;AT5G07370.2;AT5G07370.3;AT5G07370.4
AT3G13290,AT3G13290.1
AT1G23870,AT1G23870.1
AT4G09520,AT4G09520.1
AT1G79010,AT1G79010.1
AT2G41060,AT2G41060.1;AT2G41060.2
AT5G08740,AT5G08740.1
AT1G19000,AT1G19000.1;AT1G19000.2
AT3G02660,AT3G02660.1
AT4G17040,AT4G17040.1
AT1G52670,AT1G52670.1
AT3G09580,AT3G09580.1
AT2G45810,AT2G45810.1
AT3G05000,AT3G05000.1
AT3G47700,AT3G47700.1
AT5G04360,AT5G04360.1
AT4G18060,AT4G18060.1
AT4G14890,AT4G14890.1
AT4G01050,AT4G01050.1
AT1G31230,AT1G31230.1
AT2G35830,AT2G35830.1;AT2G35830.2
AT5G47210,AT5G47210.1
AT1G71860,AT1G71860.1;AT1G71860.3
AT2G47790,AT2G47790.1
AT3G22320,AT3G22320.1
AT3G12110,AT3G12110.1
AT2G03640,AT2G03640.1;AT2G03640.2;AT2G03640.3;AT2G03640.4
AT4G01810,AT4G01810.1
AT2G42070,AT2G42070.1
AT2G03140,AT2G03140.1;AT2G03140.2
AT2G43970,AT2G43970.1
AT2G21390,AT2G21390.1
AT5G58110,AT5G58110.1
AT4G31780,AT4G31780.2
AT2G25280,AT2G25280.1
AT5G62200,AT5G62200.1
AT1G76110,AT1G76110.1
AT2G29570,AT2G29570.1
AT1G78915,AT1G78915.1;AT1G78915.2;AT1G78915.3
AT1G16890,AT1G16890.2
AT5G63880,AT5G63880.1;AT5G63880.2
AT1G13110,AT1G13110.1
AT4G22010,AT4G22010.1
AT1G28960,AT1G28960.1;AT1G28960.2;AT1G28960.3;AT1G28960.4;AT1G28960.5
AT5G55070,AT5G55070.1
AT3G05900,AT3G05900.1
AT3G15290,AT3G15290.1
AT5G59250,AT5G59250.1
AT5G16260,AT5G16260.1
AT5G46210,AT5G46210.1
AT5G05010,AT5G05010.1;AT5G05010.2
AT5G39080,AT5G39080.1
AT1G80560,AT1G80560.1
AT1G42970,AT1G42970.1
AT3G04120,AT3G04120.1
AT1G32470,AT1G32470.1
AT1G51680,AT1G51680.1
AT5G03905,AT5G03905.1
AT3G56690,AT3G56690.1
AT1G50200,AT1G50200.2
AT4G24820,AT4G24820.1;AT4G24820.2
AT2G36070,AT2G36070.1
AT5G58330,AT5G58330.1;AT5G58330.2
AT3G47370,AT3G47370.1;AT3G47370.2;AT3G47370.3
AT1G35680,AT1G35680.1
AT1G02305,AT1G02305.1
AT5G57655,AT5G57655.2
ATCG00160,ATCG00160.1
AT5G28050,AT5G28050.1;AT5G28050.2
AT1G07650,AT1G07650.1;AT1G07650.2
AT3G20820,AT3G20820.1
AT2G17380,AT2G17380.1;AT4G35410.1;AT4G35410.2
AT2G47940,AT2G47940.1
AT3G47430,AT3G47430.1
AT1G08490,AT1G08490.1
AT5G64050,AT5G64050.1
AT3G18760,AT3G18760.1;AT3G18760.2
AT5G55280,AT5G55280.1
AT2G24820,AT2G24820.1
AT1G56700,AT1G56700.1;AT1G56700.2
AT2G02570,AT2G02570.1;AT2G02570.2;AT2G02570.3;AT2G02570.4
AT4G31750,AT4G31750.1
AT2G23740,AT2G23740.1;AT2G23740.2
AT4G15420,AT4G15420.1
AT5G12430,AT5G12430.1
AT5G38060,AT5G38060.1
AT2G06050,AT2G06050.1;AT2G06050.2;AT2G06050.3
AT4G26555,AT4G26555.1
AT4G20410,AT4G20410.1
AT5G50920,AT5G50920.1
AT1G80680,AT1G80680.1
AT1G55500,AT1G55500.1;AT1G55500.2;AT1G55500.3
AT4G29210,AT4G29210.1;AT4G29210.2
AT2G34590,AT2G34590.1
AT2G01470,AT2G01470.1
AT1G12470,AT1G12470.1
AT5G13970,AT5G13970.1
AT2G41250,AT2G41250.1
AT3G51460,AT3G51460.1
AT5G41685,AT5G41685.1
AT5G04740,AT5G04740.1
AT5G52970,AT5G52970.1
AT3G52610,AT3G52610.1
AT1G66670,AT1G66670.1
AT3G51130,AT3G51130.1
AT5G11980,AT5G11980.1
AT5G05000,AT5G05000.1;AT5G05000.2;AT5G05000.3
AT1G05180,AT1G05180.1
AT4G03400,AT4G03400.1
AT5G21990,AT5G21990.1
AT2G30390,AT2G30390.1;AT2G30390.2
AT5G13010,AT5G13010.1
AT5G03040,AT5G03040.1;AT5G03040.2;AT5G03040.3
AT4G02580,AT4G02580.1
AT1G79790,AT1G79790.1
AT4G34120,AT4G34120.1
AT2G45850,AT2G45850.1;AT2G45850.2
AT1G63000,AT1G63000.1
AT4G38930,AT4G38930.1;AT4G38930.2
AT3G52930,AT3G52930.1
AT2G32730,AT2G32730.1
AT1G69340,AT1G69340.1
AT5G47910,AT5G47910.1
AT2G39470,AT2G39470.1;AT2G39470.2
AT3G18860,AT3G18860.1;AT3G18860.2
AT3G54670,AT3G54670.1;AT3G54670.3
AT5G53860,AT5G53860.1;AT5G53860.2;AT5G53860.5
AT2G32850,AT2G32850.1;AT2G32850.2
AT1G24050,AT1G24050.1
AT3G03270,AT3G03270.1;AT3G03270.2
AT2G44230,AT2G44230.1
AT5G60460,AT5G60460.1
AT5G23920,AT5G23920.1
AT4G16143,AT4G16143.1;AT4G16143.2
AT3G02560,AT3G02560.1;AT3G02560.2
AT3G06930,AT3G06930.1;AT3G06930.2
AT5G20290,AT5G20290.1
AT3G04840,AT3G04840.1
AT2G27460,AT2G27460.1
AT4G36530,AT4G36530.1;AT4G36530.2
AT2G02050,AT2G02050.1
AT1G04200,AT1G04200.1
AT5G10470,AT5G10470.1
AT1G17470,AT1G17470.1;AT1G17470.2
AT1G66080,AT1G66080.1
AT4G34870,AT4G34870.1
AT1G12230,AT1G12230.1;AT1G12230.2
AT1G07010,AT1G07010.1;AT1G07010.2
AT1G45000,AT1G45000.1
AT1G70820,AT1G70820.1
AT1G52730,AT1G52730.1;AT1G52730.2
AT3G19130,AT3G19130.1
AT5G01800,AT5G01800.1
AT2G41475,AT2G41475.1
AT1G10590,AT1G10590.1;AT1G10590.2
AT2G17630,AT2G17630.1
AT5G08450,AT5G08450.1;AT5G08450.2;AT5G08450.3
AT1G16560,AT1G16560.1;AT1G16560.2;AT1G16560.3
AT1G25320,AT1G25320.1
AT3G56060,AT3G56060.1
AT1G77180,AT1G77180.1;AT1G77180.2
AT2G38610,AT2G38610.1;AT2G38610.2
AT5G39900,AT5G39900.1
AT3G47620,AT3G47620.1
AT2G41500,AT2G41500.1
AT3G01510,AT3G01510.1
AT2G20790,AT2G20790.1
AT2G30105,AT2G30105.1
AT1G13700,AT1G13700.1
AT4G01290,AT4G01290.1;AT4G01290.2
AT5G57850,AT5G57850.1
AT3G45030,AT3G45030.1;AT5G62300.1;AT5G62300.2
AT5G19720,AT5G19720.1
AT5G13360,AT5G13360.1;AT5G13360.2;AT5G13360.3
AT2G35660,AT2G35660.1
AT3G57560,AT3G57560.1
AT1G49630,AT1G49630.1;AT1G49630.2;AT1G49630.3
AT5G15400,AT5G15400.1
AT5G41950,AT5G41950.1
AT4G38770,AT4G38770.1
AT1G55320,AT1G55320.1
AT1G24460,AT1G24460.2
AT5G04420,AT5G04420.1;AT5G04420.2;AT5G04420.3
AT3G61520,AT3G61520.1;AT5G28370.1;AT5G28460.1
AT5G42960,AT5G42960.1
AT3G58680,AT3G58680.1
AT5G65620,AT5G65620.1
AT4G11740,AT4G11740.1
AT1G31180,AT1G31180.1
AT3G19400,AT3G19400.1;AT3G19400.2
AT1G62540,AT1G62540.1
AT3G45050,AT3G45050.1;AT3G45050.2;AT3G45050.3;AT3G45050.4
AT2G18040,AT2G18040.1
AT5G37190,AT5G37190.1
AT3G18480,AT3G18480.1
AT1G26560,AT1G26560.1
AT1G48900,AT1G48900.1;AT1G48900.2
AT1G64310,AT1G64310.1
AT1G75900,AT1G75900.1
AT3G08910,AT3G08910.1
AT5G42100,AT5G42100.1;AT5G42100.2
AT1G18450,AT1G18450.1
AT3G62120,AT3G62120.1;AT3G62120.2
AT5G12470,AT5G12470.1
AT1G36160,AT1G36160.1;AT1G36160.2
AT5G06830,AT5G06830.1
AT1G74880,AT1G74880.1
AT1G01940,AT1G01940.1
AT3G19980,AT3G19980.1
AT5G11950,AT5G11950.1;AT5G11950.2
AT1G50370,AT1G50370.1
AT4G31200,AT4G31200.1;AT4G31200.2;AT4G31200.3
AT2G22780,AT2G22780.1
AT1G09020,AT1G09020.1
AT4G19150,AT4G19150.1;AT4G19150.2
AT1G04270,AT1G04270.1;AT1G04270.2
AT4G36020,AT4G36020.1
AT4G39260,AT4G39260.1
AT5G52580,AT5G52580.1
AT1G25420,AT1G25420.1
AT3G29400,AT3G29400.1
AT3G23810,AT3G23810.1
AT1G33950,AT1G33950.1;AT1G33950.2
AT1G75790,AT1G75790.1
AT5G01160,AT5G01160.1
AT2G34040,AT2G34040.1
AT5G17510,AT5G17510.1
AT5G08530,AT5G08530.1
AT5G39530,AT5G39530.1
AT1G13930,AT1G13930.1;AT1G13930.2;AT1G13930.3
AT5G05670,AT5G05670.1;AT5G05670.2
ATCG00860,ATCG00860.1;ATCG01280.1
AT3G13870,AT3G13870.1
AT5G41970,AT5G41970.1
AT1G09630,AT1G09630.1
AT4G23040,AT4G23040.1
AT5G13510,AT5G13510.1
AT1G48830,AT1G48830.1;AT1G48830.2
AT1G74050,AT1G74050.1;AT1G74060.1
AT1G79570,AT1G79570.1
AT3G59820,AT3G59820.1
AT5G59910,AT5G59910.1
AT1G17840,AT1G17840.1
AT3G07230,AT3G07230.1
AT5G11770,AT5G11770.1
AT5G43330,AT5G43330.1
AT2G20930,AT2G20930.1
AT3G43170,AT3G43170.1
AT3G05350,AT3G05350.1
AT2G43760,AT2G43760.1;AT2G43760.2;AT2G43760.3
AT3G62240,AT3G62240.1
AT5G57070,AT5G57070.1
AT5G17560,AT5G17560.1
AT3G51550,AT3G51550.1
AT3G02230,AT3G02230.1
AT5G13050,AT5G13050.1
AT1G03950,AT1G03950.1
AT1G64390,AT1G64390.1
AT2G19780,AT2G19780.1
AT3G52380,AT3G52380.1
AT5G63890,AT5G63890.1;AT5G63890.2
AT4G30000,AT4G30000.1;AT4G30000.2
AT1G29810,AT1G29810.1
AT3G07170,AT3G07170.1
AT3G09600,AT3G09600.1;AT3G09600.2
AT1G75270,AT1G75270.1
AT2G02850,AT2G02850.1
AT4G35470,AT4G35470.1
AT5G54270,AT5G54270.1
AT2G25310,AT2G25310.1
AT1G43690,AT1G43690.1
AT5G21100,AT5G21100.1
AT5G08280,AT5G08280.1
AT2G21590,AT2G21590.1;AT2G21590.2
AT3G27230,AT3G27230.1
AT2G40610,AT2G40610.1
AT1G19880,AT1G19880.1
AT3G57340,AT3G57340.1;AT3G57340.2
AT1G64900,AT1G64900.1
AT1G05190,AT1G05190.1
AT3G05710,AT3G05710.1
AT4G16360,AT4G16360.1;AT4G16360.2;AT4G16360.3
AT1G09770,AT1G09770.1
AT1G09130,AT1G09130.1;AT1G09130.2;AT1G09130.3
AT2G22240,AT2G22240.1
AT1G79280,AT1G79280.1;AT1G79280.2;AT1G79280.3
AT2G30170,AT2G30170.1
AT4G17050,AT4G17050.1
AT1G54170,AT1G54170.1
AT4G39730,AT4G39730.1
AT4G00030,AT4G00030.1
AT4G14490,AT4G14490.1
AT5G54750,AT5G54750.1
AT4G27570,AT4G27570.1
AT2G29690,AT2G29690.1
AT3G53230,AT3G53230.1
AT3G42170,AT3G42170.1
AT1G76040,AT1G76040.1;AT1G76040.2
AT1G18660,AT1G18660.4
AT5G57950,AT5G57950.1
AT3G58570,AT3G58570.1
AT5G16810,AT5G16810.1
AT2G24020,AT2G24020.1;AT2G24020.2
AT2G40510,AT2G40510.1
AT4G34620,AT4G34620.1
AT1G22430,AT1G22430.1;AT1G22430.2
AT3G04520,AT3G04520.1
AT3G45140,AT3G45140.1
AT2G31725,AT2G31725.1
AT4G35850,AT4G35850.1
AT5G14105,AT5G14105.1
AT3G58140,AT3G58140.1
AT4G39080,AT4G39080.1
AT2G38670,AT2G38670.1
AT1G78630,AT1G78630.1
AT5G48570,AT5G48570.1
AT5G51430,AT5G51430.1
AT2G41840,AT2G41840.1
AT1G08110,AT1G08110.1;AT1G08110.2;AT1G08110.3;AT1G08110.4
AT1G21660,AT1G21660.1
AT3G48860,AT3G48860.2
AT1G22330,AT1G22330.1;AT1G78260.1;AT1G78260.2
AT2G29400,AT2G29400.1
AT3G18165,AT3G18165.1
AT4G09670,AT4G09670.1
AT5G18230,AT5G18230.2
AT3G49800,AT3G49800.1
AT1G50170,AT1G50170.1
AT5G11490,AT5G11490.1;AT5G11490.2
AT5G19540,AT5G19540.1
AT5G42760,AT5G42760.1;AT5G42760.2
AT5G59730,AT5G59730.1;AT5G59730.2
AT3G59570,AT3G59570.1
AT3G16370,AT3G16370.1
AT4G21445,AT4G21445.1
AT5G60160,AT5G60160.1
AT4G31115,AT4G31115.1;AT4G31115.2
AT5G17070,AT5G17070.1
AT1G05320,AT1G05320.1;AT1G05320.2;AT1G05320.3
AT5G64400,AT5G64400.1;AT5G64400.2
AT3G08510,AT3G08510.1;AT3G08510.2;AT3G08510.3
AT4G18240,AT4G18240.1
AT3G09670,AT3G09670.1;AT3G09670.2
AT1G36730,AT1G36730.1
AT1G79730,AT1G79730.1
AT1G69250,AT1G69250.1;AT1G69250.2
AT2G29420,AT2G29420.1
AT3G16050,AT3G16050.1
AT5G20250,AT5G20250.4
AT3G20720,AT3G20720.1;AT3G20720.2
AT3G07160,AT3G07160.1
AT5G21430,AT5G21430.1;AT5G21430.2
AT4G35250,AT4G35250.1
AT5G42470,AT5G42470.1
AT3G53870,AT3G53870.1
AT5G39510,AT5G39510.1
AT5G17230,AT5G17230.1;AT5G17230.2;AT5G17230.3
AT1G09870,AT1G09870.1
AT2G02510,AT2G02510.1
AT5G22000,AT5G22000.1;AT5G22000.2;AT5G22000.3
AT3G12490,AT3G12490.1
AT4G20360,AT4G20360.1
AT2G41560,AT2G41560.1
AT3G45190,AT3G45190.1
AT1G18150,AT1G18150.1;AT1G18150.2;AT1G18150.3
AT3G09820,AT3G09820.1
AT3G48680,AT3G48680.1
AT5G24710,AT5G24710.1
AT2G26320,AT2G26320.1
AT1G19690,AT1G19690.1
AT3G22845,AT3G22845.1
AT1G29990,AT1G29990.1
AT3G28760,AT3G28760.1;AT3G28760.2
AT1G18870,AT1G18870.1;AT1G18870.2
AT4G13780,AT4G13780.1
AT4G17530,AT4G17530.1
AT1G32520,AT1G32520.1
AT1G60070,AT1G60070.1;AT1G60070.2
AT3G06410,AT3G06410.1
AT1G79990,AT1G79990.1;AT1G79990.3;AT1G79990.5
AT1G71880,AT1G71880.1
AT2G19740,AT2G19740.1;AT4G26230.1;AT5G56710.1
AT2G26280,AT2G26280.1
AT5G01410,AT5G01410.1
AT2G44970,AT2G44970.1;AT2G44970.2
AT2G35790,AT2G35790.1
AT5G42080,AT5G42080.1
AT1G09760,AT1G09760.1
AT4G26900,AT4G26900.1
AT2G20580,AT2G20580.1
AT3G44890,AT3G44890.1
AT4G17140,AT4G17140.1;AT4G17140.2;AT4G17140.3
AT3G02630,AT3G02630.1
AT1G72150,AT1G72150.1
AT1G10430,AT1G10430.1
AT3G62830,AT3G62830.1;AT3G62830.2
AT1G18480,AT1G18480.1
AT5G42070,AT5G42070.1
AT5G12250,AT5G12250.1
AT3G28510,AT3G28510.1
AT2G17190,AT2G17190.1
AT4G26500,AT4G26500.1
AT3G10940,AT3G10940.1
AT4G34920,AT4G34920.1
AT1G22410,AT1G22410.1
AT4G29840,AT4G29840.1
AT1G28290,AT1G28290.1;AT1G28290.2
AT1G73990,AT1G73990.1
AT1G14570,AT1G14570.1;AT1G14570.2
AT3G11450,AT3G11450.1
AT1G05010,AT1G05010.1
AT2G18740,AT2G18740.1;AT2G18740.2;AT4G30330.1
ATMG00070,ATMG00070.1
AT5G06130,AT5G06130.1
AT4G00620,AT4G00620.1
AT2G17360,AT2G17360.1;AT5G07090.1;AT5G07090.2
AT5G37475,AT5G37475.1
AT5G40770,AT5G40770.1
AT2G20360,AT2G20360.1
AT3G24190,AT3G24190.1
AT5G04280,AT5G04280.1
AT3G62020,AT3G62020.1;AT3G62020.2
AT5G65950,AT5G65950.1
AT1G09340,AT1G09340.1
AT1G09100,AT1G09100.1
AT3G05590,AT3G05590.1
AT3G05090,AT3G05090.1;AT3G05090.2
AT5G05960,AT5G05960.1
AT4G14030,AT4G14030.1;AT4G14030.2
AT1G01390,AT1G01390.1
AT5G03280,AT5G03280.1
AT5G59710,AT5G59710.1
AT2G36460,AT2G36460.1
AT5G15640,AT5G15640.1
AT4G27270,AT4G27270.1
AT1G34220,AT1G34220.1;AT1G34220.2
AT1G73530,AT1G73530.1
AT3G23990,AT3G23990.1
AT5G43810,AT5G43810.1;AT5G43810.2
AT5G13640,AT5G13640.1
AT1G19300,AT1G19300.1
AT3G52340,AT3G52340.1;AT3G52340.2;AT3G52340.3
AT1G01790,AT1G01790.1
AT5G57020,AT5G57020.1
AT5G51820,AT5G51820.1
AT4G03120,AT4G03120.1
AT2G38700,AT2G38700.1
AT5G04590,AT5G04590.1
AT2G28470,AT2G28470.1;AT2G28470.2
AT5G55200,AT5G55200.1
AT1G15980,AT1G15980.1
AT5G04885,AT5G04885.1
AT2G42130,AT2G42130.3
AT4G32360,AT4G32360.1
AT3G48740,AT3G48740.1
AT1G02080,AT1G02080.2
AT5G20090,AT5G20090.1;AT5G20090.2
AT1G58807,AT1G58807.1;AT1G58807.2;AT1G59124.1
AT3G05020,AT3G05020.1
AT2G20820,AT2G20820.1;AT2G20820.2
AT3G26500,AT3G26500.1
AT3G06950,AT3G06950.1
AT1G26750,AT1G26750.1
AT4G00290,AT4G00290.1
AT3G06040,AT3G06040.1;AT3G06040.2;AT3G06040.3
AT2G40060,AT2G40060.1
AT4G08390,AT4G08390.1;AT4G08390.2;AT4G08390.3
AT4G11380,AT4G11380.1;AT4G11380.2
AT3G63190,AT3G63190.1
AT5G05980,AT5G05980.2
AT5G16130,AT5G16130.1
AT3G55630,AT3G55630.1;AT3G55630.3
AT5G07460,AT5G07460.1
AT3G48050,AT3G48050.1;AT3G48050.2;AT3G48060.1
AT2G21860,AT2G21860.1
AT2G35630,AT2G35630.1
AT3G20330,AT3G20330.1
AT5G19150,AT5G19150.1;AT5G19150.2
AT1G24560,AT1G24560.1
AT3G46220,AT3G46220.1;AT3G46220.2;AT3G46220.3
AT4G23820,AT4G23820.1
AT5G18550,AT5G18550.1
AT3G02720,AT3G02720.1
AT2G41630,AT2G41630.1
AT4G24830,AT4G24830.1
AT1G29370,AT1G29370.1
AT2G43090,AT2G43090.1
AT1G07990,AT1G07990.1
AT3G10650,AT3G10650.1
AT1G25350,AT1G25350.1
AT3G17210,AT3G17210.1
AT2G46540,AT2G46540.1
AT2G43810,AT2G43810.1;AT2G43810.2
AT2G23820,AT2G23820.2
AT5G16040,AT5G16040.1
ATCG00650,ATCG00650.1
AT2G46900,AT2G46900.1
AT3G61260,AT3G61260.1
AT2G33410,AT2G33410.1
AT1G54270,AT1G54270.1
AT2G17870,AT2G17870.1
AT3G44380,AT3G44380.1
AT5G66550,AT5G66550.1
AT3G27080,AT3G27080.1
AT3G03940,AT3G03940.1
AT2G29070,AT2G29070.2
AT5G43430,AT5G43430.1
AT2G43030,AT2G43030.1
AT1G70610,AT1G70610.1
AT2G38660,AT2G38660.1;AT2G38660.3;AT2G38660.4
AT3G22980,AT3G22980.1
AT3G13120,AT3G13120.1;AT3G13120.2
AT4G34670,AT4G34670.1
AT2G46520,AT2G46520.1
AT4G22305,AT4G22305.1
AT5G42060,AT5G42060.1
AT2G47450,AT2G47450.1
ATCG01110,ATCG01110.1
AT3G26380,AT3G26380.1
AT1G57770,AT1G57770.1
AT3G55360,AT3G55360.1
AT1G71720,AT1G71720.1
ATCG00820,ATCG00820.1
AT3G29185,AT3G29185.1
AT4G14210,AT4G14210.1;AT4G14210.2
AT5G46790,AT5G46790.1
AT2G20940,AT2G20940.1
AT1G61010,AT1G61010.1;AT1G61010.2;AT1G61010.3
AT1G20950,AT1G20950.1
AT1G73660,AT1G73660.1
AT4G26840,AT4G26840.1
AT1G29150,AT1G29150.1
AT1G29850,AT1G29850.1;AT1G29850.2;AT1G29850.3
AT4G02450,AT4G02450.1;AT4G02450.2
AT3G47490,AT3G47490.1;AT3G47490.2;AT3G47490.3
AT2G26010,AT2G26010.1;AT2G26020.1;AT5G44420.1;AT5G44430.1
AT2G21195,AT2G21195.1;AT2G21195.2;AT2G21195.3
AT1G72560,AT1G72560.1;AT1G72560.2;AT1G72560.3
AT5G22620,AT5G22620.1;AT5G22620.2;AT5G22620.3
AT4G12800,AT4G12800.1
AT3G49660,AT3G49660.1
AT2G37500,AT2G37500.1
AT5G26860,AT5G26860.1
AT1G06510,AT1G06510.1
AT2G21270,AT2G21270.1;AT2G21270.2
AT5G64610,AT5G64610.1
AT5G43860,AT5G43860.1
AT1G06200,AT1G06200.1
AT4G23200,AT4G23200.1
AT5G23860,AT5G23860.1;AT5G23860.2
AT5G11900,AT5G11900.1
AT5G60990,AT5G60990.1
AT5G17620,AT5G17620.1
AT4G04950,AT4G04950.1
AT4G33760,AT4G33760.1
AT5G57120,AT5G57120.1
AT4G16580,AT4G16580.1
AT1G71410,AT1G71410.1
AT1G16820,AT1G16820.1;AT1G16820.2
AT5G57870,AT5G57870.1;AT5G57870.2
AT3G47910,AT3G47910.1;AT3G47910.2
AT4G24520,AT4G24520.1;AT4G24520.2
AT3G18780,AT3G18780.2
AT2G20990,AT2G20990.1;AT2G20990.2
AT3G20680,AT3G20680.1
AT4G25960,AT4G25960.1
AT4G38130,AT4G38130.1
AT3G16250,AT3G16250.1
AT1G52380,AT1G52380.1
AT1G48470,AT1G48470.1
AT5G30495,AT5G30495.1;AT5G30495.2
AT4G14160,AT4G14160.1;AT4G14160.2
AT2G37760,AT2G37760.1;AT2G37760.2
AT1G47790,AT1G47790.1
AT1G56330,AT1G56330.1
AT4G12780,AT4G12780.1;AT4G12780.2
AT4G35350,AT4G35350.1
AT4G31480,AT4G31480.1;AT4G31480.2
AT5G56000,AT5G56000.1
AT5G59210,AT5G59210.1;AT5G59210.2
AT4G29130,AT4G29130.1
AT5G13420,AT5G13420.1
AT5G05570,AT5G05570.1;AT5G05570.2
AT3G09970,AT3G09970.1
AT2G34430,AT2G34430.1
AT3G06720,AT3G06720.1;AT3G06720.2
AT3G14240,AT3G14240.1
AT1G07920,AT1G07920.1;AT1G07930.1;AT1G07940.1;AT1G07940.2;AT5G60390.1;AT5G60390.3
AT4G27585,AT4G27585.1
AT4G33945,AT4G33945.1
AT5G27470,AT5G27470.1
AT1G32550,AT1G32550.1;AT1G32550.2
AT1G27090,AT1G27090.1
ATCG00340,ATCG00340.1
AT1G06690,AT1G06690.1
AT5G64380,AT5G64380.1
AT2G44180,AT2G44180.1
AT1G51500,AT1G51500.1;AT3G21090.1
AT5G36170,AT5G36170.1;AT5G36170.2
AT5G52560,AT5G52560.1
AT3G26560,AT3G26560.1
AT4G05090,AT4G05090.1
AT1G62740,AT1G62740.1
AT2G20530,AT2G20530.1;AT2G20530.2
AT4G38800,AT4G38800.1
AT2G18330,AT2G18330.1
ATCG00350,ATCG00350.1
AT1G29965,AT1G29965.1;AT1G29970.2
AT5G59950,AT5G59950.1;AT5G59950.5
AT1G24510,AT1G24510.1
AT2G24420,AT2G24420.1;AT2G24420.2
AT5G09900,AT5G09900.1;AT5G09900.2
AT5G28840,AT5G28840.1;AT5G28840.2
AT1G31780,AT1G31780.1
AT1G01910,AT1G01910.1;AT1G01910.2;AT1G01910.4
AT1G22730,AT1G22730.1
AT1G67630,AT1G67630.1
AT5G16760,AT5G16760.1
AT3G47650,AT3G47650.1
AT3G53220,AT3G53220.1
AT4G08280,AT4G08280.1
AT3G52750,AT3G52750.1
AT5G21160,AT5G21160.1;AT5G21160.2;AT5G21160.3
AT3G51780,AT3G51780.1
AT4G17470,AT4G17470.1;AT4G17470.2;AT4G17470.3
AT2G27170,AT2G27170.1;AT2G27170.2
AT2G24250,AT2G24250.1;AT2G24250.2
AT4G00860,AT4G00860.1
AT3G20800,AT3G20800.1
AT3G60370,AT3G60370.1
AT4G34050,AT4G34050.1
AT2G21470,AT2G21470.1;AT2G21470.3
AT1G55900,AT1G55900.1;AT1G55900.2
AT4G15130,AT4G15130.1
AT2G04690,AT2G04690.1;AT2G04690.2
AT1G52360,AT1G52360.1;AT1G52360.2
AT5G54900,AT5G54900.1
AT3G56900,AT3G56900.1
AT4G02770,AT4G02770.1
AT4G24400,AT4G24400.1
AT1G48520,AT1G48520.1
AT4G01800,AT4G01800.1
AT3G53710,AT3G53710.1;AT3G53710.2
AT3G50000,AT3G50000.1
AT1G61150,AT1G61150.1;AT1G61150.2;AT1G61150.4;AT1G61150.5;AT1G61150.6
AT1G07320,AT1G07320.1
AT5G61900,AT5G61900.1;AT5G61900.3;AT5G61910.4
AT1G24110,AT1G24110.1
AT3G47390,AT3G47390.1;AT3G47390.2
AT5G24020,AT5G24020.1
AT3G18110,AT3G18110.1
AT2G33800,AT2G33800.1
AT3G16640,AT3G16640.1
AT1G08360,AT1G08360.1
AT5G67320,AT5G67320.1
AT5G45020,AT5G45020.1;AT5G45020.2
AT5G12960,AT5G12960.1
AT4G37870,AT4G37870.1
AT1G55260,AT1G55260.1;AT1G55260.2
AT1G11750,AT1G11750.1;AT1G11750.2
AT1G58380,AT1G58380.1;AT1G58684.1;AT1G58983.1;AT1G59359.1
AT2G25970,AT2G25970.1
AT5G61840,AT5G61840.1
AT2G47960,AT2G47960.1
AT5G53170,AT5G53170.1
AT1G30230,AT1G30230.1;AT1G30230.2
AT5G59880,AT5G59880.1
AT2G21060,AT2G21060.1
AT5G62740,AT5G62740.1
AT2G46505,AT2G46505.1
AT3G55430,AT3G55430.1
AT2G23070,AT2G23070.1
AT1G48170,AT1G48170.1
AT5G56130,AT5G56130.1
AT3G62010,AT3G62010.1;AT3G62010.2
AT1G31800,AT1G31800.1
AT2G33330,AT2G33330.1
AT3G12580,AT3G12580.1
AT1G07890,AT1G07890.1;AT1G07890.2;AT1G07890.3;AT1G07890.4;AT1G07890.5;AT1G07890.6;AT1G07890.7;AT1G07890.8
AT3G03980,AT3G03980.1
AT5G09450,AT5G09450.1
AT1G48410,AT1G48410.1;AT1G48410.2;AT1G48410.3
AT5G13260,AT5G13260.1
AT5G67500,AT5G67500.1;AT5G67500.2
AT4G14570,AT4G14570.1
AT2G26670,AT2G26670.1
AT4G05420,AT4G05420.1;AT4G05420.2
AT5G57460,AT5G57460.1
AT2G27200,AT2G27200.1
AT5G35590,AT5G35590.1
AT2G20330,AT2G20330.1
AT2G30150,AT2G30150.1
AT2G24360,AT2G24360.1
AT2G05830,AT2G05830.1
AT3G14620,AT3G14620.1
AT1G52220,AT1G52220.1
AT1G80030,AT1G80030.1;AT1G80030.2;AT1G80030.3
AT4G33650,AT4G33650.1;AT4G33650.2
AT1G33120,AT1G33120.1;AT1G33140.1
AT4G35570,AT4G35570.1
AT5G51550,AT5G51550.1
AT2G31060,AT2G31060.2
AT3G05570,AT3G05570.1
AT5G58060,AT5G58060.1;AT5G58060.2
AT1G04850,AT1G04850.1
AT3G11560,AT3G11560.2;AT3G11560.3;AT3G11560.4
AT1G44835,AT1G44835.1
AT5G51200,AT5G51200.1
AT3G50590,AT3G50590.1
AT3G12010,AT3G12010.1
AT1G65700,AT1G65700.1;AT1G65700.2
AT3G27850,AT3G27850.1
AT4G12730,AT4G12730.1
AT5G09440,AT5G09440.1
AT2G45300,AT2G45300.1
AT5G65720,AT5G65720.1
AT1G55810,AT1G55810.1;AT1G55810.3
AT2G33610,AT2G33610.1
AT5G65270,AT5G65270.1
AT4G15415,AT4G15415.1;AT4G15415.2
AT2G29540,AT2G29540.1;AT2G29540.2;AT2G29540.3
AT4G39520,AT4G39520.1
AT4G19006,AT4G19006.1
AT5G53400,AT5G53400.1
AT4G05450,AT4G05450.1
AT4G31170,AT4G31170.1;AT4G31170.2;AT4G31170.3;AT4G31170.4
AT4G01690,AT4G01690.1
AT4G34110,AT4G34110.1
AT3G17465,AT3G17465.1
AT3G46560,AT3G46560.1
AT2G31955,AT2G31955.1;AT2G31955.2;AT2G31955.3
AT4G34200,AT4G34200.1
AT1G62810,AT1G62810.1
AT5G61240,AT5G61240.2
AT5G56730,AT5G56730.1
AT4G32320,AT4G32320.1
AT2G15860,AT2G15860.1;AT2G15860.2
AT1G69530,AT1G69530.1;AT1G69530.2;AT1G69530.3;AT1G69530.4;AT1G69530.5
AT5G23310,AT5G23310.1
AT1G06060,AT1G06060.1
AT2G39795,AT2G39795.1
AT1G32500,AT1G32500.1
AT5G28850,AT5G28850.2;AT5G28900.1
AT3G62910,AT3G62910.1
AT2G25840,AT2G25840.1;AT2G25840.2
AT3G05420,AT3G05420.1;AT3G05420.2
AT2G45440,AT2G45440.1
AT3G56490,AT3G56490.1
AT5G58070,AT5G58070.1
AT1G28150,AT1G28150.1
AT5G15980,AT5G15980.1
AT5G13370,AT5G13370.1
AT1G73060,AT1G73060.1
AT5G17920,AT5G17920.1;AT5G17920.2
AT5G16570,AT5G16570.1
AT5G12950,AT5G12950.1
AT1G15930,AT1G15930.1;AT1G15930.2
AT3G45740,AT3G45740.1
AT3G58530,AT3G58530.1
AT5G52240,AT5G52240.1
AT5G47040,AT5G47040.1
AT5G48440,AT5G48440.1
AT3G58460,AT3G58460.1;AT3G58460.2
AT2G20480,AT2G20480.1
AT2G23200,AT2G23200.1
AT1G54990,AT1G54990.1
AT3G02870,AT3G02870.1
AT1G67930,AT1G67930.1
AT1G06070,AT1G06070.1
AT3G02420,AT3G02420.1
AT2G45220,AT2G45220.1
AT4G22360,AT4G22360.1
AT1G64520,AT1G64520.1
ATCG01010,ATCG01010.1
AT2G16070,AT2G16070.1;AT2G16070.2
AT3G54840,AT3G54840.1;AT3G54840.2
AT4G00530,AT4G00530.1
AT1G53670,AT1G53670.1
AT2G21650,AT2G21650.1
AT1G16810,AT1G16810.1;AT1G16810.2
AT1G78690,AT1G78690.1
AT4G25650,AT4G25650.1;AT4G25650.2
AT1G35620,AT1G35620.1
AT1G20620,AT1G20620.1
AT3G15020,AT3G15020.1
AT4G13720,AT4G13720.1
AT5G12240,AT5G12240.1;AT5G12240.2
AT3G20390,AT3G20390.1
AT4G33400,AT4G33400.1
AT5G17290,AT5G17290.1
AT1G12820,AT1G12820.1;AT3G26810.1
AT5G39340,AT5G39340.1
AT2G18100,AT2G18100.1
AT1G67350,AT1G67350.1;AT1G67350.2
AT2G05120,AT2G05120.1
AT3G20630,AT3G20630.1
AT3G17590,AT3G17590.1
AT2G23000,AT2G23000.1
AT4G38690,AT4G38690.1
AT5G65930,AT5G65930.1;AT5G65930.2;AT5G65930.3
AT3G54860,AT3G54860.1;AT3G54860.2
AT3G55070,AT3G55070.1
AT2G42210,AT2G42210.2
AT1G27435,AT1G27435.1
AT1G12140,AT1G12140.1
AT2G17640,AT2G17640.1
AT4G29410,AT4G29410.1;AT4G29410.2
AT1G23440,AT1G23440.1
AT2G37020,AT2G37020.1;AT2G37020.2
AT4G15110,AT4G15110.1
AT3G52150,AT3G52150.1;AT3G52150.2
AT5G01390,AT5G01390.1;AT5G01390.4
AT2G37160,AT2G37160.1;AT2G37160.2
AT3G11170,AT3G11170.1
AT1G48860,AT1G48860.1;AT1G48860.2
AT5G39210,AT5G39210.1
AT3G10670,AT3G10670.1
AT5G41050,AT5G41050.1
AT4G33350,AT4G33350.1
AT2G30260,AT2G30260.1
AT5G14220,AT5G14220.1
AT4G21830,AT4G21830.1;AT4G21830.2;AT4G21840.1
AT3G12760,AT3G12760.1
AT2G04750,AT2G04750.1
AT3G26710,AT3G26710.1
AT5G55610,AT5G55610.1;AT5G55610.2
AT4G17560,AT4G17560.1
AT5G08040,AT5G08040.1
AT1G73110,AT1G73110.1
AT1G16880,AT1G16880.1
AT4G20020,AT4G20020.1;AT4G20020.2
AT3G10405,AT3G10405.1
AT3G01980,AT3G01980.1;AT3G01980.3;AT3G01980.4
AT3G09350,AT3G09350.1
AT4G21660,AT4G21660.1;AT4G21660.2
AT1G08480,AT1G08480.1
AT1G19580,AT1G19580.1
AT1G66580,AT1G66580.1
AT4G14370,AT4G14370.1
AT1G52510,AT1G52510.1
AT3G18820,AT3G18820.1
AT2G02740,AT2G02740.1;AT2G02740.2
AT3G25545,AT3G25545.1
AT2G41620,AT2G41620.1
AT3G18940,AT3G18940.1
AT1G04810,AT1G04810.1
AT2G44650,AT2G44650.1
AT1G80670,AT1G80670.1
AT4G39120,AT4G39120.1
AT3G46100,AT3G46100.1
ATCG00020,ATCG00020.1
AT5G24300,AT5G24300.1;AT5G24300.2
AT3G19760,AT3G19760.1
AT5G66880,AT5G66880.1
AT5G47710,AT5G47710.1;AT5G47710.2
AT1G65070,AT1G65070.1;AT1G65070.2
AT2G05790,AT2G05790.1
AT2G26780,AT2G26780.1
AT5G61030,AT5G61030.1
AT5G51280,AT5G51280.1
AT5G53070,AT5G53070.1
AT1G65650,AT1G65650.1
AT4G15550,AT4G15550.1
AT1G12800,AT1G12800.1
ATCG00380,ATCG00380.1
AT1G55930,AT1G55930.1
AT1G02560,AT1G02560.1
AT1G14170,AT1G14170.1
AT1G62750,AT1G62750.1
AT2G34970,AT2G34970.1
AT5G58250,AT5G58250.1
AT4G18460,AT4G18460.1
AT3G26630,AT3G26630.1
AT4G34240,AT4G34240.1
AT5G46250,AT5G46250.1
AT2G07340,AT2G07340.1
AT4G04880,AT4G04880.1
AT3G16560,AT3G16560.1
AT5G64070,AT5G64070.1
AT4G21710,AT4G21710.1
AT3G15010,AT3G15010.1;AT3G15010.2
AT4G29260,AT4G29260.1
AT2G22650,AT2G22650.1
AT3G63150,AT3G63150.1
AT5G44320,AT5G44320.1
AT2G26440,AT2G26440.1
AT5G08580,AT5G08580.1
AT5G60170,AT5G60170.1;AT5G60170.2
AT3G21230,AT3G21230.1
AT5G57030,AT5G57030.1
AT5G63310,AT5G63310.1
AT3G30841,AT3G30841.1
AT5G43600,AT5G43600.1
AT1G36280,AT1G36280.1
AT1G75330,AT1G75330.1
AT1G06240,AT1G06240.1
AT5G41520,AT5G41520.1
AT3G48870,AT3G48870.1;AT3G48870.2
AT1G62180,AT1G62180.1
AT3G11710,AT3G11710.1
AT5G06220,AT5G06220.1
AT1G43860,AT1G43860.1
AT3G09300,AT3G09300.1
AT5G07120,AT5G07120.1
AT5G40810,AT5G40810.1;AT5G40810.2
AT2G42810,AT2G42810.1
AT5G51220,AT5G51220.1
AT5G06970,AT5G06970.1
AT3G20935,AT3G20935.1;AT3G20940.1;AT3G20950.1
AT5G55230,AT5G55230.1
AT5G62810,AT5G62810.1
AT3G53150,AT3G53150.1
AT1G03630,AT1G03630.1;AT1G03630.2
AT4G39640,AT4G39640.1;AT4G39640.2
AT5G05780,AT5G05780.1
AT1G48480,AT1G48480.1
AT1G32990,AT1G32990.1
AT1G67440,AT1G67440.1
AT5G44110,AT5G44110.1
AT5G46860,AT5G46860.1
AT2G06850,AT2G06850.1
AT2G27970,AT2G27970.1
AT3G17840,AT3G17840.1
AT3G20410,AT3G20410.1
AT5G04750,AT5G04750.1
AT3G62360,AT3G62360.1
AT5G11880,AT5G11880.1
AT1G04400,AT1G04400.1;AT1G04400.2
AT4G14430,AT4G14430.1
AT3G21110,AT3G21110.1;AT3G21110.2
AT5G44200,AT5G44200.1;AT5G44200.2
AT1G59700,AT1G59700.1
AT1G02890,AT1G02890.1;AT1G02890.2
AT3G02900,AT3G02900.1;AT3G02900.2
AT3G47520,AT3G47520.1
AT5G51700,AT5G51700.1
AT5G27850,AT5G27850.1
AT4G34660,AT4G34660.1
AT4G38780,AT4G38780.1
AT2G20960,AT2G20960.1
AT5G60790,AT5G60790.1
AT5G47650,AT5G47650.1
AT5G14260,AT5G14260.1;AT5G14260.2;AT5G14260.3
AT4G39910,AT4G39910.1
AT5G47690,AT5G47690.1;AT5G47690.2;AT5G47690.3
AT4G24680,AT4G24680.1
AT1G48620,AT1G48620.1
AT1G20540,AT1G20540.1
AT4G23100,AT4G23100.1;AT4G23100.3
AT4G28780,AT4G28780.1
AT4G17370,AT4G17370.1
AT4G35000,AT4G35000.1
AT4G34930,AT4G34930.1
AT3G14690,AT3G14690.1
AT3G51250,AT3G51250.1
AT3G44320,AT3G44320.1
AT4G01970,AT4G01970.1
AT4G14930,AT4G14930.1
AT5G27030,AT5G27030.1;AT5G27030.2
AT3G11070,AT3G11070.1
AT2G27530,AT2G27530.1;AT2G27530.2
ATMG00560,ATMG00560.1
AT2G32920,AT2G32920.1
AT3G52720,AT3G52720.1
AT5G54440,AT5G54440.1
AT1G14650,AT1G14650.1;AT1G14650.2
AT1G66840,AT1G66840.1
AT1G66430,AT1G66430.1
AT3G11220,AT3G11220.1;AT3G11220.2
AT1G31710,AT1G31710.1
AT1G65220,AT1G65220.1
AT5G18430,AT5G18430.1
AT1G64770,AT1G64770.1
AT5G62575,AT5G62575.1;AT5G62575.2
AT5G10350,AT5G10350.1;AT5G10350.2
AT1G01290,AT1G01290.1;AT1G01290.2
AT1G27130,AT1G27130.1
AT2G37620,AT2G37620.1;AT2G37620.2;AT3G53750.1
AT5G59140,AT5G59140.1
AT1G57720,AT1G57720.1;AT1G57720.2
AT1G62780,AT1G62780.1
AT5G23890,AT5G23890.1
AT4G26000,AT4G26000.1
AT3G15570,AT3G15570.1
AT3G05410,AT3G05410.2
AT3G44110,AT3G44110.1
AT3G55200,AT3G55200.1;AT3G55220.1
AT1G19730,AT1G19730.1
AT5G46070,AT5G46070.1
AT4G01100,AT4G01100.1;AT4G01100.2
AT3G12600,AT3G12600.1;AT3G12600.2
AT5G49020,AT5G49020.1;AT5G49020.2
AT5G04900,AT5G04900.1
AT4G33030,AT4G33030.1
AT1G55090,AT1G55090.1
AT4G30680,AT4G30680.1
AT5G45390,AT5G45390.1
AT4G16830,AT4G16830.1
AT5G63190,AT5G63190.1;AT5G63190.2
AT5G45620,AT5G45620.1
AT5G10170,AT5G10170.1
AT1G02140,AT1G02140.1
AT3G25520,AT3G25520.1
AT1G02090,AT1G02090.1
AT3G07420,AT3G07420.1
AT4G38470,AT4G38470.1
AT1G27900,AT1G27900.1
AT5G63380,AT5G63380.1
AT5G17020,AT5G17020.1;AT5G17020.2
AT3G15980,AT3G15980.1;AT3G15980.2;AT3G15980.3;AT3G15980.4
AT3G02110,AT3G02110.1
AT2G38770,AT2G38770.1
AT1G14830,AT1G14830.1
AT5G65110,AT5G65110.1;AT5G65110.2
AT4G16155,AT4G16155.1
AT1G71270,AT1G71270.1
AT5G38830,AT5G38830.1
AT1G24310,AT1G24310.1
AT1G76550,AT1G76550.1
AT1G19920,AT1G19920.1
AT3G10130,AT3G10130.1
AT3G54470,AT3G54470.1
AT5G51980,AT5G51980.1
AT2G47850,AT2G47850.1;AT2G47850.2;AT2G47850.3
AT5G09650,AT5G09650.1
AT2G44610,AT2G44610.1
AT1G13950,AT1G13950.1
AT3G08920,AT3G08920.1
AT4G11570,AT4G11570.1;AT4G11570.2
AT4G00400,AT4G00400.1
AT5G27380,AT5G27380.1
AT2G27680,AT2G27680.1
AT5G13560,AT5G13560.1
AT5G46110,AT5G46110.1;AT5G46110.3;AT5G46110.4
AT5G43960,AT5G43960.1;AT5G43960.2
AT5G16050,AT5G16050.1
AT4G08520,AT4G08520.1
AT3G51830,AT3G51830.1
AT1G60850,AT1G60850.1;AT1G60850.2
AT4G33580,AT4G33580.1
AT1G14810,AT1G14810.1
AT5G59610,AT5G59610.1
AT2G38870,AT2G38870.1
AT5G42570,AT5G42570.1
AT5G51120,AT5G51120.1
AT3G01910,AT3G01910.1
AT5G51880,AT5G51880.1
AT3G11830,AT3G11830.1
AT2G36485,AT2G36485.1
AT4G11860,AT4G11860.1
AT4G05000,AT4G05000.1;AT4G05000.2
AT5G15200,AT5G15200.1
AT5G61140,AT5G61140.2
AT3G06400,AT3G06400.1;AT3G06400.2;AT3G06400.3
AT1G25380,AT1G25380.1
AT4G30220,AT4G30220.1
AT3G62450,AT3G62450.1
AT2G36160,AT2G36160.1
AT4G24750,AT4G24750.1
AT3G05070,AT3G05070.1
AT5G13110,AT5G13110.1
AT3G25230,AT3G25230.1;AT3G25230.2
AT5G25460,AT5G25460.1
AT5G06580,AT5G06580.1
AT1G03860,AT1G03860.2
AT2G18510,AT2G18510.1
AT2G34660,AT2G34660.1;AT2G34660.2
AT1G72010,AT1G72010.1
AT2G45630,AT2G45630.2
AT3G58840,AT3G58840.1;AT3G58840.2
AT1G03475,AT1G03475.1
AT4G37925,AT4G37925.1
AT2G42910,AT2G42910.1
AT1G72040,AT1G72040.1
AT1G67140,AT1G67140.1;AT1G67140.2;AT1G67140.3
AT5G49510,AT5G49510.1;AT5G49510.2
AT2G04880,AT2G04880.1;AT2G04880.2
AT3G18420,AT3G18420.1
AT4G01480,AT4G01480.1
AT1G20090,AT1G20090.1;AT1G75840.1
AT5G50200,AT5G50200.1;AT5G50200.2;AT5G50200.3
AT5G49980,AT5G49980.1
AT1G02330,AT1G02330.1
AT4G26520,AT4G26520.1
AT1G19720,AT1G19720.1
AT1G20580,AT1G20580.1
AT4G04180,AT4G04180.1
AT1G74690,AT1G74690.1
AT5G52780,AT5G52780.1
AT5G20890,AT5G20890.1
AT3G01440,AT3G01440.1
AT5G58590,AT5G58590.1
AT2G46910,AT2G46910.1
AT1G19140,AT1G19140.1;AT1G19140.2
AT2G28950,AT2G28950.1
AT3G16420,AT3G16420.1;AT3G16420.2;AT3G16420.3
AT3G19450,AT3G19450.1
AT1G08680,AT1G08680.1
AT2G20340,AT2G20340.1
AT1G09640,AT1G09640.1
AT3G53430,AT3G53430.1
AT5G40490,AT5G40490.1
AT3G12070,AT3G12070.1;AT3G12070.2
AT5G56600,AT5G56600.1;AT5G56600.2
AT2G33340,AT2G33340.1;AT2G33340.2
AT5G50950,AT5G50950.2
AT2G04520,AT2G04520.1
AT1G66740,AT1G66740.1
AT3G04190,AT3G04190.1
AT4G24730,AT4G24730.2;AT4G24730.3
AT1G53430,AT1G53430.1;AT1G53430.2
AT2G43770,AT2G43770.1
AT5G38290,AT5G38290.1;AT5G38290.2
AT4G24880,AT4G24880.1
AT1G76080,AT1G76080.1
AT5G53580,AT5G53580.1
AT5G23540,AT5G23540.1;AT5G23540.2
AT1G04820,AT1G04820.1;AT1G50010.1
AT5G51300,AT5G51300.1;AT5G51300.2;AT5G51300.3
AT3G03960,AT3G03960.1
AT3G58510,AT3G58510.1;AT3G58510.2;AT3G58510.3
AT1G72020,AT1G72020.1
AT5G16070,AT5G16070.1
AT4G14300,AT4G14300.1
ATCG00580,ATCG00580.1
AT5G48230,AT5G48230.2
AT1G79930,AT1G79930.1;AT1G79930.2
AT1G26630,AT1G26630.1
AT3G12345,AT3G12345.1
AT1G55150,AT1G55150.1
AT2G38530,AT2G38530.1
AT3G52850,AT3G52850.1
AT3G10260,AT3G10260.1;AT3G10260.2;AT3G10260.3
AT5G58470,AT5G58470.1;AT5G58470.2
AT2G26380,AT2G26380.1
AT5G07340,AT5G07340.1;AT5G07340.2
AT5G63100,AT5G63100.1
AT1G65270,AT1G65270.1;AT1G65270.2;AT1G65270.3
AT1G78270,AT1G78270.1
AT4G10320,AT4G10320.1
AT5G02250,AT5G02250.1
AT3G18050,AT3G18050.1
AT4G35490,AT4G35490.1
AT1G56070,AT1G56070.1
AT5G14170,AT5G14170.1
AT5G22120,AT5G22120.1
AT1G29250,AT1G29250.1
AT1G67950,AT1G67950.1;AT1G67950.2;AT1G67950.3
AT1G50200,AT1G50200.1
AT5G10010,AT5G10010.1
AT5G44400,AT5G44400.1
AT1G20630,AT1G20630.1
AT1G18630,AT1G18630.1
AT5G57130,AT5G57130.1
AT1G34360,AT1G34360.1
AT1G18260,AT1G18260.1
AT5G47010,AT5G47010.1
AT2G31490,AT2G31490.1
AT4G05390,AT4G05390.1
AT5G10770,AT5G10770.1
AT5G14910,AT5G14910.1
AT5G22330,AT5G22330.1
AT4G02570,AT4G02570.1;AT4G02570.2;AT4G02570.3;AT4G02570.4
AT3G04610,AT3G04610.1
AT5G45900,AT5G45900.1
AT5G02870,AT5G02870.1;AT5G02870.2
AT1G49540,AT1G49540.1;AT1G49540.2
AT3G15790,AT3G15790.1
AT5G22040,AT5G22040.1;AT5G22040.2;AT5G22040.3
AT5G11110,AT5G11110.1
AT4G04670,AT4G04670.1
AT4G32915,AT4G32915.1
AT5G13710,AT5G13710.1;AT5G13710.2
AT2G28900,AT2G28900.1
AT1G10360,AT1G10360.1
AT3G48730,AT3G48730.1
AT3G02540,AT3G02540.1;AT3G02540.3
AT1G50600,AT1G50600.1
AT3G63260,AT3G63260.1;AT3G63260.2
AT2G22795,AT2G22795.1
AT2G23930,AT2G23930.1;AT2G23930.2;AT3G11500.1
AT3G57410,AT3G57410.1
AT1G27752,AT1G27752.1
AT3G12050,AT3G12050.1
AT4G20440,AT4G20440.1;AT4G20440.2;AT4G20440.3;AT4G20440.4;AT5G44500.1;AT5G44500.2
AT2G21150,AT2G21150.1
AT4G23920,AT4G23920.1
AT1G61250,AT1G61250.1;AT1G61250.2
AT2G31070,AT2G31070.1
AT1G74960,AT1G74960.1;AT1G74960.2;AT1G74960.3
AT3G04340,AT3G04340.1
AT5G38470,AT5G38470.1
AT4G02500,AT4G02500.1
AT1G07770,AT1G07770.1;AT1G07770.2;AT5G59850.1
AT5G61790,AT5G61790.1
AT3G06290,AT3G06290.1
AT4G36810,AT4G36810.1
AT2G34510,AT2G34510.1
AT3G51670,AT3G51670.1
AT4G13200,AT4G13200.1
AT3G53740,AT3G53740.1;AT3G53740.2;AT3G53740.3;AT3G53740.4
AT2G39840,AT2G39840.1
AT5G42950,AT5G42950.1
AT1G14620,AT1G14620.1;AT1G14620.2
AT5G64330,AT5G64330.1
AT2G38730,AT2G38730.1
AT1G54080,AT1G54080.1;AT1G54080.2
AT4G26100,AT4G26100.1
AT5G20360,AT5G20360.1
AT5G45670,AT5G45670.1
AT5G14250,AT5G14250.1
AT1G75990,AT1G75990.1
AT2G38410,AT2G38410.1
AT1G74310,AT1G74310.1
AT5G54380,AT5G54380.1
AT1G26230,AT1G26230.1;AT1G26230.2
AT5G56740,AT5G56740.1
AT3G04830,AT3G04830.1;AT3G04830.2
AT2G21660,AT2G21660.1
AT5G24350,AT5G24350.1;AT5G24350.2
AT4G19830,AT4G19830.1
AT1G77470,AT1G77470.1
AT2G45260,AT2G45260.1;AT4G33320.1;AT4G34080.1;AT4G36100.1
AT3G53970,AT3G53970.1
AT3G53120,AT3G53120.1
AT2G25210,AT2G25210.1;AT4G31985.1
AT5G56280,AT5G56280.1
AT2G39260,AT2G39260.1
AT1G69460,AT1G69460.1
AT3G63490,AT3G63490.1
ATCG00670,ATCG00670.1
AT3G21280,AT3G21280.1
AT2G07707,AT2G07707.1;ATMG00480.1
AT5G23820,AT5G23820.1
AT1G45130,AT1G45130.1
AT1G68530,AT1G68530.1
AT3G19650,AT3G19650.1
AT1G44790,AT1G44790.1
AT5G54730,AT5G54730.1
AT5G42765,AT5G42765.1
AT1G66260,AT1G66260.1;AT1G66260.2
AT5G66140,AT5G66140.1
AT4G24690,AT4G24690.1
AT1G78150,AT1G78150.1;AT1G78150.2;AT1G78150.3
AT4G01560,AT4G01560.1
AT1G64550,AT1G64550.1
AT1G12240,AT1G12240.1
AT1G04170,AT1G04170.1
AT3G48140,AT3G48140.1
AT3G08960,AT3G08960.1
AT1G04420,AT1G04420.1
AT1G02130,AT1G02130.1
AT2G42230,AT2G42230.1;AT2G42230.2
AT4G32520,AT4G32520.1;AT4G32520.2
AT5G67030,AT5G67030.1
AT5G58240,AT5G58240.1;AT5G58240.2
AT1G06550,AT1G06550.1
ATCG00540,ATCG00540.1
AT5G19750,AT5G19750.1
AT1G66070,AT1G66070.1;AT1G66070.2
AT3G60880,AT3G60880.1;AT3G60880.2
AT1G05270,AT1G05270.1
AT1G68260,AT1G68260.1
AT2G34420,AT2G34420.1
AT3G51800,AT3G51800.1;AT3G51800.3
AT4G30490,AT4G30490.1
AT2G39080,AT2G39080.1
AT4G14540,AT4G14540.1
AT1G29750,AT1G29750.1;AT1G29750.2
AT2G43410,AT2G43410.1;AT2G43410.2;AT2G43410.3;AT2G43410.4
AT3G01060,AT3G01060.1;AT3G01060.2
AT1G30470,AT1G30470.1
AT2G05990,AT2G05990.1;AT2G05990.2
AT3G52390,AT3G52390.1;AT3G52390.2
AT5G46960,AT5G46960.1
AT5G04510,AT5G04510.1
AT2G11520,AT2G11520.1;AT4G00330.1;AT5G58940.1
AT1G26880,AT1G26880.1
AT1G29910,AT1G29910.1;AT1G29920.1
AT5G19510,AT5G19510.1
AT5G19620,AT5G19620.1
AT1G32130,AT1G32130.1;AT1G32130.2
AT2G17700,AT2G17700.1
AT4G00810,AT4G00810.1;AT4G00810.2
AT1G80600,AT1G80600.1
AT5G03900,AT5G03900.2
AT4G14110,AT4G14110.1
AT2G26060,AT2G26060.1
AT5G24260,AT5G24260.1
AT4G33510,AT4G33510.1
AT5G43500,AT5G43500.1;AT5G43500.2
AT2G06990,AT2G06990.1
AT5G42190,AT5G42190.1
AT4G14870,AT4G14870.1
AT5G44130,AT5G44130.1
AT3G57870,AT3G57870.1
AT4G19490,AT4G19490.1;AT4G19490.2
AT3G07320,AT3G07320.1
AT1G48350,AT1G48350.1
AT3G54760,AT3G54760.1;AT3G54760.2
AT4G37300,AT4G37300.1
AT3G19508,AT3G19508.1
AT4G18800,AT4G18800.1
AT1G13020,AT1G13020.1
AT1G12410,AT1G12410.1
AT4G22310,AT4G22310.1
AT5G64270,AT5G64270.1
AT3G11210,AT3G11210.1
AT2G37640,AT2G37640.1
AT3G20810,AT3G20810.1;AT3G20810.2;AT3G20810.3
AT5G26830,AT5G26830.1
AT4G13670,AT4G13670.1
AT1G04080,AT1G04080.1;AT1G04080.3
AT4G10760,AT4G10760.1
AT2G39900,AT2G39900.1
AT1G71350,AT1G71350.1
AT1G80490,AT1G80490.1;AT1G80490.2
AT1G22270,AT1G22270.1
AT2G42740,AT2G42740.1;AT3G58700.1;AT4G18730.1;AT5G45775.1;AT5G45775.2
AT1G79090,AT1G79090.1;AT1G79090.2
AT3G18380,AT3G18380.1;AT3G18380.2;AT3G18380.3
AT5G13430,AT5G13430.1;AT5G13440.1
AT1G72340,AT1G72340.1
AT3G49110,AT3G49110.1
AT5G23400,AT5G23400.1
AT1G03687,AT1G03687.1;AT1G03687.2
AT1G16240,AT1G16240.1;AT1G16240.2;AT1G16240.3
AT3G54540,AT3G54540.1
AT5G08650,AT5G08650.1
AT5G52100,AT5G52100.1
AT1G13270,AT1G13270.1
AT3G43670,AT3G43670.1
AT5G66860,AT5G66860.1
AT2G18560,AT2G18560.1
AT5G23590,AT5G23590.1;AT5G23590.2
AT3G62580,AT3G62580.1
AT3G10480,AT3G10480.1;AT3G10480.2;AT3G10480.3;AT3G10490.2
AT1G73600,AT1G73600.1;AT1G73600.2
AT5G65860,AT5G65860.1;AT5G65860.2
AT4G32910,AT4G32910.1
AT1G15730,AT1G15730.1
AT2G25730,AT2G25730.1;AT2G25730.2
AT3G08850,AT3G08850.1
AT5G52960,AT5G52960.1
AT2G40660,AT2G40660.1
AT5G26360,AT5G26360.1
AT1G29930,AT1G29930.1
AT2G03510,AT2G03510.1
AT3G11400,AT3G11400.1;AT3G11400.2
AT3G25700,AT3G25700.1
AT2G35510,AT2G35510.1
AT3G08740,AT3G08740.1
AT2G20450,AT2G20450.1
AT2G21370,AT2G21370.1
AT3G08010,AT3G08010.1
AT4G30020,AT4G30020.1
AT3G27820,AT3G27820.1
AT4G23430,AT4G23430.1;AT4G23430.2
AT2G22230,AT2G22230.1
AT1G06530,AT1G06530.1
AT2G16860,AT2G16860.1
AT1G17220,AT1G17220.1
AT5G39040,AT5G39040.1
AT3G27530,AT3G27530.1
AT4G27500,AT4G27500.1
AT3G25690,AT3G25690.1;AT3G25690.2
AT1G72750,AT1G72750.1
AT5G66090,AT5G66090.1
AT1G58280,AT1G58280.1;AT1G58280.2;AT1G58280.3;AT1G58280.4
AT1G04130,AT1G04130.1
AT1G80940,AT1G80940.1;AT1G80940.2
AT5G47190,AT5G47190.1
AT1G78040,AT1G78040.1;AT1G78040.2
AT4G31570,AT4G31570.1
AT3G55010,AT3G55010.1;AT3G55010.2
AT2G24060,AT2G24060.1
AT5G09620,AT5G09620.1
AT1G50710,AT1G50710.1
AT5G09300,AT5G09300.1;AT5G09300.2
AT1G15940,AT1G15940.1
AT1G16350,AT1G16350.1
AT5G08170,AT5G08170.1
AT5G10060,AT5G10060.1
AT1G33520,AT1G33520.1
AT1G48200,AT1G48200.1
AT5G11150,AT5G11150.1
AT3G61490,AT3G61490.1;AT3G61490.2;AT3G61490.3
AT2G02400,AT2G02400.1
AT1G79500,AT1G79500.1;AT1G79500.2;AT1G79500.3;AT1G79500.4
AT4G15900,AT4G15900.1
AT1G55550,AT1G55550.1
AT4G02930,AT4G02930.1
AT3G02510,AT3G02510.1
AT4G13550,AT4G13550.1
AT4G34740,AT4G34740.1
AT5G19940,AT5G19940.1;AT5G19940.2
AT5G17710,AT5G17710.1;AT5G17710.2
AT1G18080,AT1G18080.1
AT1G28350,AT1G28350.1
AT5G67150,AT5G67150.1
AT3G57290,AT3G57290.1
AT3G61140,AT3G61140.1
AT5G43390,AT5G43390.1
ATCG00830,ATCG00830.1;ATCG01310.1
AT4G14680,AT4G14680.1
AT4G38600,AT4G38600.1
AT3G07630,AT3G07630.1;AT3G07630.2
AT1G10310,AT1G10310.1
AT3G24030,AT3G24030.1
AT5G20980,AT5G20980.1;AT5G20980.2
AT3G07020,AT3G07020.1;AT3G07020.2
AT5G51660,AT5G51660.1
AT1G75660,AT1G75660.1
AT3G19720,AT3G19720.1
AT1G73430,AT1G73430.1;AT1G73430.2
AT4G36220,AT4G36220.1
AT3G49055,AT3G49055.1
AT1G20320,AT1G20320.1
AT3G56130,AT3G56130.1
AT1G11870,AT1G11870.1;AT1G11870.2
AT5G23750,AT5G23750.1;AT5G23750.2
AT2G46280,AT2G46280.1;AT2G46280.2
AT1G71440,AT1G71440.1
AT5G46430,AT5G46430.1;AT5G46430.2
AT4G38370,AT4G38370.1
AT4G04770,AT4G04770.1
AT4G16340,AT4G16340.1
AT3G55620,AT3G55620.1
AT1G49970,AT1G49970.1
AT3G62870,AT3G62870.1
AT1G13820,AT1G13820.1
AT5G63980,AT5G63980.1
AT2G38710,AT2G38710.1;AT2G38710.2
AT5G62000,AT5G62000.1;AT5G62000.2;AT5G62000.3;AT5G62000.4
AT4G27000,AT4G27000.1
AT2G13540,AT2G13540.1
AT2G38040,AT2G38040.1;AT2G38040.2
ATCG00430,ATCG00430.1
AT3G02450,AT3G02450.1
AT3G55250,AT3G55250.1
AT2G25800,AT2G25800.1
AT5G02230,AT5G02230.1;AT5G02230.2
AT1G50140,AT1G50140.1;AT1G50140.2
AT2G36480,AT2G36480.1;AT2G36480.2;AT2G36480.3
AT3G02530,AT3G02530.1
AT4G28440,AT4G28440.1
AT3G55260,AT3G55260.1
AT2G14880,AT2G14880.1
AT1G70310,AT1G70310.1
AT3G24200,AT3G24200.1;AT3G24200.2
AT2G44120,AT2G44120.1;AT2G44120.2
AT5G01590,AT5G01590.1
AT5G58450,AT5G58450.1
AT1G10840,AT1G10840.1
AT2G36230,AT2G36230.1
AT5G63840,AT5G63840.1
AT4G18465,AT4G18465.1
AT1G05150,AT1G05150.1
AT3G25140,AT3G25140.1
AT4G36730,AT4G36730.1;AT4G36730.2
AT4G11240,AT4G11240.1
AT5G62670,AT5G62670.1
AT5G66720,AT5G66720.1;AT5G66720.2
AT4G17170,AT4G17170.1
AT1G76405,AT1G76405.2
AT3G21215,AT3G21215.1
AT1G27390,AT1G27390.1
AT3G60240,AT3G60240.3;AT3G60240.4
AT4G01883,AT4G01883.1
AT5G49830,AT5G49830.1;AT5G49830.2;AT5G49830.3
AT1G43850,AT1G43850.1;AT1G43850.2
AT1G08250,AT1G08250.1
AT5G10160,AT5G10160.1
AT4G16570,AT4G16570.1
AT4G29060,AT4G29060.1
AT3G48780,AT3G48780.1;AT5G23670.1;AT5G23670.2
AT4G24280,AT4G24280.1
AT2G17930,AT2G17930.1
AT4G23970,AT4G23970.1
AT1G50900,AT1G50900.1
AT5G25100,AT5G25100.1;AT5G25100.2
AT1G29050,AT1G29050.1
AT4G00026,AT4G00026.1
AT4G25680,AT4G25680.1
AT3G11270,AT3G11270.1
AT4G34980,AT4G34980.1
AT4G17740,AT4G17740.1;AT4G17740.2
AT5G49890,AT5G49890.1
AT5G67560,AT5G67560.1
AT1G70190,AT1G70190.1;AT1G70190.2
AT3G49220,AT3G49220.1
AT5G05730,AT5G05730.1
AT5G24400,AT5G24400.1
AT4G20960,AT4G20960.1
AT4G30100,AT4G30100.1
AT5G08100,AT5G08100.1
AT5G63060,AT5G63060.1
ATMG00640,ATMG00640.1
AT3G63540,AT3G63540.1
AT2G11890,AT2G11890.1;AT2G11890.2
AT3G47930,AT3G47930.1
AT3G53620,AT3G53620.1
AT1G07370,AT1G07370.1
AT5G08540,AT5G08540.1
AT2G25870,AT2G25870.1
AT5G02500,AT5G02500.1
AT1G30580,AT1G30580.1
AT5G47480,AT5G47480.1
AT5G58710,AT5G58710.1
AT1G44575,AT1G44575.1
AT1G30120,AT1G30120.1
AT1G59600,AT1G59600.1
AT1G05140,AT1G05140.1;AT2G32480.1;AT2G32480.2
AT3G14930,AT3G14930.1;AT3G14930.2
AT5G64840,AT5G64840.1
AT2G28190,AT2G28190.1
AT5G42220,AT5G42220.1
AT1G72640,AT1G72640.2
AT5G15802,AT5G15802.1
AT1G63610,AT1G63610.1;AT1G63610.2
AT2G39330,AT2G39330.1
AT1G03280,AT1G03280.1
AT5G55940,AT5G55940.1
AT3G57050,AT3G57050.1
AT5G52440,AT5G52440.1
AT5G59890,AT5G59890.1;AT5G59890.2
AT3G44880,AT3G44880.1
AT1G15910,AT1G15910.1
AT1G30480,AT1G30480.1
AT3G16810,AT3G16810.1
AT1G74320,AT1G74320.1
AT5G49460,AT5G49460.1
AT4G17600,AT4G17600.1
AT4G17330,AT4G17330.1
AT2G20050,AT2G20050.1;AT2G20050.2
AT1G50450,AT1G50450.1
AT2G04570,AT2G04570.1
AT1G11480,AT1G11480.1
AT2G32290,AT2G32290.1
AT4G14342,AT4G14342.1
AT3G21410,AT3G21410.1
AT4G34570,AT4G34570.1
AT4G35630,AT4G35630.1
AT4G27560,AT4G27560.1
AT4G30890,AT4G30890.1;AT4G30890.2;AT4G30890.3
AT1G06000,AT1G06000.1
AT1G48630,AT1G48630.1
AT2G40550,AT2G40550.1
AT1G68890,AT1G68890.1
AT3G53520,AT3G53520.1;AT3G53520.2;AT3G53520.4
AT5G02610,AT5G02610.1;AT5G02610.2
AT1G33290,AT1G33290.1
AT1G77550,AT1G77550.1
AT1G54040,AT1G54040.2
AT4G28910,AT4G28910.1;AT4G28910.2;AT4G28910.3
AT4G36910,AT4G36910.1
AT5G23040,AT5G23040.1
AT3G13560,AT3G13560.1;AT3G13560.2;AT3G13560.3
AT4G21990,AT4G21990.1
AT5G56900,AT5G56900.2
AT5G56940,AT5G56940.1
AT3G12380,AT3G12380.1;AT3G12380.2
AT4G24330,AT4G24330.1
AT2G40300,AT2G40300.1
AT1G75460,AT1G75460.1
AT1G04620,AT1G04620.1
AT5G03910,AT5G03910.1
AT2G25670,AT2G25670.1;AT2G25670.2
AT5G25260,AT5G25260.1
AT1G15390,AT1G15390.1
AT1G55830,AT1G55830.2
AT5G44750,AT5G44750.1;AT5G44750.2
ATCG00640,ATCG00640.1
AT4G26300,AT4G26300.1
AT3G56720,AT3G56720.1;AT3G56720.2
AT3G56940,AT3G56940.1
AT3G52120,AT3G52120.1
AT3G10070,AT3G10070.1
AT4G01080,AT4G01080.1
AT5G53160,AT5G53160.2
AT3G09890,AT3G09890.1
AT5G22030,AT5G22030.1;AT5G22030.2
AT2G41950,AT2G41950.1
AT3G12280,AT3G12280.1;AT3G12280.2
ATCG00780,ATCG00780.1
AT1G63290,AT1G63290.1
AT1G17650,AT1G17650.1
AT4G26650,AT4G26650.1;AT4G26650.2
AT1G66520,AT1G66520.1
AT1G74790,AT1G74790.1
AT3G04870,AT3G04870.1;AT3G04870.2
AT5G15270,AT5G15270.1;AT5G15270.2
AT3G58830,AT3G58830.1
AT5G51940,AT5G51940.1
AT5G08080,AT5G08080.1;AT5G08080.2;AT5G08080.3
AT2G33730,AT2G33730.1
AT1G74470,AT1G74470.1
AT5G11500,AT5G11500.1;AT5G11500.2
AT4G14350,AT4G14350.1;AT4G14350.2;AT4G14350.3
AT5G41370,AT5G41370.1
AT3G14940,AT3G14940.1
AT4G21110,AT4G21110.1
AT1G30360,AT1G30360.1
AT5G16730,AT5G16730.1
AT3G24530,AT3G24530.1
AT5G45170,AT5G45170.1
AT1G07360,AT1G07360.1
AT1G10940,AT1G10940.1
AT3G46060,AT3G46060.1;AT3G46060.2;AT3G46060.3;AT5G59840.1
AT5G46800,AT5G46800.1
AT1G14030,AT1G14030.1
AT3G49470,AT3G49470.1
AT1G66980,AT1G66980.1
AT1G72550,AT1G72550.1;AT1G72550.2
AT1G20430,AT1G20430.1
AT1G80480,AT1G80480.1
AT5G59310,AT5G59310.1
AT4G32040,AT4G32040.1
AT1G68590,AT1G68590.1;AT1G68590.2
AT3G12130,AT3G12130.1
AT5G64580,AT5G64580.1
AT4G10840,AT4G10840.1
AT5G08290,AT5G08290.1
AT3G57810,AT3G57810.1;AT3G57810.2;AT3G57810.3
AT5G10020,AT5G10020.1;AT5G10020.2
AT3G63250,AT3G63250.1
AT2G28800,AT2G28800.1;AT2G28800.4
AT1G77870,AT1G77870.1
AT2G42170,AT2G42170.1
AT3G47940,AT3G47940.1
AT3G22890,AT3G22890.1
AT4G13850,AT4G13850.1;AT4G13850.2;AT4G13850.3
AT1G67680,AT1G67680.1
AT3G27280,AT3G27280.1;AT3G27280.2
AT3G56120,AT3G56120.1
AT2G31610,AT2G31610.1
AT2G45470,AT2G45470.1
AT5G22630,AT5G22630.1
AT4G38960,AT4G38960.1;AT4G38960.2;AT4G38960.3
AT2G47330,AT2G47330.1
AT2G34620,AT2G34620.1
AT5G60640,AT5G60640.1
AT1G15340,AT1G15340.1
AT1G20200,AT1G20200.1
AT5G23880,AT5G23880.1
AT3G48590,AT3G48590.1;AT5G63470.1;AT5G63470.2
AT2G27150,AT2G27150.1;AT2G27150.2
AT2G39810,AT2G39810.1
AT5G19290,AT5G19290.1
AT3G18130,AT3G18130.1
AT5G65460,AT5G65460.1
AT3G13920,AT3G13920.1
AT3G58560,AT3G58560.1
AT3G11945,AT3G11945.1;AT3G11945.2
AT4G20150,AT4G20150.1
AT4G13180,AT4G13180.1
AT5G18110,AT5G18110.1
AT5G45750,AT5G45750.1
AT3G17970,AT3G17970.1
AT1G37130,AT1G37130.1
ATCG00500,ATCG00500.1
AT5G30510,AT5G30510.1
AT3G04590,AT3G04590.2
AT1G01970,AT1G01970.1
AT5G16930,AT5G16930.1
AT1G64510,AT1G64510.1
AT4G34430,AT4G34430.1;AT4G34430.2;AT4G34430.3;AT4G34430.4
AT5G13980,AT5G13980.1;AT5G13980.2
AT3G08943,AT3G08943.1
AT2G27550,AT2G27550.1
AT5G36890,AT5G36890.1;AT5G36890.2
AT5G08470,AT5G08470.1
AT2G21385,AT2G21385.1;AT2G21385.3
AT3G62790,AT3G62790.1
AT3G04710,AT3G04710.1;AT3G04710.3
AT3G29090,AT3G29090.1
AT5G60610,AT5G60610.1
AT5G52650,AT5G52650.1
AT3G43240,AT3G43240.1
AT3G14390,AT3G14390.1
AT5G48020,AT5G48020.1
AT3G01540,AT3G01540.1;AT3G01540.2;AT3G01540.3;AT3G01540.4
AT5G05680,AT5G05680.1
AT5G59180,AT5G59180.1
AT5G35620,AT5G35620.1
AT5G55130,AT5G55130.1;AT5G55130.2
AT5G01600,AT5G01600.1
AT2G13430,AT2G13430.1
AT3G59500,AT3G59500.1
AT1G29900,AT1G29900.1
AT5G46870,AT5G46870.1
AT5G16780,AT5G16780.1
AT4G03150,AT4G03150.1
AT5G40190,AT5G40190.1
AT2G29080,AT2G29080.1
AT5G62930,AT5G62930.1
AT3G01280,AT3G01280.1
AT1G79590,AT1G79590.1;AT1G79590.2
AT5G56500,AT5G56500.1;AT5G56500.2
AT3G20670,AT3G20670.1
AT1G78300,AT1G78300.1
AT3G63410,AT3G63410.1
AT4G27020,AT4G27020.1
AT2G16430,AT2G16430.2
AT1G80410,AT1G80410.1;AT1G80410.2
AT3G24480,AT3G24480.1
AT1G09620,AT1G09620.1
AT2G37080,AT2G37080.1
AT1G15530,AT1G15530.1
AT4G35320,AT4G35320.1
AT4G24770,AT4G24770.1
AT4G10450,AT4G10450.1
AT1G14610,AT1G14610.1
AT1G35560,AT1G35560.1
AT4G28510,AT4G28510.1
AT2G36800,AT2G36800.1
AT1G49300,AT1G49300.1;AT1G49300.2
AT2G15220,AT2G15220.1
AT3G51240,AT3G51240.1
AT3G48460,AT3G48460.1
AT4G09980,AT4G09980.1;AT4G09980.2
AT1G55860,AT1G55860.1;AT1G55860.2
AT2G47250,AT2G47250.1
AT3G03060,AT3G03060.1
AT5G63640,AT5G63640.1
AT3G13530,AT3G13530.1
AT1G04870,AT1G04870.1;AT1G04870.2
AT1G63660,AT1G63660.1
AT5G60600,AT5G60600.1
AT5G53650,AT5G53650.1
AT1G51560,AT1G51560.1
AT1G76200,AT1G76200.1
AT1G60770,AT1G60770.1
AT3G59600,AT3G59600.1
AT1G11430,AT1G11430.1
AT1G58080,AT1G58080.1
AT3G21140,AT3G21140.1
AT1G48605,AT1G48605.1;AT3G18030.1
AT3G16830,AT3G16830.1
AT3G59280,AT3G59280.1
AT1G71780,AT1G71780.1
AT5G44720,AT5G44720.1
AT4G17870,AT4G17870.1
AT3G59650,AT3G59650.1;AT3G59650.2
AT2G16640,AT2G16640.1
AT5G50320,AT5G50320.1
AT1G11890,AT1G11890.1
AT1G62640,AT1G62640.1;AT1G62640.2
AT1G32440,AT1G32440.1
AT3G24180,AT3G24180.1;AT3G24180.2
AT1G12000,AT1G12000.1
AT4G31120,AT4G31120.1
AT5G08640,AT5G08640.1;AT5G08640.2
AT2G02070,AT2G02070.1
AT2G33590,AT2G33590.1
AT2G44760,AT2G44760.1
AT4G32330,AT4G32330.1;AT4G32330.2;AT4G32330.3
AT4G30530,AT4G30530.1
AT2G30695,AT2G30695.1;AT2G30695.2
AT3G05840,AT3G05840.1;AT3G05840.2
AT1G32900,AT1G32900.1
AT5G40820,AT5G40820.1
AT1G01090,AT1G01090.1
AT2G47240,AT2G47240.1;AT2G47240.2
AT3G17070,AT3G17070.1
AT2G45770,AT2G45770.1;AT2G45770.2
AT4G11420,AT4G11420.1
AT1G80070,AT1G80070.1
AT3G09150,AT3G09150.2
AT3G28810,AT3G28810.1
AT2G40620,AT2G40620.1
AT5G54390,AT5G54390.1
AT4G17520,AT4G17520.1
AT1G69740,AT1G69740.1;AT1G69740.2
AT3G25480,AT3G25480.1
AT5G65685,AT5G65685.1;AT5G65685.2
AT3G57490,AT3G57490.1
AT3G06670,AT3G06670.1;AT3G06670.2
AT5G12860,AT5G12860.1;AT5G12860.2
AT3G26420,AT3G26420.1
AT2G45730,AT2G45730.1
AT1G02500,AT1G02500.1;AT1G02500.2
AT2G46370,AT2G46370.1;AT2G46370.2;AT2G46370.4
AT2G33450,AT2G33450.1
AT2G40760,AT2G40760.1
AT5G07470,AT5G07470.1
AT1G73230,AT1G73230.1
AT5G55730,AT5G55730.1;AT5G55730.2
AT4G16150,AT4G16150.1
AT3G06610,AT3G06610.1
AT4G17510,AT4G17510.1
AT1G24807,AT1G24807.1;AT1G24909.1;AT1G25083.1;AT1G25155.1;AT1G25220.1;AT1G25220.2
AT3G11330,AT3G11330.1
AT2G19430,AT2G19430.1
AT5G57860,AT5G57860.1;AT5G57860.2;AT5G57860.3
ATMG00160,ATMG00160.1
AT1G03160,AT1G03160.1
AT5G18660,AT5G18660.1
AT4G31490,AT4G31490.1
AT3G25150,AT3G25150.1;AT3G25150.2
AT4G38440,AT4G38440.1
AT5G64650,AT5G64650.1
AT2G35605,AT2G35605.1
AT5G17670,AT5G17670.1
AT1G54490,AT1G54490.1
AT5G24810,AT5G24810.1;AT5G24810.2
AT1G43170,AT1G43170.1;AT1G43170.2;AT1G43170.3;AT1G43170.5;AT1G43170.6;AT1G43170.7;AT1G43170.8;AT1G43170.9
AT5G23050,AT5G23050.1
AT1G77760,AT1G77760.1
AT1G72970,AT1G72970.1
AT4G33630,AT4G33630.1;AT4G33630.2
AT1G56050,AT1G56050.1
AT3G61600,AT3G61600.1;AT3G61600.2
AT2G04540,AT2G04540.1
AT1G60170,AT1G60170.1
AT3G07565,AT3G07565.1;AT3G07565.2;AT3G07565.3;AT3G07565.4
AT5G50870,AT5G50870.1;AT5G50870.2
AT4G33680,AT4G33680.1
AT2G03760,AT2G03760.1
AT2G22450,AT2G22450.1
AT2G35530,AT2G35530.1
AT2G32900,AT2G32900.1
AT5G08340,AT5G08340.1;AT5G08340.2
AT2G17510,AT2G17510.1;AT2G17510.2
AT4G16690,AT4G16690.1
AT5G28500,AT5G28500.1
AT1G21350,AT1G21350.2;AT1G21350.3
AT4G37210,AT4G37210.1
AT3G20050,AT3G20050.1
AT3G61650,AT3G61650.1
AT3G45010,AT3G45010.1
AT1G79650,AT1G79650.1;AT1G79650.4
AT5G04430,AT5G04430.1
AT2G17240,AT2G17240.1
AT1G17370,AT1G17370.1
AT1G17210,AT1G17210.1
AT1G23970,AT1G23970.1;AT1G23970.2
AT1G49760,AT1G49760.1;AT1G49760.2
AT1G71750,AT1G71750.1;AT1G71750.2
AT3G10450,AT3G10450.1;AT3G10450.2
AT2G45180,AT2G45180.1
AT1G76300,AT1G76300.1
AT4G31790,AT4G31790.1;AT4G31790.2
AT5G53460,AT5G53460.1;AT5G53460.2;AT5G53460.3
AT4G28470,AT4G28470.1
AT5G43320,AT5G43320.1
AT4G16710,AT4G16710.1;AT4G16710.2
AT4G13050,AT4G13050.1
AT4G15790,AT4G15790.1
AT1G76060,AT1G76060.1
AT4G24780,AT4G24780.1;AT4G24780.2
AT4G20980,AT4G20980.1;AT4G20980.2;AT4G20980.3;AT4G20980.4
AT4G25300,AT4G25300.1;AT4G25300.2;AT4G25310.1
AT5G47720,AT5G47720.1;AT5G47720.2;AT5G47720.3;AT5G47720.4
AT5G35360,AT5G35360.1
AT5G02280,AT5G02280.1
AT5G65940,AT5G65940.1
AT5G49030,AT5G49030.1;AT5G49030.3
AT2G29550,AT2G29550.1
AT3G26400,AT3G26400.1
AT3G17930,AT3G17930.1
AT5G26710,AT5G26710.1
AT2G37690,AT2G37690.1
AT5G06460,AT5G06460.1
AT1G24706,AT1G24706.1;AT1G24706.2
AT1G27650,AT1G27650.1;AT1G27650.2
AT1G80620,AT1G80620.1
AT5G11810,AT5G11810.1
AT1G27385,AT1G27385.1;AT1G27385.2;AT1G27385.3;AT1G27385.4
AT3G02880,AT3G02880.1
AT2G43850,AT2G43850.1;AT2G43850.2
AT1G05620,AT1G05620.1;AT1G05620.2
AT3G18190,AT3G18190.1
AT5G18190,AT5G18190.1
AT1G07840,AT1G07840.1;AT1G07840.2;AT1G07840.3
AT1G30050,AT1G30050.1;AT2G30530.1
AT2G30200,AT2G30200.1
AT1G32580,AT1G32580.1
AT2G43640,AT2G43640.1;AT2G43640.2;AT2G43640.3
AT5G45780,AT5G45780.1
AT3G11510,AT3G11510.1
AT3G63130,AT3G63130.1;AT3G63130.2
AT1G65590,AT1G65590.1
AT2G05070,AT2G05070.1
AT2G33470,AT2G33470.1;AT2G33470.2
AT2G23350,AT2G23350.1
AT3G23940,AT3G23940.1;AT3G23940.2
AT3G49240,AT3G49240.1
AT3G09630,AT3G09630.1
AT4G08790,AT4G08790.1
AT5G24650,AT5G24650.1
AT5G50840,AT5G50840.1;AT5G50840.2
AT3G61240,AT3G61240.1;AT3G61240.2
AT5G67220,AT5G67220.1
AT4G22140,AT4G22140.1;AT4G22140.2
AT3G57610,AT3G57610.1
AT1G70670,AT1G70670.1
AT4G14605,AT4G14605.1
AT5G67630,AT5G67630.1
AT5G53620,AT5G53620.1;AT5G53620.2;AT5G53620.3
AT5G01930,AT5G01930.1
AT2G24490,AT2G24490.1;AT2G24490.2
AT3G26600,AT3G26600.1
AT4G31310,AT4G31310.1
AT4G00630,AT4G00630.1;AT4G00630.2
AT3G27390,AT3G27390.1
ATCG00420,ATCG00420.1
AT4G37910,AT4G37910.1
AT1G30400,AT1G30400.1;AT1G30400.2
AT4G16380,AT4G16380.1;AT4G16380.2
AT5G19350,AT5G19350.1;AT5G19350.2
AT4G10300,AT4G10300.1
AT4G05400,AT4G05400.1;AT4G05400.2
AT2G45240,AT2G45240.1
AT5G27390,AT5G27390.1
AT5G61810,AT5G61810.1
AT4G21380,AT4G21380.1
AT1G79080,AT1G79080.1
AT3G19000,AT3G19000.1;AT3G19000.2
AT3G09540,AT3G09540.1
AT1G01080,AT1G01080.1;AT1G01080.2
AT1G69390,AT1G69390.1
AT3G23750,AT3G23750.1
AT5G06160,AT5G06160.1
AT1G67730,AT1G67730.1
AT2G01190,AT2G01190.1
AT3G11200,AT3G11200.1
AT4G36090,AT4G36090.2;AT4G36090.3
AT1G77590,AT1G77590.1
AT2G31370,AT2G31370.1;AT2G31370.2;AT2G31370.3;AT2G31370.4;AT2G31370.6
AT5G57960,AT5G57960.1
AT5G66680,AT5G66680.1
AT1G11090,AT1G11090.1
AT1G30530,AT1G30530.1
AT4G35800,AT4G35800.1
AT1G17880,AT1G17880.1
AT3G02650,AT3G02650.1
AT1G06950,AT1G06950.1
AT3G07750,AT3G07750.1;AT3G07750.2
AT4G29380,AT4G29380.1
AT5G42390,AT5G42390.1
AT3G49560,AT3G49560.1
AT5G10230,AT5G10230.1
AT3G11940,AT3G11940.1;AT3G11940.2
AT3G04630,AT3G04630.1;AT3G04630.2;AT3G04630.3
AT1G68370,AT1G68370.1
AT4G23620,AT4G23620.1;AT4G23620.2
AT3G21300,AT3G21300.1
AT2G34160,AT2G34160.1
AT3G13160,AT3G13160.1
AT2G31200,AT2G31200.1
AT3G07770,AT3G07770.1
AT5G03510,AT5G03510.1
AT5G13020,AT5G13020.1
AT1G27030,AT1G27030.1
AT2G19750,AT2G19750.1;AT4G29390.1;AT5G56670.1
AT1G62560,AT1G62560.1
AT1G53645,AT1G53645.1
AT2G21410,AT2G21410.1
AT2G39990,AT2G39990.1
AT1G55130,AT1G55130.1
AT4G11410,AT4G11410.1
AT1G58290,AT1G58290.1
AT1G16000,AT1G16000.1
AT5G64620,AT5G64620.1
AT1G19520,AT1G19520.1
AT5G49360,AT5G49360.1
AT4G28025,AT4G28025.1;AT4G28025.2
AT2G20190,AT2G20190.1
AT2G35040,AT2G35040.1
AT1G72810,AT1G72810.1
AT5G57610,AT5G57610.1
AT3G14010,AT3G14010.1;AT3G14010.2;AT3G14010.3;AT3G14010.4
AT5G12190,AT5G12190.1
AT5G43060,AT5G43060.1
AT2G03150,AT2G03150.1
ATCG00840,ATCG00840.1;ATCG01300.1
AT3G02260,AT3G02260.1
AT1G48110,AT1G48110.1;AT1G48110.2
AT2G28520,AT2G28520.1
AT1G01610,AT1G01610.1
AT3G45620,AT3G45620.1;AT3G45620.2
AT1G33811,AT1G33811.1
AT1G06190,AT1G06190.1
AT4G00752,AT4G00752.1
AT3G17820,AT3G17820.1
AT2G27900,AT2G27900.1;AT2G27900.2
AT3G56090,AT3G56090.1
AT3G49080,AT3G49080.1
AT1G24610,AT1G24610.1
AT3G43520,AT3G43520.1
ATCG00770,ATCG00770.1
AT2G30050,AT2G30050.1
AT1G65440,AT1G65440.1
AT1G36390,AT1G36390.1;AT1G36390.2
AT1G11650,AT1G11650.2
AT3G50360,AT3G50360.1
AT3G21200,AT3G21200.1
AT3G04760,AT3G04760.1
AT1G42550,AT1G42550.1
AT1G55020,AT1G55020.1
AT2G38560,AT2G38560.1
AT4G10730,AT4G10730.1
AT4G17190,AT4G17190.1
AT4G12020,AT4G12020.1;AT4G12020.2;AT4G12020.3
AT1G16920,AT1G16920.1
AT5G42310,AT5G42310.1
AT2G27820,AT2G27820.1
AT2G01720,AT2G01720.1
AT1G27330,AT1G27330.1;AT1G27350.1
AT5G13630,AT5G13630.1
AT5G56680,AT5G56680.1
AT1G75670,AT1G75670.1;AT1G75670.2
AT2G19830,AT2G19830.1
AT3G06690,AT3G06690.1
AT3G24430,AT3G24430.1
AT5G38890,AT5G38890.1
AT3G27740,AT3G27740.1
AT5G62270,AT5G62270.1;AT5G62270.2
AT1G29790,AT1G29790.1;AT1G29790.2
AT4G34640,AT4G34640.1
AT5G55530,AT5G55530.1;AT5G55530.2;AT5G55530.3
AT1G33980,AT1G33980.1;AT1G33980.2
AT5G45160,AT5G45160.1
AT2G37790,AT2G37790.1
AT1G20370,AT1G20370.1
AT1G04680,AT1G04680.1
AT3G43600,AT3G43600.1
AT1G31500,AT1G31500.1;AT1G31500.2;AT1G31500.3;AT1G31500.4
AT4G02860,AT4G02860.1
AT4G18440,AT4G18440.1
AT3G09900,AT3G09900.1
AT5G25060,AT5G25060.1
AT5G06340,AT5G06340.1
AT1G23205,AT1G23205.1
AT5G04710,AT5G04710.1
AT3G45850,AT3G45850.1;AT3G45850.2
AT3G20440,AT3G20440.2
AT1G64850,AT1G64850.1
AT1G43190,AT1G43190.1;AT1G43190.2;AT1G43190.3
AT4G19210,AT4G19210.1
AT3G51140,AT3G51140.1
AT4G27440,AT4G27440.1;AT4G27440.2
AT3G12480,AT3G12480.1
AT3G26618,AT3G26618.1
AT2G29190,AT2G29190.1;AT2G29190.2;AT2G29200.1
AT4G37460,AT4G37460.1
AT1G34430,AT1G34430.1
AT2G35240,AT2G35240.1
AT2G24050,AT2G24050.1
AT4G25660,AT4G25660.1
AT1G73720,AT1G73720.1
AT4G39960,AT4G39960.1
AT1G68910,AT1G68910.1;AT1G68910.2;AT1G68910.3
AT4G06599,AT4G06599.1
AT2G18770,AT2G18770.1
AT1G05090,AT1G05090.1;AT4G20720.1
AT3G57320,AT3G57320.1;AT3G57320.2
AT1G08470,AT1G08470.1
AT2G42010,AT2G42010.1
AT3G54170,AT3G54170.1
AT4G01310,AT4G01310.1
AT5G36230,AT5G36230.1
AT3G16630,AT3G16630.1;AT3G16630.2
AT3G03190,AT3G03190.1
AT1G20440,AT1G20440.1
AT5G16590,AT5G16590.1
AT3G06150,AT3G06150.1
AT1G01920,AT1G01920.1;AT1G01920.2
AT5G17270,AT5G17270.1
AT5G48960,AT5G48960.1
AT1G07670,AT1G07670.1
AT5G09390,AT5G09390.1;AT5G09390.2
AT1G73170,AT1G73170.1
AT5G05870,AT5G05870.1
AT5G03940,AT5G03940.1
AT3G46960,AT3G46960.1
AT1G51730,AT1G51730.1
AT3G02200,AT3G02200.2
ATCG00150,ATCG00150.1
AT5G14060,AT5G14060.1;AT5G14060.2
AT4G27650,AT4G27650.1
AT1G75010,AT1G75010.1
AT4G30920,AT4G30920.1
AT5G06110,AT5G06110.1;AT5G06110.2
AT1G12520,AT1G12520.1;AT1G12520.2
AT1G11820,AT1G11820.1;AT1G11820.2
AT2G26990,AT2G26990.1
AT3G13580,AT3G13580.1;AT3G13580.2;AT3G13580.3
AT2G07675,AT2G07675.1;ATMG00980.1
AT1G29840,AT1G29840.1
AT5G57700,AT5G57700.1;AT5G57700.2;AT5G57700.3;AT5G57700.4
AT1G53210,AT1G53210.1
AT5G02590,AT5G02590.1
AT3G19960,AT3G19960.1
AT4G13430,AT4G13430.1
AT3G53900,AT3G53900.1
AT3G23920,AT3G23920.1
AT5G49910,AT5G49910.1
AT1G16860,AT1G16860.1
AT4G27760,AT4G27760.1
AT3G54150,AT3G54150.1
AT1G73820,AT1G73820.1
AT5G53000,AT5G53000.1
AT1G16190,AT1G16190.1
AT1G04510,AT1G04510.1;AT1G04510.2
AT5G08590,AT5G08590.1
AT3G10970,AT3G10970.1;AT3G10970.3
AT5G20670,AT5G20670.1
AT3G52500,AT3G52500.1
AT1G22920,AT1G22920.1
AT5G11170,AT5G11170.1;AT5G11200.1;AT5G11200.2;AT5G11200.3
AT5G37720,AT5G37720.1;AT5G37720.2
AT4G08350,AT4G08350.1
AT2G26140,AT2G26140.1
AT4G17030,AT4G17030.1
AT3G08947,AT3G08947.1
AT1G53730,AT1G53730.1;AT1G53730.2
AT5G13650,AT5G13650.1;AT5G13650.2
AT3G04500,AT3G04500.1
AT2G26250,AT2G26250.1
AT2G26730,AT2G26730.1
AT4G21150,AT4G21150.1;AT4G21150.3
AT5G01210,AT5G01210.1
AT4G31140,AT4G31140.1
AT3G13677,AT3G13677.2
AT1G69010,AT1G69010.1
AT3G18035,AT3G18035.1
AT1G80270,AT1G80270.1;AT1G80270.2;AT1G80270.3
AT2G17320,AT2G17320.1
AT5G13520,AT5G13520.1
AT1G51510,AT1G51510.1
AT2G24860,AT2G24860.1
AT1G07440,AT1G07440.1;AT1G07440.2
AT3G53460,AT3G53460.1;AT3G53460.2;AT3G53460.3
AT2G22370,AT2G22370.1
AT1G22530,AT1G22530.1
AT4G32400,AT4G32400.1
AT4G17300,AT4G17300.1
AT3G24550,AT3G24550.1
AT4G39710,AT4G39710.1;AT4G39710.2
AT2G20490,AT2G20490.1;AT2G20490.2
AT1G19835,AT1G19835.1;AT1G19835.2
AT5G48545,AT5G48545.1
AT5G46420,AT5G46420.1
AT1G56430,AT1G56430.1
AT1G72370,AT1G72370.1;AT1G72370.2
AT4G31880,AT4G31880.1;AT4G31880.2
AT5G23630,AT5G23630.1
AT3G58990,AT3G58990.1
AT5G14200,AT5G14200.1
AT3G10220,AT3G10220.1
ATMG00285,ATMG00285.1;ATMG01320.1
AT1G07830,AT1G07830.1
AT4G15165,AT4G15165.1
AT1G76400,AT1G76400.1
AT2G20610,AT2G20610.1
AT1G18490,AT1G18490.1
AT3G22210,AT3G22210.1
AT1G22700,AT1G22700.1;AT1G22700.2;AT1G22700.3
AT1G04190,AT1G04190.1
AT5G39050,AT5G39050.1
AT3G09880,AT3G09880.1
AT3G03110,AT3G03110.1
AT1G53650,AT1G53650.1;AT1G53650.2;AT3G14450.1
AT1G23360,AT1G23360.1
AT3G03640,AT3G03640.1
AT2G37230,AT2G37230.1
AT5G13690,AT5G13690.1
AT5G58950,AT5G58950.1
AT2G25355,AT2G25355.1;AT2G25355.2
AT3G02860,AT3G02860.1;AT3G02860.2
AT1G10510,AT1G10510.1
AT3G62940,AT3G62940.2;AT3G62940.3
AT1G73540,AT1G73540.1
AT4G30910,AT4G30910.1
AT5G57290,AT5G57290.1;AT5G57290.2;AT5G57290.3
AT1G79390,AT1G79390.1
AT2G41350,AT2G41350.1;AT2G41350.2
AT5G64350,AT5G64350.1
ATCG00800,ATCG00800.1
AT2G30010,AT2G30010.1
AT2G45000,AT2G45000.1
AT2G43940,AT2G43940.1
AT5G63220,AT5G63220.1
AT5G48480,AT5G48480.1
AT3G08950,AT3G08950.1
AT2G43710,AT2G43710.1;AT2G43710.2
AT1G08520,AT1G08520.1
AT2G20860,AT2G20860.1
AT5G13780,AT5G13780.1
AT5G09820,AT5G09820.2
AT1G77060,AT1G77060.1
AT2G33840,AT2G33840.1
AT1G54630,AT1G54630.1
AT5G64150,AT5G64150.1
AT2G36870,AT2G36870.1
AT3G52420,AT3G52420.1
AT4G29720,AT4G29720.1
AT1G70830,AT1G70830.1
AT5G01220,AT5G01220.1
AT2G46090,AT2G46090.1
AT3G22170,AT3G22170.1;AT3G22170.2
AT1G69030,AT1G69030.1
AT5G03070,AT5G03070.1
AT5G40480,AT5G40480.1
AT3G25580,AT3G25580.1
AT1G55820,AT1G55820.1
AT5G10300,AT5G10300.1
AT5G47570,AT5G47570.1
AT1G06820,AT1G06820.1
AT5G64300,AT5G64300.1
AT5G48370,AT5G48370.1;AT5G48370.2
AT3G60830,AT3G60830.1
AT2G40490,AT2G40490.1
AT4G30210,AT4G30210.1;AT4G30210.2
AT1G14410,AT1G14410.1
AT5G51690,AT5G51690.1
AT5G64740,AT5G64740.1
AT5G16270,AT5G16270.1
AT2G40690,AT2G40690.1
AT4G22720,AT4G22720.1;AT4G22720.2
AT1G48050,AT1G48050.1
AT1G20770,AT1G20770.1
AT3G17830,AT3G17830.1
AT5G11560,AT5G11560.1
AT4G37470,AT4G37470.1
AT5G17770,AT5G17770.1
AT4G23540,AT4G23540.1
AT3G53130,AT3G53130.1
AT4G39970,AT4G39970.1
AT2G01250,AT2G01250.1
AT1G22660,AT1G22660.1;AT1G22660.2
AT1G19910,AT1G19910.1;AT1G75630.1;AT1G75630.2;AT2G16510.1;AT4G34720.1;AT4G38920.1
AT5G07030,AT5G07030.1
AT1G55360,AT1G55360.1
AT1G10522,AT1G10522.1;AT1G10522.2
AT3G14850,AT3G14850.2
AT2G25710,AT2G25710.1;AT2G25710.2
AT5G25754,AT5G25754.1;AT5G25757.1
AT1G68760,AT1G68760.1
AT5G64640,AT5G64640.1
AT1G23180,AT1G23180.1
AT1G15200,AT1G15200.1;AT1G15200.2;AT1G15200.3;AT1G15200.4
AT5G13280,AT5G13280.1
AT3G58610,AT3G58610.1;AT3G58610.2;AT3G58610.3
AT5G18410,AT5G18410.1;AT5G18410.2
AT4G12130,AT4G12130.1
AT5G48120,AT5G48120.1
AT3G56430,AT3G56430.1
AT4G14000,AT4G14000.1
AT1G05850,AT1G05850.1
AT1G29350,AT1G29350.1
AT5G60340,AT5G60340.1
AT5G55480,AT5G55480.1
AT1G55490,AT1G55490.1;AT1G55490.2
AT4G02480,AT4G02480.1
AT4G19710,AT4G19710.2
AT3G50380,AT3G50380.1
AT4G38350,AT4G38350.1;AT4G38350.2
AT4G35560,AT4G35560.1;AT4G35560.2
AT1G53760,AT1G53760.1
AT2G07727,AT2G07727.1;ATMG00220.1
AT1G65660,AT1G65660.1
AT1G75340,AT1G75340.1;AT1G75340.2
AT3G07670,AT3G07670.1
AT3G04550,AT3G04550.1
AT3G47590,AT3G47590.1
AT2G44040,AT2G44040.1
AT5G19760,AT5G19760.1
AT3G15520,AT3G15520.1
AT4G15560,AT4G15560.1
AT3G46830,AT3G46830.1
AT3G21240,AT3G21240.1
AT4G32551,AT4G32551.1;AT4G32551.2
AT2G38750,AT2G38750.1
AT4G23940,AT4G23940.1
AT2G38880,AT2G38880.1;AT2G38880.2;AT2G38880.3;AT2G38880.4;AT2G38880.5;AT2G38880.6;AT2G38880.7;AT2G38880.8
AT4G35860,AT4G35860.1
AT5G45930,AT5G45930.1
AT1G56140,AT1G56140.1
AT5G38360,AT5G38360.1
AT3G14600,AT3G14600.1
AT4G17020,AT4G17020.1;AT4G17020.2;AT4G17020.3
AT4G12970,AT4G12970.1
AT3G02020,AT3G02020.1
AT1G56200,AT1G56200.1;AT1G56200.2
AT2G04030,AT2G04030.1;AT2G04030.2
AT1G69295,AT1G69295.1
AT1G08060,AT1G08060.1;AT1G08060.2
AT1G12080,AT1G12080.2
AT5G58230,AT5G58230.1
AT5G43970,AT5G43970.1
AT1G54100,AT1G54100.1;AT1G54100.2
AT5G16010,AT5G16010.1
AT3G18230,AT3G18230.1
AT5G65760,AT5G65760.1
AT3G48380,AT3G48380.1;AT3G48380.2;AT3G48380.3
AT5G40850,AT5G40850.1;AT5G40850.2
AT1G78340,AT1G78340.1
AT3G55400,AT3G55400.1
AT5G22800,AT5G22800.1
AT3G26190,AT3G26190.1;AT3G26300.1;AT3G26310.1
AT2G47580,AT2G47580.1
AT3G28220,AT3G28220.1
AT1G27570,AT1G27570.1;AT1G27570.2
AT2G28000,AT2G28000.1
AT4G22930,AT4G22930.1
AT1G23820,AT1G23820.1
AT1G31220,AT1G31220.1
AT2G37050,AT2G37050.1;AT2G37050.3
AT3G16000,AT3G16000.1
AT5G45950,AT5G45950.1
AT4G09040,AT4G09040.1;AT4G09040.2
AT2G28360,AT2G28360.1
AT5G11920,AT5G11920.1
AT3G55040,AT3G55040.1
AT4G20330,AT4G20330.1
AT4G23400,AT4G23400.1
AT1G21690,AT1G21690.1;AT1G21690.2;AT1G21690.3
AT1G55540,AT1G55540.1;AT1G55540.2
AT1G68060,AT1G68060.1
AT4G09750,AT4G09750.1
AT5G54770,AT5G54770.1
AT5G16715,AT5G16715.1
AT4G22380,AT4G22380.1;AT5G20160.1;AT5G20160.2
AT5G56650,AT5G56650.1
AT1G03110,AT1G03110.1
AT3G53560,AT3G53560.1
AT1G78020,AT1G78020.1
AT2G35500,AT2G35500.1
AT5G53180,AT5G53180.1
AT5G60670,AT5G60670.1
AT1G16740,AT1G16740.1
AT3G28750,AT3G28750.1
AT5G13680,AT5G13680.1
AT3G49680,AT3G49680.1;AT3G49680.2
AT3G52870,AT3G52870.1
AT1G60940,AT1G60940.1;AT1G60940.2
AT3G15000,AT3G15000.1
AT3G21560,AT3G21560.1
AT3G20320,AT3G20320.1
AT1G03350,AT1G03350.1
AT5G16370,AT5G16370.1
AT4G39980,AT4G39980.1
AT2G26540,AT2G26540.1
AT4G33120,AT4G33120.1
AT2G34050,AT2G34050.1
AT3G13772,AT3G13772.1
AT5G66530,AT5G66530.1;AT5G66530.2
AT1G14670,AT1G14670.1
AT5G10920,AT5G10920.1
AT3G44590,AT3G44590.1;AT3G44590.2
AT5G53120,AT5G53120.1;AT5G53120.2;AT5G53120.3;AT5G53120.4;AT5G53120.5
AT1G78010,AT1G78010.1
AT4G32460,AT4G32460.1;AT4G32460.2
AT1G55890,AT1G55890.1
AT1G09795,AT1G09795.1
AT2G31750,AT2G31750.1
AT2G04780,AT2G04780.1;AT2G04780.2
AT5G20720,AT5G20720.1;AT5G20720.2;AT5G20720.3
AT5G14660,AT5G14660.1;AT5G14660.2
AT4G24090,AT4G24090.1
AT4G16450,AT4G16450.1;AT4G16450.2
AT2G42710,AT2G42710.1
AT4G39200,AT4G39200.1;AT4G39200.2
AT2G48070,AT2G48070.1;AT2G48070.2;AT2G48070.3
AT1G64760,AT1G64760.1;AT1G64760.2
AT4G26620,AT4G26620.1
AT5G55220,AT5G55220.1
AT5G43460,AT5G43460.1
AT1G32200,AT1G32200.1;AT1G32200.2
AT2G33220,AT2G33220.1
AT2G47640,AT2G47640.1;AT2G47640.2;AT2G47640.3;AT2G47640.4;AT3G62840.1;AT3G62840.2
AT2G16940,AT2G16940.1;AT2G16940.2;AT2G16940.3
AT5G23200,AT5G23200.1
AT3G04820,AT3G04820.1
AT3G07590,AT3G07590.1;AT3G07590.2
AT4G09720,AT4G09720.1;AT4G09720.3;AT4G09720.4
AT5G18940,AT5G18940.1
AT2G28290,AT2G28290.1;AT2G28290.2;AT2G28290.3
AT4G24340,AT4G24340.1
AT3G07880,AT3G07880.1
AT3G18000,AT3G18000.1
AT4G02940,AT4G02940.1
AT3G44350,AT3G44350.1;AT3G44350.2
AT5G51100,AT5G51100.1
AT4G20940,AT4G20940.1
AT1G09932,AT1G09932.1;AT1G09932.2
AT1G62380,AT1G62380.1
AT3G20250,AT3G20250.1
AT1G30520,AT1G30520.1
AT4G28980,AT4G28980.1;AT4G28980.2
AT5G63260,AT5G63260.1;AT5G63260.2
AT5G54580,AT5G54580.1
AT5G20610,AT5G20610.1
AT4G34412,AT4G34412.1
AT3G16290,AT3G16290.1
AT1G65010,AT1G65010.1
AT4G30220,AT4G30220.2
AT2G27490,AT2G27490.1;AT2G27490.2
AT4G27220,AT4G27220.1
AT1G14250,AT1G14250.1
AT3G04000,AT3G04000.1
AT4G34350,AT4G34350.1
AT4G36630,AT4G36630.1
AT1G71260,AT1G71260.1
AT5G64290,AT5G64290.1
AT2G24580,AT2G24580.1
AT5G59150,AT5G59150.1
AT2G19670,AT2G19670.1
AT5G39320,AT5G39320.1
AT5G06530,AT5G06530.1;AT5G06530.2;AT5G06530.3
AT2G36250,AT2G36250.1;AT2G36250.2
AT4G25270,AT4G25270.1
AT5G23300,AT5G23300.1
AT1G47900,AT1G47900.1;AT1G47900.2
AT1G53000,AT1G53000.1
AT3G01120,AT3G01120.1
AT1G07210,AT1G07210.1
AT2G20280,AT2G20280.1
AT5G45300,AT5G45300.1;AT5G45300.2
AT5G67440,AT5G67440.1;AT5G67440.2
AT1G53880,AT1G53880.1;AT1G53900.1
AT5G08050,AT5G08050.1
AT3G02320,AT3G02320.1
AT1G75210,AT1G75210.1
AT3G16480,AT3G16480.1
AT3G24315,AT3G24315.1
AT3G03780,AT3G03780.1;AT3G03780.2;AT3G03780.3
AT2G19385,AT2G19385.1
AT1G51100,AT1G51100.1
AT4G27450,AT4G27450.1
AT2G37400,AT2G37400.1
AT2G37270,AT2G37270.1;AT2G37270.2
AT1G69620,AT1G69620.1
AT4G12400,AT4G12400.2
AT1G80750,AT1G80750.1
AT5G24770,AT5G24770.1
AT1G33490,AT1G33490.1
AT4G28250,AT4G28250.1;AT4G28250.2
AT3G03990,AT3G03990.1
AT3G12930,AT3G12930.1
AT5G58270,AT5G58270.1
AT1G68560,AT1G68560.1
AT4G14420,AT4G14420.1
AT1G13190,AT1G13190.1
AT5G15610,AT5G15610.2
AT1G49660,AT1G49660.1
AT3G54660,AT3G54660.1
AT5G02890,AT5G02890.1
AT1G62660,AT1G62660.1
AT3G49720,AT3G49720.1;AT3G49720.2
AT2G37860,AT2G37860.3
AT5G44520,AT5G44520.1
AT3G03710,AT3G03710.1
AT3G55005,AT3G55005.1
AT5G26751,AT5G26751.1
AT4G02060,AT4G02060.1;AT4G02060.2
AT1G17850,AT1G17850.1;AT1G17850.2
AT2G36910,AT2G36910.1
AT1G21650,AT1G21650.3
AT5G41770,AT5G41770.1
AT3G17040,AT3G17040.1;AT3G17040.2
AT3G13490,AT3G13490.1
AT5G57490,AT5G57490.1
AT5G65250,AT5G65250.1
AT4G31810,AT4G31810.1
AT3G46610,AT3G46610.1
AT5G40200,AT5G40200.1
AT5G35530,AT5G35530.1
AT1G20910,AT1G20910.1
AT1G21600,AT1G21600.1;AT1G21600.2
AT4G18040,AT4G18040.1
AT3G14890,AT3G14890.1;AT3G14890.2
AT4G37880,AT4G37880.1
AT2G02560,AT2G02560.1;AT2G02560.2
AT4G21860,AT4G21860.1;AT4G21860.3
AT2G22125,AT2G22125.1
AT4G04610,AT4G04610.1
AT4G31840,AT4G31840.1
AT1G01950,AT1G01950.1;AT1G01950.2;AT1G01950.3
AT5G65910,AT5G65910.1
AT4G27080,AT4G27080.1;AT4G27080.2
AT1G50840,AT1G50840.1
AT5G14240,AT5G14240.1
AT2G23560,AT2G23560.1
AT4G32605,AT4G32605.1
AT1G44446,AT1G44446.1
AT5G66410,AT5G66410.1
AT1G65410,AT1G65410.1
AT3G22520,AT3G22520.1
AT3G18740,AT3G18740.1
AT5G63420,AT5G63420.1
AT3G50370,AT3G50370.1
AT5G25270,AT5G25270.1
AT3G24590,AT3G24590.1
AT3G50670,AT3G50670.1
AT1G51580,AT1G51580.1
AT2G31790,AT2G31790.1
AT4G37190,AT4G37190.1;AT4G37190.2
AT1G01730,AT1G01730.1
AT3G21055,AT3G21055.1
AT3G61870,AT3G61870.1;AT3G61870.2
AT3G56910,AT3G56910.1
AT2G31810,AT2G31810.1
AT2G13440,AT2G13440.1
AT4G38200,AT4G38200.1
AT4G31460,AT4G31460.1
AT5G56010,AT5G56010.1
AT1G42960,AT1G42960.1
AT5G23490,AT5G23490.1
AT4G25670,AT4G25670.1;AT4G25670.2
AT4G36680,AT4G36680.1
AT3G13222,AT3G13222.1
AT1G45110,AT1G45110.1
AT3G59400,AT3G59400.1
AT1G60950,AT1G60950.1
AT5G06120,AT5G06120.2;AT5G06120.3;AT5G06120.4
AT3G02570,AT3G02570.1
AT2G19540,AT2G19540.1
AT1G78580,AT1G78580.1
AT3G32930,AT3G32930.1
AT2G45740,AT2G45740.1;AT2G45740.2;AT2G45740.3
AT3G01130,AT3G01130.1;AT3G01130.2
AT2G32180,AT2G32180.1;AT2G32650.1;AT2G32650.2
AT1G74030,AT1G74030.1
AT1G74260,AT1G74260.1
AT2G20750,AT2G20750.1
AT5G35910,AT5G35910.1
AT2G07690,AT2G07690.1;AT2G07690.2
AT1G69510,AT1G69510.1;AT1G69510.2;AT1G69510.3
AT1G31817,AT1G31817.1
ATCG00520,ATCG00520.1
AT3G55020,AT3G55020.1
AT4G01897,AT4G01897.1
AT1G74380,AT1G74380.1
AT5G25150,AT5G25150.1
AT3G26410,AT3G26410.1
AT2G45070,AT2G45070.1;AT2G45070.2;AT2G45070.3;AT2G45070.4;AT3G60540.1;AT3G60540.2
AT4G04350,AT4G04350.1
AT4G30190,AT4G30190.1
AT2G26830,AT2G26830.1
AT4G18480,AT4G18480.1
ATCG00710,ATCG00710.1
AT4G14240,AT4G14240.1;AT4G14240.2
AT1G01420,AT1G01420.1
AT2G07725,AT2G07725.1;ATMG00210.1
AT3G58180,AT3G58180.1
AT2G23010,AT2G23010.1;AT2G23010.2
AT4G36690,AT4G36690.1;AT4G36690.4
AT2G47620,AT2G47620.1
AT4G28450,AT4G28450.1
AT1G66940,AT1G66940.1;AT1G66940.2;AT1G66940.3
AT5G42770,AT5G42770.1;AT5G42770.2
AT3G09410,AT3G09410.1
AT4G33250,AT4G33250.1
AT3G61130,AT3G61130.1
AT1G63180,AT1G63180.1
AT2G07560,AT2G07560.1
AT5G14040,AT5G14040.1
AT5G50370,AT5G50370.1
AT3G61620,AT3G61620.1;AT3G61620.2
AT2G41020,AT2G41020.1
AT2G44640,AT2G44640.1
AT2G01970,AT2G01970.1
AT1G74040,AT1G74040.1
AT3G14110,AT3G14110.1;AT3G14110.2;AT3G14110.3
AT1G43710,AT1G43710.1
AT5G47880,AT5G47880.1;AT5G47880.2
AT1G60900,AT1G60900.1
AT2G18960,AT2G18960.1
AT1G49910,AT1G49910.1;AT3G19590.1
AT5G18420,AT5G18420.1;AT5G18420.2;AT5G18420.3
AT5G16620,AT5G16620.1
AT1G09160,AT1G09160.1;AT1G09160.2
AT3G57000,AT3G57000.1
AT1G18590,AT1G18590.1
AT5G47070,AT5G47070.1
AT1G01860,AT1G01860.1
AT1G60650,AT1G60650.1;AT1G60650.2
AT1G02020,AT1G02020.1;AT1G02020.2
AT1G62040,AT1G62040.1;AT1G62040.2
AT5G64440,AT5G64440.1
ATMG00516,ATMG00516.1;ATMG01120.1;ATMG01275.1
AT5G09860,AT5G09860.1;AT5G09860.2
AT1G66130,AT1G66130.1
AT1G61790,AT1G61790.1
AT2G17280,AT2G17280.1;AT2G17280.2
AT1G55805,AT1G55805.1
AT2G41310,AT2G41310.1;AT3G57040.1
AT4G33520,AT4G33520.2;AT4G33520.3
AT3G10230,AT3G10230.1;AT3G10230.2
AT3G48110,AT3G48110.1
AT2G34260,AT2G34260.1
AT1G22800,AT1G22800.1
AT4G36360,AT4G36360.1;AT4G36360.2
AT1G54570,AT1G54570.1
AT3G47450,AT3G47450.2
AT1G12920,AT1G12920.1
AT1G14710,AT1G14710.1;AT1G14710.2
AT4G13460,AT4G13460.1;AT4G13460.2
AT5G15350,AT5G15350.1
AT1G03140,AT1G03140.1
AT4G33110,AT4G33110.1;AT4G33110.2
AT1G16870,AT1G16870.1
AT1G26520,AT1G26520.1
AT5G65770,AT5G65770.1;AT5G65770.2;AT5G65770.3;AT5G65780.2
AT2G22400,AT2G22400.1
ATCG01130,ATCG01130.1
AT3G52140,AT3G52140.1;AT3G52140.2;AT3G52140.4
AT5G49880,AT5G49880.1
AT1G20970,AT1G20970.1
AT2G45950,AT2G45950.1;AT2G45950.2
AT5G56950,AT5G56950.1
AT5G22480,AT5G22480.1
AT5G09920,AT5G09920.1
AT4G33360,AT4G33360.1;AT4G33360.3
AT5G04810,AT5G04810.1
AT3G01780,AT3G01780.1
AT3G19820,AT3G19820.1;AT3G19820.2;AT3G19820.3
AT3G09860,AT3G09860.1
AT1G56580,AT1G56580.1
AT1G64330,AT1G64330.1
AT4G10750,AT4G10750.1
AT5G62980,AT5G62980.1
AT1G26970,AT1G26970.1
AT1G61730,AT1G61730.1
AT2G21960,AT2G21960.1
AT5G30490,AT5G30490.1;AT5G30490.2
AT3G22960,AT3G22960.1
AT4G12980,AT4G12980.1
AT5G24314,AT5G24314.1;AT5G24314.2
AT4G03190,AT4G03190.1
AT4G34020,AT4G34020.1
AT2G22475,AT2G22475.1
AT1G79050,AT1G79050.1
AT3G18240,AT3G18240.1;AT3G18240.2;AT4G21460.1
AT5G38840,AT5G38840.1
AT4G00830,AT4G00830.1;AT4G00830.2;AT4G00830.3;AT4G00830.4
AT5G20970,AT5G20970.1
AT5G49210,AT5G49210.1;AT5G49210.2
AT2G44870,AT2G44870.1
AT5G42030,AT5G42030.1
AT4G32720,AT4G32720.1;AT4G32720.2
AT3G07680,AT3G07680.1
AT1G18730,AT1G18730.1;AT1G18730.3
AT1G60990,AT1G60990.1;AT1G60990.2;AT1G60990.3
AT2G33120,AT2G33120.1;AT2G33120.2
AT3G49430,AT3G49430.1;AT3G49430.2;AT3G49430.3
AT3G59950,AT3G59950.1;AT3G59950.2;AT3G59950.3
AT1G31690,AT1G31690.1
AT2G19870,AT2G19870.1
AT3G16230,AT3G16230.1;AT3G16230.2;AT3G16230.3
AT2G44530,AT2G44530.1;AT2G44530.2
AT5G27640,AT5G27640.1;AT5G27640.2
AT2G04842,AT2G04842.1
AT1G53840,AT1G53840.1
AT3G23580,AT3G23580.1
AT5G26200,AT5G26200.1
AT5G64420,AT5G64420.1
AT2G16485,AT2G16485.1
AT3G45780,AT3G45780.1;AT3G45780.2
AT1G65450,AT1G65450.1
AT2G18790,AT2G18790.1
AT3G21865,AT3G21865.1
AT5G21170,AT5G21170.1;AT5G21170.2
AT4G09430,AT4G09430.1
AT3G20020,AT3G20020.1;AT3G20020.2
AT1G06730,AT1G06730.1
AT2G42310,AT2G42310.1;AT3G57785.1
AT1G51360,AT1G51360.1
AT1G26761,AT1G26761.1
AT3G28460,AT3G28460.1
AT2G32860,AT2G32860.1;AT2G32860.2
AT1G30380,AT1G30380.1
AT5G27720,AT5G27720.1
AT1G59760,AT1G59760.1
AT2G25140,AT2G25140.1
ATCG00360,ATCG00360.1
AT4G26480,AT4G26480.1
AT4G28590,AT4G28590.1
AT3G10270,AT3G10270.1
AT2G02790,AT2G02790.1
AT5G05200,AT5G05200.1
AT2G21790,AT2G21790.1
AT2G47610,AT2G47610.1
AT2G31740,AT2G31740.1
AT5G23570,AT5G23570.1
AT2G01755,AT2G01755.1
AT3G50520,AT3G50520.1
AT2G32540,AT2G32540.1
AT1G04780,AT1G04780.1
AT3G01680,AT3G01680.1
AT5G18820,AT5G18820.1
AT1G17580,AT1G17580.1
AT2G03820,AT2G03820.1
AT3G07030,AT3G07030.1
AT5G23010,AT5G23010.1
AT3G01370,AT3G01370.1
AT3G09740,AT3G09740.1
AT2G27100,AT2G27100.1
AT3G57430,AT3G57430.1
AT3G16570,AT3G16570.1;AT4G15800.1
AT1G63160,AT1G63160.1
AT3G20430,AT3G20430.1
AT1G11310,AT1G11310.1;AT1G11310.2
AT4G03560,AT4G03560.1
AT2G29460,AT2G29460.1
AT1G10580,AT1G10580.1
AT3G19340,AT3G19340.1
AT1G56440,AT1G56440.1;AT1G56440.2
AT1G79560,AT1G79560.1
AT2G40890,AT2G40890.1
AT2G34640,AT2G34640.1
AT2G43950,AT2G43950.1;AT2G43950.2;AT2G43950.3
AT5G25780,AT5G25780.1
AT1G03150,AT1G03150.1
AT3G26900,AT3G26900.1;AT3G26900.2;AT3G26900.3
AT2G35390,AT2G35390.1;AT2G35390.2
AT1G70940,AT1G70940.1
AT1G80420,AT1G80420.1;AT1G80420.2;AT1G80420.3;AT1G80420.4
AT4G22350,AT4G22350.1;AT4G22350.2
AT3G25660,AT3G25660.1
AT5G62440,AT5G62440.1
AT1G30690,AT1G30690.1;AT1G30690.2
AT2G23390,AT2G23390.1
AT5G20910,AT5G20910.1
AT5G10840,AT5G10840.1
AT4G38100,AT4G38100.1
AT4G31210,AT4G31210.1
AT3G10690,AT3G10690.1
AT1G06400,AT1G06400.1
AT5G10360,AT5G10360.1
AT4G00730,AT4G00730.1
AT1G13870,AT1G13870.1
AT2G47380,AT2G47380.1
AT3G55290,AT3G55290.2
AT3G52190,AT3G52190.1
AT3G20890,AT3G20890.1
AT5G56360,AT5G56360.1
AT1G06670,AT1G06670.1
ATCG00180,ATCG00180.1
AT5G19400,AT5G19400.1;AT5G19400.2;AT5G19400.3
AT4G39680,AT4G39680.1;AT4G39680.2
AT4G10280,AT4G10280.1
AT5G47550,AT5G47550.1
AT3G07640,AT3G07640.1
AT4G31340,AT4G31340.1;AT4G31340.2
AT5G48030,AT5G48030.1
AT4G20130,AT4G20130.1
AT3G28040,AT3G28040.1
AT3G12670,AT3G12670.1
AT3G48500,AT3G48500.1;AT3G48500.2
AT1G50430,AT1G50430.1;AT1G50430.2
AT3G44330,AT3G44330.1
AT1G20450,AT1G20450.1;AT1G20450.2
AT2G30920,AT2G30920.1
AT3G57030,AT3G57030.1
AT3G07990,AT3G07990.1
AT1G20960,AT1G20960.1;AT1G20960.2
AT1G17140,AT1G17140.1;AT1G17140.2
AT5G48470,AT5G48470.1
AT4G39940,AT4G39940.1
AT3G06530,AT3G06530.1;AT3G06530.2;AT3G06530.3
AT2G29630,AT2G29630.1;AT2G29630.2;AT2G29630.3
AT3G13990,AT3G13990.1;AT3G13990.2
AT1G78660,AT1G78660.1;AT1G78660.2;AT1G78660.3
AT3G25940,AT3G25940.1
AT3G15180,AT3G15180.1;AT3G15180.2
AT2G22870,AT2G22870.1
AT3G06200,AT3G06200.1
AT1G07910,AT1G07910.1;AT1G07910.2
AT1G53520,AT1G53520.1
AT1G61870,AT1G61870.1
AT5G52520,AT5G52520.1
AT4G21670,AT4G21670.1
AT3G07220,AT3G07220.1
AT5G49900,AT5G49900.1
AT1G14060,AT1G14060.1
AT3G01150,AT3G01150.1;AT3G01150.2
AT1G19740,AT1G19740.1
AT3G16780,AT3G16780.1
AT4G32130,AT4G32130.1
AT2G35860,AT2G35860.1
AT4G14960,AT4G14960.1
AT5G62290,AT5G62290.1;AT5G62290.2
AT1G14170,AT1G14170.3
AT5G53540,AT5G53540.1
AT3G58110,AT3G58110.1;AT3G58110.2
AT1G64790,AT1G64790.1
AT4G00090,AT4G00090.1
AT1G19870,AT1G19870.1
AT2G43100,AT2G43100.1
AT5G27540,AT5G27540.1;AT5G27540.2
AT5G24690,AT5G24690.1
AT1G04800,AT1G04800.1
AT2G20060,AT2G20060.1
AT1G54410,AT1G54410.1
AT1G66680,AT1G66680.1
AT5G06770,AT5G06770.1
AT2G22425,AT2G22425.1;AT2G22425.2;AT4G40042.1
AT5G27560,AT5G27560.1
AT3G20230,AT3G20230.1
AT5G06210,AT5G06210.1
AT2G45960,AT2G45960.1;AT2G45960.2;AT2G45960.3
AT5G15550,AT5G15550.1
AT1G77740,AT1G77740.1
AT2G32060,AT2G32060.1;AT2G32060.2;AT2G32060.3
AT2G07360,AT2G07360.1;AT2G07360.2
AT3G01670,AT3G01670.1
AT1G65860,AT1G65860.1
AT2G27040,AT2G27040.1;AT2G27040.2
AT2G38650,AT2G38650.1;AT2G38650.2
AT2G15690,AT2G15690.1
AT1G72640,AT1G72640.1
AT2G29320,AT2G29320.1
AT3G23300,AT3G23300.1
AT1G23130,AT1G23130.1
AT4G38710,AT4G38710.1
AT2G21230,AT2G21230.1;AT2G21230.2;AT2G21230.3
AT5G52060,AT5G52060.1
AT3G10330,AT3G10330.1
AT1G29470,AT1G29470.1;AT1G29470.2
AT3G07660,AT3G07660.1
AT5G11580,AT5G11580.1
AT1G29940,AT1G29940.1
AT3G03600,AT3G03600.1
AT4G38580,AT4G38580.1
AT4G02380,AT4G02380.1;AT4G02380.2
AT1G20140,AT1G20140.1
AT4G11820,AT4G11820.1
AT4G33625,AT4G33625.1;AT4G33625.2
AT5G36950,AT5G36950.1
AT4G26430,AT4G26430.1
AT1G64430,AT1G64430.1;AT1G64430.2
AT4G34950,AT4G34950.1
AT3G19710,AT3G19710.1
AT1G04750,AT1G04750.1;AT1G04750.2
AT2G26110,AT2G26110.1
AT5G58310,AT5G58310.1
AT1G18500,AT1G18500.1
AT5G28740,AT5G28740.1
AT3G24700,AT3G24700.1
AT4G26130,AT4G26130.1
AT5G60730,AT5G60730.1
AT4G36480,AT4G36480.1;AT4G36480.2
AT5G64940,AT5G64940.1;AT5G64940.2
AT3G13110,AT3G13110.1
AT3G50440,AT3G50440.1
AT3G02760,AT3G02760.1
AT3G54090,AT3G54090.1
AT1G09210,AT1G09210.1
AT2G34680,AT2G34680.1
AT2G34480,AT2G34480.1
AT1G50575,AT1G50575.1
AT1G70320,AT1G70320.1
AT5G11340,AT5G11340.1
AT4G06598,AT4G06598.1
AT5G39740,AT5G39740.1;AT5G39740.2
AT5G04600,AT5G04600.1
AT5G22010,AT5G22010.1
AT3G17170,AT3G17170.1
AT3G06730,AT3G06730.1
AT5G42480,AT5G42480.1
AT2G21440,AT2G21440.1
AT2G11000,AT2G11000.1;AT2G11000.2
AT2G17410,AT2G17410.1;AT2G17410.2
AT1G49600,AT1G49600.1
AT1G02370,AT1G02370.1
AT5G63960,AT5G63960.1;AT5G63960.2
AT4G27640,AT4G27640.1
AT3G50210,AT3G50210.1;AT3G50210.3
AT1G63680,AT1G63680.1
AT3G12080,AT3G12080.1
AT1G11545,AT1G11545.1
AT2G36290,AT2G36290.1
AT3G26840,AT3G26840.1
AT3G13460,AT3G13460.1
AT2G42460,AT2G42460.1;AT2G42460.2
AT1G15290,AT1G15290.1
AT4G12650,AT4G12650.1
AT4G37980,AT4G37980.1
AT1G74090,AT1G74090.1
AT5G64960,AT5G64960.1
AT1G26850,AT1G26850.1;AT1G26850.2
AT1G20920,AT1G20920.1;AT1G20920.2;AT3G09620.1
AT4G39860,AT4G39860.2
AT4G17085,AT4G17085.1
ATCG00190,ATCG00190.1
AT2G19460,AT2G19460.1
AT5G13530,AT5G13530.1;AT5G13530.2
AT3G59020,AT3G59020.1;AT3G59020.2
AT2G30490,AT2G30490.1
AT4G10480,AT4G10480.1
AT3G28720,AT3G28720.1
AT4G16390,AT4G16390.1
AT5G14720,AT5G14720.1
AT4G27490,AT4G27490.1
AT5G66920,AT5G66920.1
AT1G72410,AT1G72410.1;AT1G72410.2
AT4G33480,AT4G33480.1
AT5G05990,AT5G05990.1
AT1G62390,AT1G62390.1
AT4G23600,AT4G23600.1
AT5G09270,AT5G09270.1;AT5G09270.2
AT1G36050,AT1G36050.1;AT1G36050.2
AT1G49650,AT1G49650.1
AT5G55740,AT5G55740.1
AT5G05210,AT5G05210.1;AT5G05210.2
AT1G16790,AT1G16790.1
ATCG00660,ATCG00660.1
AT5G66470,AT5G66470.1
AT3G53260,AT3G53260.1
AT5G25900,AT5G25900.1
AT1G11790,AT1G11790.1
AT5G15780,AT5G15780.1
AT1G15440,AT1G15440.1;AT1G15440.2
AT5G03460,AT5G03460.1
AT3G53630,AT3G53630.1
ATCG00170,ATCG00170.1
AT1G52540,AT1G52540.1;AT3G15890.1
AT4G00270,AT4G00270.1
AT5G27990,AT5G27990.1
AT2G38280,AT2G38280.1;AT2G38280.2
AT3G54600,AT3G54600.1
AT5G04130,AT5G04130.1
AT1G75680,AT1G75680.1
AT1G27510,AT1G27510.1
AT1G08190,AT1G08190.1
AT5G35400,AT5G35400.1;AT5G35400.2
AT3G60810,AT3G60810.1;AT3G60810.2
AT3G05060,AT3G05060.1
AT4G31160,AT4G31160.1
AT1G67750,AT1G67750.1
AT3G23620,AT3G23620.1
AT2G06210,AT2G06210.1
AT5G23395,AT5G23395.1
AT4G11980,AT4G11980.1
AT2G37040,AT2G37040.1
AT5G27450,AT5G27450.1;AT5G27450.2;AT5G27450.3
AT2G39010,AT2G39010.1
AT2G25290,AT2G25290.1;AT2G25290.2;AT2G25290.3
AT4G01320,AT4G01320.1
AT1G12350,AT1G12350.1
AT1G52000,AT1G52000.1
AT1G49510,AT1G49510.1
AT5G43070,AT5G43070.1
AT2G15290,AT2G15290.1
AT4G02840,AT4G02840.1;AT4G02840.2
AT3G06480,AT3G06480.1
AT3G22220,AT3G22220.1;AT3G22220.2
AT2G25570,AT2G25570.1;AT2G25570.2;AT2G25570.3
AT1G10950,AT1G10950.1
AT4G02510,AT4G02510.1
AT1G02280,AT1G02280.1;AT1G02280.2
AT3G12640,AT3G12640.1
AT4G16510,AT4G16510.1
AT1G10490,AT1G10490.1
AT4G29510,AT4G29510.1
AT3G29200,AT3G29200.1
AT4G15020,AT4G15020.1;AT4G15020.2
AT1G15000,AT1G15000.1
AT1G32940,AT1G32940.1
AT5G10910,AT5G10910.1
AT2G26900,AT2G26900.1
AT4G26210,AT4G26210.1;AT4G26210.2
AT3G14650,AT3G14650.1
AT2G37060,AT2G37060.1;AT2G37060.2;AT2G37060.3;AT3G53340.1
AT5G62690,AT5G62690.1;AT5G62700.1
AT3G53700,AT3G53700.1
AT1G63810,AT1G63810.1
AT3G46740,AT3G46740.1
AT3G12145,AT3G12145.1
AT3G44530,AT3G44530.1;AT3G44530.2
AT1G06220,AT1G06220.1;AT1G06220.2
AT4G25740,AT4G25740.1
AT3G45230,AT3G45230.1
AT1G56120,AT1G56120.1
AT3G15680,AT3G15680.1
AT3G10160,AT3G10160.1
AT1G11475,AT1G11475.1
AT1G33810,AT1G33810.1
AT5G20630,AT5G20630.1
AT3G56630,AT3G56630.1
AT3G14350,AT3G14350.1;AT3G14350.2;AT3G14350.3
AT4G02725,AT4G02725.1
AT3G48425,AT3G48425.1
AT3G18430,AT3G18430.1;AT3G18430.2
AT2G43360,AT2G43360.1
AT4G22670,AT4G22670.1
AT1G54580,AT1G54580.1
AT1G12570,AT1G12570.1
AT1G80770,AT1G80770.1
AT5G51545,AT5G51545.1
AT5G47680,AT5G47680.1
AT2G31660,AT2G31660.1
AT3G27180,AT3G27180.1
AT3G09790,AT3G09790.1
AT2G26200,AT2G26200.1
AT5G61020,AT5G61020.1;AT5G61020.2
AT5G65700,AT5G65700.1;AT5G65700.2
AT5G22440,AT5G22440.1;AT5G22440.2
AT3G12210,AT3G12210.2
AT1G67740,AT1G67740.1
AT5G60920,AT5G60920.1
AT4G27600,AT4G27600.1
AT1G49140,AT1G49140.1;AT3G18410.1;AT3G18410.2
AT2G35880,AT2G35880.1
AT5G58090,AT5G58090.1
AT2G31350,AT2G31350.1;AT2G31350.2
AT2G24590,AT2G24590.1
AT4G10000,AT4G10000.1;AT4G10000.2
AT4G25880,AT4G25880.1;AT4G25880.2;AT4G25880.3
AT4G32410,AT4G32410.1
AT1G51570,AT1G51570.1
AT5G51750,AT5G51750.1
AT1G52760,AT1G52760.1
AT5G19820,AT5G19820.1
AT5G25090,AT5G25090.1
AT3G12680,AT3G12680.1
AT4G34830,AT4G34830.1
AT4G15410,AT4G15410.1
AT1G02690,AT1G02690.1;AT1G02690.2
AT1G32920,AT1G32920.1
AT1G78820,AT1G78820.1
AT5G19210,AT5G19210.2
AT4G28080,AT4G28080.1
AT3G52230,AT3G52230.1
AT4G32050,AT4G32050.1
AT1G24120,AT1G24120.1
ATCG00740,ATCG00740.1
AT1G58250,AT1G58250.1;AT1G58250.2
AT5G08560,AT5G08560.1;AT5G08560.2
AT4G32900,AT4G32900.2
AT2G22980,AT2G22980.1;AT2G22980.2;AT2G22980.3;AT2G22980.4
AT1G64650,AT1G64650.1
ATCG00040,ATCG00040.1
AT1G02150,AT1G02150.1
AT5G01270,AT5G01270.1;AT5G01270.2
AT3G07568,AT3G07568.1
AT3G08680,AT3G08680.1;AT3G08680.2
AT5G42920,AT5G42920.2
AT1G71840,AT1G71840.1
AT5G16290,AT5G16290.1;AT5G16290.2
AT1G01320,AT1G01320.1;AT1G01320.2
AT1G26170,AT1G26170.1
AT4G14440,AT4G14440.1
AT2G34560,AT2G34560.1
AT2G27140,AT2G27140.1
AT5G27120,AT5G27120.1
AT2G40430,AT2G40430.1;AT2G40430.2;AT2G40430.3
AT2G32410,AT2G32410.1;AT2G32410.2
AT2G02500,AT2G02500.1
AT3G48560,AT3G48560.1
AT1G12770,AT1G12770.1
AT4G31850,AT4G31850.1
AT4G01037,AT4G01037.1
AT4G14040,AT4G14040.1
AT5G40890,AT5G40890.1;AT5G40890.2
AT1G12430,AT1G12430.1;AT1G12430.2
AT1G34130,AT1G34130.1
AT3G59490,AT3G59490.1;AT3G59490.2
AT3G61860,AT3G61860.1
AT3G12200,AT3G12200.1;AT3G12200.2
AT3G28860,AT3G28860.1
AT3G59890,AT3G59890.1;AT3G59890.2
AT1G62850,AT1G62850.2;AT1G62850.3
AT2G15820,AT2G15820.1
AT4G37150,AT4G37150.1
AT4G31930,AT4G31930.1
AT1G06560,AT1G06560.1
AT3G20000,AT3G20000.1
AT3G07050,AT3G07050.1
AT5G41190,AT5G41190.1
AT1G36320,AT1G36320.1
AT2G18940,AT2G18940.1
AT1G76180,AT1G76180.1;AT1G76180.2
AT5G54100,AT5G54100.1
AT5G15090,AT5G15090.1;AT5G15090.2
ATMG00060,ATMG00060.1;ATMG00513.1;ATMG00665.1
AT1G10270,AT1G10270.1
AT3G05040,AT3G05040.1
AT3G06790,AT3G06790.1;AT3G06790.2
AT3G21540,AT3G21540.1
AT1G04430,AT1G04430.1;AT1G04430.2
AT4G14090,AT4G14090.1
AT2G45560,AT2G45560.1
AT4G16180,AT4G16180.2
AT1G11680,AT1G11680.1
AT1G66730,AT1G66730.1
AT1G60740,AT1G60740.1;AT1G65970.1
AT1G33170,AT1G33170.1
AT4G37370,AT4G37370.1
AT4G14510,AT4G14510.1
AT3G23820,AT3G23820.1
AT4G09730,AT4G09730.1
AT1G56110,AT1G56110.1
AT5G13930,AT5G13930.1
AT3G28710,AT3G28710.1
AT5G05470,AT5G05470.1
AT1G14910,AT1G14910.1
AT3G06960,AT3G06960.1
AT3G56680,AT3G56680.1
AT3G57180,AT3G57180.1
AT5G15760,AT5G15760.1
AT5G14600,AT5G14600.1
AT5G35180,AT5G35180.1;AT5G35180.2;AT5G35180.3;AT5G35180.4
AT1G74590,AT1G74590.1
AT1G70770,AT1G70770.1;AT1G70770.2
AT5G01500,AT5G01500.1
AT1G35780,AT1G35780.1
AT1G76880,AT1G76880.1
AT5G17790,AT5G17790.1
AT1G70070,AT1G70070.1
AT3G13180,AT3G13180.1
AT1G30680,AT1G30680.1
AT4G26630,AT4G26630.1;AT4G26630.2
AT5G52820,AT5G52820.1
AT4G37590,AT4G37590.1
AT5G39570,AT5G39570.1
AT4G31700,AT4G31700.1
AT5G14520,AT5G14520.1
AT3G51820,AT3G51820.1
AT5G05270,AT5G05270.1;AT5G05270.2
AT1G13730,AT1G13730.1
AT2G26400,AT2G26400.1
AT5G46580,AT5G46580.1
AT5G57345,AT5G57345.1
AT5G26742,AT5G26742.1;AT5G26742.2
AT1G52400,AT1G52400.1;AT1G52400.3
AT3G54130,AT3G54130.1
AT3G57550,AT3G57550.1;AT3G57550.2
AT5G10240,AT5G10240.1;AT5G10240.2
AT2G37990,AT2G37990.1
AT4G33470,AT4G33470.1
AT5G19990,AT5G19990.1
AT2G46930,AT2G46930.1
AT2G39670,AT2G39670.1
AT1G70890,AT1G70890.1
AT3G13470,AT3G13470.1
AT4G37530,AT4G37530.1;AT4G37530.2
AT5G12410,AT5G12410.1
AT5G63510,AT5G63510.1;AT5G63510.2
AT1G52030,AT1G52030.1;AT1G52030.2
AT1G50360,AT1G50360.1
AT3G27750,AT3G27750.1
AT5G03420,AT5G03420.1
AT1G79750,AT1G79750.1
AT5G65260,AT5G65260.1
AT4G27340,AT4G27340.1
AT1G04520,AT1G04520.1
AT2G19720,AT2G19720.1
AT3G04650,AT3G04650.1
AT3G60210,AT3G60210.1
AT5G26880,AT5G26880.1;AT5G26880.2
AT5G52470,AT5G52470.1
AT3G10050,AT3G10050.1
AT1G08640,AT1G08640.1
AT2G48120,AT2G48120.1;AT2G48120.2
AT1G67230,AT1G67230.1
AT3G04470,AT3G04470.1
AT3G60600,AT3G60600.1;AT3G60600.2;AT3G60600.3
AT1G74850,AT1G74850.1
AT3G44990,AT3G44990.1
AT4G38890,AT4G38890.1
AT4G18030,AT4G18030.1
AT1G45230,AT1G45230.1;AT1G45230.2
AT1G03060,AT1G03060.1
AT5G09880,AT5G09880.1
AT3G49010,AT3G49010.1;AT3G49010.2;AT3G49010.3;AT3G49010.4
AT1G21730,AT1G21730.1
AT5G14580,AT5G14580.1
AT1G04910,AT1G04910.1
AT5G44785,AT5G44785.1;AT5G44785.2
AT2G39140,AT2G39140.1
AT4G15640,AT4G15640.1
AT5G52920,AT5G52920.1
AT4G19120,AT4G19120.1;AT4G19120.2
AT2G26680,AT2G26680.1
AT1G02160,AT1G02160.1;AT1G02160.2
AT5G63440,AT5G63440.2;AT5G63440.3
AT3G10840,AT3G10840.1
AT1G69200,AT1G69200.1
AT1G47490,AT1G47490.1
AT1G65290,AT1G65290.1
AT5G11480,AT5G11480.1
AT1G56340,AT1G56340.1
AT1G67360,AT1G67360.1;AT1G67360.2
AT5G40160,AT5G40160.1
AT3G55710,AT3G55710.1
AT2G34585,AT2G34585.1
AT3G60480,AT3G60480.1
AT3G49140,AT3G49140.1
AT1G78370,AT1G78370.1
AT1G49350,AT1G49350.1
AT1G48570,AT1G48570.1
AT5G02050,AT5G02050.1
AT5G42090,AT5G42090.1
AT5G39940,AT5G39940.1;AT5G39940.2
AT2G40290,AT2G40290.1
AT5G27740,AT5G27740.1
AT5G26940,AT5G26940.1;AT5G26940.2;AT5G26940.3;AT5G26940.4
AT1G32080,AT1G32080.1
AT4G19810,AT4G19810.1
AT2G25060,AT2G25060.1
AT4G21770,AT4G21770.1
AT3G02950,AT3G02950.1
AT3G62700,AT3G62700.1
AT2G42840,AT2G42840.1
AT4G30950,AT4G30950.1
AT3G20930,AT3G20930.1
AT5G21105,AT5G21105.1;AT5G21105.3
AT3G19800,AT3G19800.1;AT3G19800.2
AT3G16260,AT3G16260.1
AT3G61070,AT3G61070.1;AT3G61070.2;AT3G61070.3
AT1G01170,AT1G01170.1;AT1G01170.2
AT3G25110,AT3G25110.1
AT1G44770,AT1G44770.1;AT1G44770.2
AT3G53420,AT3G53420.1;AT3G53420.2
AT2G31410,AT2G31410.1
AT3G57150,AT3G57150.1
AT1G79530,AT1G79530.1
AT1G68100,AT1G68100.1
AT1G76810,AT1G76810.1
AT3G07950,AT3G07950.1
AT5G08160,AT5G08160.1
AT3G09200,AT3G09200.1
AT5G21326,AT5G21326.1
AT5G44635,AT5G44635.1
AT3G10530,AT3G10530.1
AT4G39740,AT4G39740.1
AT4G37510,AT4G37510.1
AT2G47840,AT2G47840.1
AT5G09850,AT5G09850.1
AT1G10230,AT1G10230.1
AT1G48240,AT1G48240.1
AT5G13000,AT5G13000.1;AT5G13000.2
AT1G59990,AT1G59990.1
AT1G72690,AT1G72690.1
AT3G49360,AT3G49360.1
AT4G38760,AT4G38760.1
AT5G18570,AT5G18570.1
AT5G64830,AT5G64830.1
AT4G35910,AT4G35910.1
AT5G54180,AT5G54180.1
AT3G11964,AT3G11964.1
AT5G37340,AT5G37340.1;AT5G37340.2;AT5G37340.3
AT1G19350,AT1G19350.1;AT1G19350.3;AT1G19350.4;AT1G19350.5;AT1G19350.6
AT3G09210,AT3G09210.1
AT4G32560,AT4G32560.1;AT4G32560.2;AT4G32560.3
AT4G26370,AT4G26370.1
AT4G15440,AT4G15440.1
AT1G52980,AT1G52980.1
AT4G20010,AT4G20010.1;AT4G20010.2
AT1G76850,AT1G76850.1
AT1G78320,AT1G78320.1
AT5G40610,AT5G40610.1
AT2G04530,AT2G04530.1
AT1G66280,AT1G66280.1
AT1G51630,AT1G51630.1
AT2G07741,AT2G07741.1;ATMG00410.1;ATMG01170.1
AT1G18850,AT1G18850.1
AT3G24160,AT3G24160.1
AT5G48620,AT5G48620.1
AT5G20600,AT5G20600.1
AT1G72480,AT1G72480.1
AT3G02920,AT3G02920.1;AT3G02920.2
AT2G47420,AT2G47420.1
AT2G26910,AT2G26910.1
AT4G31430,AT4G31430.1;AT4G31430.2;AT4G31430.3
AT1G11780,AT1G11780.1
AT3G59040,AT3G59040.1;AT3G59040.2
AT1G80050,AT1G80050.1
AT3G17300,AT3G17300.1
AT4G29610,AT4G29610.1
AT1G55140,AT1G55140.1
AT4G33700,AT4G33700.1
AT1G76090,AT1G76090.1
AT4G02990,AT4G02990.1
AT5G06360,AT5G06360.1
AT2G29760,AT2G29760.1
AT3G42790,AT3G42790.1
AT3G45600,AT3G45600.1
AT3G46010,AT3G46010.1;AT3G46010.2
AT4G21190,AT4G21190.1
AT4G01650,AT4G01650.1;AT4G01650.2
AT3G20270,AT3G20270.1;AT3G20270.2;AT3G20270.3
AT1G71850,AT1G71850.1
AT1G20330,AT1G20330.1
AT3G11730,AT3G11730.1
AT3G61690,AT3G61690.1
AT5G56030,AT5G56030.1
AT5G08400,AT5G08400.1;AT5G08400.2
AT1G15690,AT1G15690.1
AT5G16140,AT5G16140.1;AT5G16140.2
AT5G16750,AT5G16750.1
AT5G05520,AT5G05520.1
AT3G13740,AT3G13740.1;AT3G13740.2
AT5G47560,AT5G47560.1
AT3G58660,AT3G58660.1
AT4G21180,AT4G21180.1
AT3G03480,AT3G03480.1
AT2G32230,AT2G32230.1
AT3G56860,AT3G56860.1;AT3G56860.2;AT3G56860.3;AT3G56860.4;AT3G56860.5
AT5G08610,AT5G08610.1
AT5G05170,AT5G05170.1
AT4G36390,AT4G36390.1
AT2G44270,AT2G44270.1;AT2G44270.2
AT5G01460,AT5G01460.1
AT4G26110,AT4G26110.1;AT4G26110.2
AT1G06900,AT1G06900.1
AT1G77122,AT1G77122.1
AT2G37250,AT2G37250.1
AT2G20020,AT2G20020.1
AT4G29400,AT4G29400.1
AT4G26780,AT4G26780.1
AT5G67530,AT5G67530.1
AT2G04650,AT2G04650.1
ATCG00560,ATCG00560.1
AT3G52370,AT3G52370.1
AT5G23575,AT5G23575.1
AT2G43120,AT2G43120.1
AT5G64630,AT5G64630.2;AT5G64630.3
AT5G24840,AT5G24840.1
AT4G25210,AT4G25210.1
AT4G24290,AT4G24290.2
AT4G37920,AT4G37920.1
AT1G09900,AT1G09900.1
AT1G70200,AT1G70200.1
AT3G50560,AT3G50560.1
AT1G17130,AT1G17130.1;AT1G17130.2
AT3G21950,AT3G21950.1
AT3G08770,AT3G08770.1;AT3G08770.2
AT4G39460,AT4G39460.1;AT4G39460.2
AT5G03345,AT5G03345.1;AT5G03345.2
AT3G09560,AT3G09560.1;AT3G09560.2;AT3G09560.3
AT4G30800,AT4G30800.1
AT3G18390,AT3G18390.1
AT3G02060,AT3G02060.1;AT3G02060.2
AT1G03650,AT1G03650.1
AT3G06430,AT3G06430.1
AT3G16950,AT3G16950.1;AT3G16950.2
AT4G18670,AT4G18670.1
AT1G42440,AT1G42440.1
AT5G13770,AT5G13770.1
AT2G31890,AT2G31890.1
AT2G27720,AT2G27720.1
AT4G27720,AT4G27720.1
AT1G02840,AT1G02840.1;AT1G02840.2;AT1G02840.3
AT1G06700,AT1G06700.1;AT1G06700.2;AT2G30730.1;AT2G30740.1;AT2G43230.1;AT2G43230.2;AT3G59350.1;AT3G59350.2;AT3G59350.3
AT1G80300,AT1G80300.1
AT4G39470,AT4G39470.1
AT5G22580,AT5G22580.1
AT4G30720,AT4G30720.1
AT5G23900,AT5G23900.1
AT3G16470,AT3G16470.1;AT3G16470.2
AT3G52170,AT3G52170.1;AT3G52170.2
AT1G29310,AT1G29310.1;AT2G34250.1;AT2G34250.2
AT1G33040,AT1G33040.1
AT5G43450,AT5G43450.1
AT4G10030,AT4G10030.1
AT3G56150,AT3G56150.1;AT3G56150.2
AT3G04260,AT3G04260.1
AT3G23530,AT3G23530.1
AT5G43750,AT5G43750.1
AT5G35160,AT5G35160.1;AT5G35160.2
AT4G37040,AT4G37040.1
AT2G43960,AT2G43960.1
AT1G72320,AT1G72320.1;AT1G72320.2;AT1G72320.3
AT4G38740,AT4G38740.1
AT2G40360,AT2G40360.1
AT1G74560,AT1G74560.1;AT1G74560.2;AT1G74560.3
AT1G65870,AT1G65870.1
AT5G49720,AT5G49720.1
AT1G35340,AT1G35340.1;AT1G35340.4
AT2G22970,AT2G22970.1
AT3G06980,AT3G06980.1
AT5G20040,AT5G20040.1;AT5G20040.2;AT5G20040.3
AT3G03920,AT3G03920.1
AT3G16400,AT3G16400.1;AT3G16400.2
AT4G28050,AT4G28050.1
AT1G30610,AT1G30610.1;AT1G30610.2
AT1G52410,AT1G52410.1;AT1G52410.2
AT2G34810,AT2G34810.1
AT2G26550,AT2G26550.1;AT2G26550.2;AT2G26550.3
AT5G62190,AT5G62190.1
AT4G16720,AT4G16720.1;AT4G17390.1
AT1G48650,AT1G48650.1;AT1G48650.2
AT3G47960,AT3G47960.1
AT2G18910,AT2G18910.1
AT4G35790,AT4G35790.1;AT4G35790.2
AT4G13770,AT4G13770.1
AT1G76010,AT1G76010.1
AT5G13850,AT5G13850.1
AT2G47990,AT2G47990.1
AT4G02230,AT4G02230.1
AT1G04110,AT1G04110.1
AT2G30320,AT2G30320.1
AT5G46280,AT5G46280.1
AT2G38550,AT2G38550.1
AT5G55660,AT5G55660.1
AT1G24190,AT1G24190.1;AT1G24190.2
AT1G73090,AT1G73090.1;AT1G73090.2
AT5G27270,AT5G27270.1
AT1G08130,AT1G08130.1
AT4G11640,AT4G11640.1
AT5G18280,AT5G18280.1;AT5G18280.2
AT4G19540,AT4G19540.1
AT2G02590,AT2G02590.1
AT4G35950,AT4G35950.1
AT4G02790,AT4G02790.1
AT5G25980,AT5G25980.2
AT5G67130,AT5G67130.1
AT1G72730,AT1G72730.1
AT1G65310,AT1G65310.1;AT4G30280.1
ATCG01020,ATCG01020.1
AT5G20350,AT5G20350.1
AT3G53020,AT3G53020.1
AT1G25540,AT1G25540.1;AT1G25540.2
AT1G64200,AT1G64200.1
AT5G15810,AT5G15810.1
AT1G30070,AT1G30070.1;AT1G30070.2
AT1G52930,AT1G52930.1
AT3G13410,AT3G13410.1
AT2G43550,AT2G43550.1
AT1G01620,AT1G01620.1
AT5G11160,AT5G11160.1
AT1G20220,AT1G20220.1
AT1G02780,AT1G02780.1
AT3G27670,AT3G27670.1
AT1G49340,AT1G49340.1;AT1G49340.2
AT1G31850,AT1G31850.1;AT1G31850.2;AT1G31850.3
AT1G23460,AT1G23460.1
AT5G35740,AT5G35740.1
AT1G65030,AT1G65030.1
AT2G34560,AT2G34560.2
AT4G04840,AT4G04840.1
AT5G14460,AT5G14460.1
AT1G48920,AT1G48920.1
AT5G66055,AT5G66055.1
AT4G38020,AT4G38020.1
AT2G21160,AT2G21160.1;AT2G21160.2
AT2G46170,AT2G46170.1
AT5G59530,AT5G59530.1
AT5G45420,AT5G45420.1
AT1G47500,AT1G47500.1
AT4G15770,AT4G15770.1
AT1G63800,AT1G63800.1;AT5G41340.1
AT5G23330,AT5G23330.1
AT2G34357,AT2G34357.1
AT5G26210,AT5G26210.1
AT3G28730,AT3G28730.1
AT3G57660,AT3G57660.1
AT5G24850,AT5G24850.1
AT3G52660,AT3G52660.1;AT3G52660.2
AT2G27710,AT2G27710.1;AT2G27710.2;AT2G27710.3;AT2G27710.4
AT1G02205,AT1G02205.1;AT1G02205.2;AT1G02205.3
AT2G19480,AT2G19480.1;AT2G19480.2;AT2G19480.3
AT2G39460,AT2G39460.1;AT2G39460.2;AT3G55280.1;AT3G55280.2;AT3G55280.3
ATMG00090,ATMG00090.1
AT1G52040,AT1G52040.1
AT1G23220,AT1G23220.1
AT2G28600,AT2G28600.1
AT5G14610,AT5G14610.1;AT5G14610.2
AT5G47110,AT5G47110.1
AT3G60910,AT3G60910.1
AT1G31970,AT1G31970.1
AT3G44450,AT3G44450.1
AT2G37920,AT2G37920.1
AT1G01510,AT1G01510.1
AT1G76700,AT1G76700.1
AT4G18520,AT4G18520.1
AT5G51110,AT5G51110.1;AT5G51110.2
AT5G27600,AT5G27600.1
AT3G52630,AT3G52630.1;AT3G52630.2
AT4G21900,AT4G21900.1
AT3G11250,AT3G11250.1
AT1G50920,AT1G50920.1
AT1G51080,AT1G51080.1
AT2G26100,AT2G26100.1
AT3G21190,AT3G21190.1
AT3G12390,AT3G12390.1
AT2G44860,AT2G44860.1;AT2G44860.2
AT5G12110,AT5G12110.1
AT1G74970,AT1G74970.1
AT1G09490,AT1G09490.1
AT1G26390,AT1G26390.1
AT3G26520,AT3G26520.1
AT4G25890,AT4G25890.1
AT5G20400,AT5G20400.1
AT4G28200,AT4G28200.1
AT3G27160,AT3G27160.1
AT1G63500,AT1G63500.1
AT1G64370,AT1G64370.1
AT1G25260,AT1G25260.1
AT4G16630,AT4G16630.1
AT1G62730,AT1G62730.1
AT2G46320,AT2G46320.1;AT2G46320.2;AT2G46320.3
AT5G08520,AT5G08520.1
AT5G10810,AT5G10810.1
AT5G63050,AT5G63050.1;AT5G63050.2
AT3G52640,AT3G52640.1;AT3G52640.2;AT3G52640.3
AT5G22640,AT5G22640.1
AT5G11270,AT5G11270.1
AT5G45760,AT5G45760.1;AT5G45760.2
AT1G55370,AT1G55370.1;AT1G55370.2
AT3G18680,AT3G18680.1
AT4G24175,AT4G24175.1
AT5G22650,AT5G22650.1;AT5G22650.2
AT1G54380,AT1G54380.1
AT1G70650,AT1G70650.2
AT2G01320,AT2G01320.1;AT2G01320.2;AT2G01320.3;AT2G01320.4
AT2G34300,AT2G34300.1;AT2G34300.2
AT1G45201,AT1G45201.1
AT1G24450,AT1G24450.1
AT5G46840,AT5G46840.1;AT5G46840.2
AT5G63140,AT5G63140.1
AT1G05460,AT1G05460.1
AT2G27290,AT2G27290.1
AT4G03230,AT4G03230.1
AT5G02160,AT5G02160.1
AT1G49410,AT1G49410.1
AT2G46020,AT2G46020.1;AT2G46020.2
AT1G51400,AT1G51400.1
AT2G32220,AT2G32220.1
AT4G05410,AT4G05410.1
AT1G48700,AT1G48700.1
AT5G63340,AT5G63340.1
AT1G24280,AT1G24280.1
AT1G17190,AT1G17190.1
AT5G19530,AT5G19530.1;AT5G19530.2
AT1G15500,AT1G15500.1
AT2G39970,AT2G39970.1
AT1G64090,AT1G64090.1
AT4G25630,AT4G25630.1
AT4G39040,AT4G39040.1
AT1G65370,AT1G65370.1
AT4G00430,AT4G00430.1
AT1G32050,AT1G32050.1
AT5G22320,AT5G22320.1;AT5G22320.2
AT4G35230,AT4G35230.1
AT3G55510,AT3G55510.1
AT3G22660,AT3G22660.1
AT1G77030,AT1G77030.1
AT4G30440,AT4G30440.1
AT1G15250,AT1G15250.1;AT1G52300.1;AT3G16080.1
AT3G18600,AT3G18600.1
AT4G15260,AT4G15260.1;AT4G15280.1
AT2G17033,AT2G17033.1;AT2G17033.2
AT3G25470,AT3G25470.1
AT3G51030,AT3G51030.1
AT1G53800,AT1G53800.1;AT1G53800.2
AT5G40440,AT5G40440.1
AT5G47780,AT5G47780.1
AT4G34555,AT4G34555.1
AT1G05590,AT1G05590.1
AT5G52890,AT5G52890.1;AT5G52890.2
AT1G16410,AT1G16410.1
AT1G70710,AT1G70710.1
AT1G31580,AT1G31580.1
AT5G39860,AT5G39860.1
AT4G24460,AT4G24460.1;AT4G24460.2
AT2G28450,AT2G28450.1;AT2G28450.2
AT3G04290,AT3G04290.1
AT2G28790,AT2G28790.1
AT5G52640,AT5G52640.1
AT4G34290,AT4G34290.1
AT5G23070,AT5G23070.1
AT5G47700,AT5G47700.1;AT5G47700.2
AT5G46570,AT5G46570.1
AT3G51870,AT3G51870.1
AT4G32200,AT4G32200.1
AT2G36830,AT2G36830.1
AT5G17660,AT5G17660.1
AT5G15530,AT5G15530.1
AT1G58360,AT1G58360.1
AT5G48657,AT5G48657.1;AT5G48657.2
AT5G24420,AT5G24420.1
AT4G31360,AT4G31360.1
AT1G63310,AT1G63310.1
AT4G27595,AT4G27595.1
AT4G35100,AT4G35100.1;AT4G35100.2
AT5G07900,AT5G07900.1
AT1G08530,AT1G08530.1
AT1G15280,AT1G15280.1;AT1G15280.2
AT3G22150,AT3G22150.1
AT5G57590,AT5G57590.1
AT2G31450,AT2G31450.1
AT1G18250,AT1G18250.1;AT1G18250.2
AT1G28610,AT1G28610.2
AT1G72920,AT1G72920.1;AT1G72940.1
AT5G22050,AT5G22050.1;AT5G22050.2
AT5G51380,AT5G51380.1
AT5G14120,AT5G14120.1
AT5G66060,AT5G66060.1;AT5G66060.2
AT1G65890,AT1G65890.1
AT5G16240,AT5G16240.1
AT5G45940,AT5G45940.1
AT4G14360,AT4G14360.1;AT4G14360.2
AT5G05450,AT5G05450.1
AT2G16890,AT2G16890.1;AT2G16890.2
AT5G46020,AT5G46020.1
AT1G78450,AT1G78450.1
AT1G27540,AT1G27540.1;AT1G27540.2
AT1G32490,AT1G32490.1;AT1G32490.2
AT1G52570,AT1G52570.1
AT5G61300,AT5G61300.1
AT5G22100,AT5G22100.1
AT1G60660,AT1G60660.1
AT5G24760,AT5G24760.1;AT5G24760.2;AT5G24760.3
AT3G46490,AT3G46490.1
AT5G25590,AT5G25590.1
AT4G39620,AT4G39620.1;AT4G39620.2
AT5G03740,AT5G03740.1
AT1G68610,AT1G68610.1
AT4G12510,AT4G12510.1;AT4G12520.1
AT1G57590,AT1G57590.1
AT3G45960,AT3G45960.1;AT3G45960.2
AT5G17420,AT5G17420.1
AT5G47630,AT5G47630.1;AT5G47630.2
AT1G28330,AT1G28330.1;AT1G28330.4
AT1G66330,AT1G66330.1;AT1G66330.2
AT2G37130,AT2G37130.1;AT2G37130.2
AT5G25010,AT5G25010.1
AT1G60430,AT1G60430.1;AT1G60430.2
AT1G56590,AT1G56590.1
AT4G35770,AT4G35770.1;AT4G35770.2;AT4G35770.3
AT5G47640,AT5G47640.1
AT4G34138,AT4G34138.1
AT3G12000,AT3G12000.1
AT2G38570,AT2G38570.1
AT4G09890,AT4G09890.1
AT5G47730,AT5G47730.1;AT5G47730.2;AT5G47730.3
AT3G57790,AT3G57790.1
AT4G29760,AT4G29760.1
AT5G48375,AT5G48375.1
AT1G01280,AT1G01280.1
AT1G24764,AT1G24764.1
AT3G48350,AT3G48350.1
AT3G24100,AT3G24100.1
AT5G28000,AT5G28000.1
AT2G32120,AT2G32120.1;AT2G32120.2
AT3G23637,AT3G23637.1
AT3G22740,AT3G22740.1
AT3G13350,AT3G13350.1
AT4G23885,AT4G23885.1
AT2G37180,AT2G37180.1
AT3G14420,AT3G14420.4
AT1G25230,AT1G25230.1
AT5G27710,AT5G27710.1
AT3G43410,AT3G43410.1
AT5G48730,AT5G48730.1
AT3G50740,AT3G50740.1
AT4G04890,AT4G04890.1;AT4G21750.1;AT4G21750.2
AT2G34790,AT2G34790.1
AT2G29590,AT2G29590.1
AT1G73750,AT1G73750.1
AT5G50310,AT5G50310.1
AT4G31050,AT4G31050.1
AT1G65920,AT1G65920.1
AT3G16450,AT3G16450.1;AT3G16450.2;AT3G16450.3
AT2G30470,AT2G30470.1
AT3G45650,AT3G45650.1
AT4G15210,AT4G15210.1
AT5G25770,AT5G25770.1;AT5G25770.2;AT5G25770.3
AT1G61820,AT1G61820.1
AT1G22370,AT1G22370.2
AT5G48335,AT5G48335.1
AT2G22930,AT2G22930.1
AT1G28320,AT1G28320.1
AT2G39170,AT2G39170.1
AT4G15820,AT4G15820.1
AT4G27380,AT4G27380.1
AT3G24500,AT3G24500.1;AT3G24500.2
AT2G46650,AT2G46650.1
AT1G10170,AT1G10170.1
AT1G78970,AT1G78970.1;AT1G78970.2
AT4G40010,AT4G40010.1
AT1G09390,AT1G09390.1
AT5G47930,AT5G47930.1
AT3G15950,AT3G15950.1;AT3G15950.2
AT1G23390,AT1G23390.1
AT5G24780,AT5G24780.1
AT3G05200,AT3G05200.1
AT2G46050,AT2G46050.1
AT2G22920,AT2G22920.2
