,Pmet,Isorxns,Enzymes,Type
0,pmet_PSII_h,PSII_hNo1,O49347,Obligate
1,pmet_PSII_h,PSII_hNo1,P23321,Shared
2,pmet_PSII_h,PSII_hNo1,P27202,Obligate
3,pmet_PSII_h,PSII_hNo1,P56761,Obligate
4,pmet_PSII_h,PSII_hNo1,P56777,Obligate
5,pmet_PSII_h,PSII_hNo1,P56778,Obligate
6,pmet_PSII_h,PSII_hNo1,P56779,Obligate
7,pmet_PSII_h,PSII_hNo1,P56780,Obligate
8,pmet_PSII_h,PSII_hNo1,P56781,Obligate
9,pmet_PSII_h,PSII_hNo1,P56782,Obligate
10,pmet_PSII_h,PSII_hNo1,P56790,Obligate
11,pmet_PSII_h,PSII_hNo1,P60129,Obligate
12,pmet_PSII_h,PSII_hNo1,P61839,Obligate
13,pmet_PSII_h,PSII_hNo1,P62095,Obligate
14,pmet_PSII_h,PSII_hNo1,P62100,Obligate
15,pmet_PSII_h,PSII_hNo1,P62109,Obligate
16,pmet_PSII_h,PSII_hNo1,P62113,Obligate
17,pmet_PSII_h,PSII_hNo1,P83755,Obligate
18,pmet_PSII_h,PSII_hNo1,Q39194,Obligate
19,pmet_PSII_h,PSII_hNo1,Q39195,Obligate
20,pmet_PSII_h,PSII_hNo1,Q42029,Obligate
21,pmet_PSII_h,PSII_hNo1,Q9XF91,Obligate
22,pmet_PSII_h,PSII_hNo1,Q9XFT3,Shared
23,pmet_PSII_h,PSII_hNo2,O49347,Obligate
24,pmet_PSII_h,PSII_hNo2,P27202,Obligate
25,pmet_PSII_h,PSII_hNo2,P56761,Obligate
26,pmet_PSII_h,PSII_hNo2,P56777,Obligate
27,pmet_PSII_h,PSII_hNo2,P56778,Obligate
28,pmet_PSII_h,PSII_hNo2,P56779,Obligate
29,pmet_PSII_h,PSII_hNo2,P56780,Obligate
30,pmet_PSII_h,PSII_hNo2,P56781,Obligate
31,pmet_PSII_h,PSII_hNo2,P56782,Obligate
32,pmet_PSII_h,PSII_hNo2,P56790,Obligate
33,pmet_PSII_h,PSII_hNo2,P60129,Obligate
34,pmet_PSII_h,PSII_hNo2,P61839,Obligate
35,pmet_PSII_h,PSII_hNo2,P62095,Obligate
36,pmet_PSII_h,PSII_hNo2,P62100,Obligate
37,pmet_PSII_h,PSII_hNo2,P62109,Obligate
38,pmet_PSII_h,PSII_hNo2,P62113,Obligate
39,pmet_PSII_h,PSII_hNo2,P83755,Obligate
40,pmet_PSII_h,PSII_hNo2,Q39194,Obligate
41,pmet_PSII_h,PSII_hNo2,Q39195,Obligate
42,pmet_PSII_h,PSII_hNo2,Q42029,Obligate
43,pmet_PSII_h,PSII_hNo2,Q9XF91,Obligate
44,pmet_PSII_h,PSII_hNo2,Q9XFT3,Shared
45,pmet_PSII_h,PSII_hNo2,Q9S841,Shared
46,pmet_PSII_h,PSII_hNo3,O49347,Obligate
47,pmet_PSII_h,PSII_hNo3,P23321,Shared
48,pmet_PSII_h,PSII_hNo3,P27202,Obligate
49,pmet_PSII_h,PSII_hNo3,P56761,Obligate
50,pmet_PSII_h,PSII_hNo3,P56777,Obligate
51,pmet_PSII_h,PSII_hNo3,P56778,Obligate
52,pmet_PSII_h,PSII_hNo3,P56779,Obligate
53,pmet_PSII_h,PSII_hNo3,P56780,Obligate
54,pmet_PSII_h,PSII_hNo3,P56781,Obligate
55,pmet_PSII_h,PSII_hNo3,P56782,Obligate
56,pmet_PSII_h,PSII_hNo3,P56790,Obligate
57,pmet_PSII_h,PSII_hNo3,P60129,Obligate
58,pmet_PSII_h,PSII_hNo3,P61839,Obligate
59,pmet_PSII_h,PSII_hNo3,P62095,Obligate
60,pmet_PSII_h,PSII_hNo3,P62100,Obligate
61,pmet_PSII_h,PSII_hNo3,P62109,Obligate
62,pmet_PSII_h,PSII_hNo3,P62113,Obligate
63,pmet_PSII_h,PSII_hNo3,P83755,Obligate
64,pmet_PSII_h,PSII_hNo3,Q39194,Obligate
65,pmet_PSII_h,PSII_hNo3,Q39195,Obligate
66,pmet_PSII_h,PSII_hNo3,Q42029,Obligate
67,pmet_PSII_h,PSII_hNo3,Q9XF91,Obligate
68,pmet_PSII_h,PSII_hNo3,Q41932,Shared
69,pmet_PSII_h,PSII_hNo4,O49347,Obligate
70,pmet_PSII_h,PSII_hNo4,P27202,Obligate
71,pmet_PSII_h,PSII_hNo4,P56761,Obligate
72,pmet_PSII_h,PSII_hNo4,P56777,Obligate
73,pmet_PSII_h,PSII_hNo4,P56778,Obligate
74,pmet_PSII_h,PSII_hNo4,P56779,Obligate
75,pmet_PSII_h,PSII_hNo4,P56780,Obligate
76,pmet_PSII_h,PSII_hNo4,P56781,Obligate
77,pmet_PSII_h,PSII_hNo4,P56782,Obligate
78,pmet_PSII_h,PSII_hNo4,P56790,Obligate
79,pmet_PSII_h,PSII_hNo4,P60129,Obligate
80,pmet_PSII_h,PSII_hNo4,P61839,Obligate
81,pmet_PSII_h,PSII_hNo4,P62095,Obligate
82,pmet_PSII_h,PSII_hNo4,P62100,Obligate
83,pmet_PSII_h,PSII_hNo4,P62109,Obligate
84,pmet_PSII_h,PSII_hNo4,P62113,Obligate
85,pmet_PSII_h,PSII_hNo4,P83755,Obligate
86,pmet_PSII_h,PSII_hNo4,Q39194,Obligate
87,pmet_PSII_h,PSII_hNo4,Q39195,Obligate
88,pmet_PSII_h,PSII_hNo4,Q42029,Obligate
89,pmet_PSII_h,PSII_hNo4,Q9XF91,Obligate
90,pmet_PSII_h,PSII_hNo4,Q9S841,Shared
91,pmet_PSII_h,PSII_hNo4,Q41932,Shared
92,pmet_PSI_h,PSI_hNo1,P49107,Obligate
93,pmet_PSI_h,PSI_hNo1,P56766,Obligate
94,pmet_PSI_h,PSI_hNo1,P56767,Obligate
95,pmet_PSI_h,PSI_hNo1,P56768,Obligate
96,pmet_PSI_h,PSI_hNo1,P56769,Obligate
97,pmet_PSI_h,PSI_hNo1,P62090,Obligate
98,pmet_PSI_h,PSI_hNo1,Q8LCA1,Obligate
99,pmet_PSI_h,PSI_hNo1,Q949Q5,Obligate
100,pmet_PSI_h,PSI_hNo1,Q9S7H1,Shared
101,pmet_PSI_h,PSI_hNo1,Q9S7N7,Obligate
102,pmet_PSI_h,PSI_hNo1,Q9S831,Shared
103,pmet_PSI_h,PSI_hNo1,Q9SHE8,Obligate
104,pmet_PSI_h,PSI_hNo1,Q9SUI4,Obligate
105,pmet_PSI_h,PSI_hNo1,Q9SUI5,Obligate
106,pmet_PSI_h,PSI_hNo1,Q9SUI7,Shared
107,pmet_PSI_h,PSI_hNo2,P49107,Obligate
108,pmet_PSI_h,PSI_hNo2,P56766,Obligate
109,pmet_PSI_h,PSI_hNo2,P56767,Obligate
110,pmet_PSI_h,PSI_hNo2,P56768,Obligate
111,pmet_PSI_h,PSI_hNo2,P56769,Obligate
112,pmet_PSI_h,PSI_hNo2,P62090,Obligate
113,pmet_PSI_h,PSI_hNo2,Q8LCA1,Obligate
114,pmet_PSI_h,PSI_hNo2,Q949Q5,Obligate
115,pmet_PSI_h,PSI_hNo2,Q9S7N7,Obligate
116,pmet_PSI_h,PSI_hNo2,Q9S831,Shared
117,pmet_PSI_h,PSI_hNo2,Q9SHE8,Obligate
118,pmet_PSI_h,PSI_hNo2,Q9SUI4,Obligate
119,pmet_PSI_h,PSI_hNo2,Q9SUI5,Obligate
120,pmet_PSI_h,PSI_hNo2,Q9SUI7,Shared
121,pmet_PSI_h,PSI_hNo2,Q9SA56,Shared
122,pmet_PSI_h,PSI_hNo3,P49107,Obligate
123,pmet_PSI_h,PSI_hNo3,P56766,Obligate
124,pmet_PSI_h,PSI_hNo3,P56767,Obligate
125,pmet_PSI_h,PSI_hNo3,P56768,Obligate
126,pmet_PSI_h,PSI_hNo3,P56769,Obligate
127,pmet_PSI_h,PSI_hNo3,P62090,Obligate
128,pmet_PSI_h,PSI_hNo3,Q8LCA1,Obligate
129,pmet_PSI_h,PSI_hNo3,Q949Q5,Obligate
130,pmet_PSI_h,PSI_hNo3,Q9S7H1,Shared
131,pmet_PSI_h,PSI_hNo3,Q9S7N7,Obligate
132,pmet_PSI_h,PSI_hNo3,Q9SHE8,Obligate
133,pmet_PSI_h,PSI_hNo3,Q9SUI4,Obligate
134,pmet_PSI_h,PSI_hNo3,Q9SUI5,Obligate
135,pmet_PSI_h,PSI_hNo3,Q9SUI7,Shared
136,pmet_PSI_h,PSI_hNo3,Q9S714,Shared
137,pmet_PSI_h,PSI_hNo4,P49107,Obligate
138,pmet_PSI_h,PSI_hNo4,P56766,Obligate
139,pmet_PSI_h,PSI_hNo4,P56767,Obligate
140,pmet_PSI_h,PSI_hNo4,P56768,Obligate
141,pmet_PSI_h,PSI_hNo4,P56769,Obligate
142,pmet_PSI_h,PSI_hNo4,P62090,Obligate
143,pmet_PSI_h,PSI_hNo4,Q8LCA1,Obligate
144,pmet_PSI_h,PSI_hNo4,Q949Q5,Obligate
145,pmet_PSI_h,PSI_hNo4,Q9S7N7,Obligate
146,pmet_PSI_h,PSI_hNo4,Q9SHE8,Obligate
147,pmet_PSI_h,PSI_hNo4,Q9SUI4,Obligate
148,pmet_PSI_h,PSI_hNo4,Q9SUI5,Obligate
149,pmet_PSI_h,PSI_hNo4,Q9SUI7,Shared
150,pmet_PSI_h,PSI_hNo4,Q9SA56,Shared
151,pmet_PSI_h,PSI_hNo4,Q9S714,Shared
152,pmet_PSI_h,PSI_hNo5,P49107,Obligate
153,pmet_PSI_h,PSI_hNo5,P56766,Obligate
154,pmet_PSI_h,PSI_hNo5,P56767,Obligate
155,pmet_PSI_h,PSI_hNo5,P56768,Obligate
156,pmet_PSI_h,PSI_hNo5,P56769,Obligate
157,pmet_PSI_h,PSI_hNo5,P62090,Obligate
158,pmet_PSI_h,PSI_hNo5,Q8LCA1,Obligate
159,pmet_PSI_h,PSI_hNo5,Q949Q5,Obligate
160,pmet_PSI_h,PSI_hNo5,Q9S7H1,Shared
161,pmet_PSI_h,PSI_hNo5,Q9S7N7,Obligate
162,pmet_PSI_h,PSI_hNo5,Q9S831,Shared
163,pmet_PSI_h,PSI_hNo5,Q9SHE8,Obligate
164,pmet_PSI_h,PSI_hNo5,Q9SUI4,Obligate
165,pmet_PSI_h,PSI_hNo5,Q9SUI5,Obligate
166,pmet_PSI_h,PSI_hNo5,Q9SUI6,Shared
167,pmet_PSI_h,PSI_hNo6,P49107,Obligate
168,pmet_PSI_h,PSI_hNo6,P56766,Obligate
169,pmet_PSI_h,PSI_hNo6,P56767,Obligate
170,pmet_PSI_h,PSI_hNo6,P56768,Obligate
171,pmet_PSI_h,PSI_hNo6,P56769,Obligate
172,pmet_PSI_h,PSI_hNo6,P62090,Obligate
173,pmet_PSI_h,PSI_hNo6,Q8LCA1,Obligate
174,pmet_PSI_h,PSI_hNo6,Q949Q5,Obligate
175,pmet_PSI_h,PSI_hNo6,Q9S7N7,Obligate
176,pmet_PSI_h,PSI_hNo6,Q9S831,Shared
177,pmet_PSI_h,PSI_hNo6,Q9SHE8,Obligate
178,pmet_PSI_h,PSI_hNo6,Q9SUI4,Obligate
179,pmet_PSI_h,PSI_hNo6,Q9SUI5,Obligate
180,pmet_PSI_h,PSI_hNo6,Q9SA56,Shared
181,pmet_PSI_h,PSI_hNo6,Q9SUI6,Shared
182,pmet_PSI_h,PSI_hNo7,P49107,Obligate
183,pmet_PSI_h,PSI_hNo7,P56766,Obligate
184,pmet_PSI_h,PSI_hNo7,P56767,Obligate
185,pmet_PSI_h,PSI_hNo7,P56768,Obligate
186,pmet_PSI_h,PSI_hNo7,P56769,Obligate
187,pmet_PSI_h,PSI_hNo7,P62090,Obligate
188,pmet_PSI_h,PSI_hNo7,Q8LCA1,Obligate
189,pmet_PSI_h,PSI_hNo7,Q949Q5,Obligate
190,pmet_PSI_h,PSI_hNo7,Q9S7H1,Shared
191,pmet_PSI_h,PSI_hNo7,Q9S7N7,Obligate
192,pmet_PSI_h,PSI_hNo7,Q9SHE8,Obligate
193,pmet_PSI_h,PSI_hNo7,Q9SUI4,Obligate
194,pmet_PSI_h,PSI_hNo7,Q9SUI5,Obligate
195,pmet_PSI_h,PSI_hNo7,Q9S714,Shared
196,pmet_PSI_h,PSI_hNo7,Q9SUI6,Shared
197,pmet_PSI_h,PSI_hNo8,P49107,Obligate
198,pmet_PSI_h,PSI_hNo8,P56766,Obligate
199,pmet_PSI_h,PSI_hNo8,P56767,Obligate
200,pmet_PSI_h,PSI_hNo8,P56768,Obligate
201,pmet_PSI_h,PSI_hNo8,P56769,Obligate
202,pmet_PSI_h,PSI_hNo8,P62090,Obligate
203,pmet_PSI_h,PSI_hNo8,Q8LCA1,Obligate
204,pmet_PSI_h,PSI_hNo8,Q949Q5,Obligate
205,pmet_PSI_h,PSI_hNo8,Q9S7N7,Obligate
206,pmet_PSI_h,PSI_hNo8,Q9SHE8,Obligate
207,pmet_PSI_h,PSI_hNo8,Q9SUI4,Obligate
208,pmet_PSI_h,PSI_hNo8,Q9SUI5,Obligate
209,pmet_PSI_h,PSI_hNo8,Q9SA56,Shared
210,pmet_PSI_h,PSI_hNo8,Q9S714,Shared
211,pmet_PSI_h,PSI_hNo8,Q9SUI6,Shared
212,pmet_ATPase_h,ATPase_hNo1,P09468,Obligate
213,pmet_ATPase_h,ATPase_hNo1,P19366,Obligate
214,pmet_ATPase_h,ATPase_hNo1,P56757,Obligate
215,pmet_ATPase_h,ATPase_hNo1,P56758,Obligate
216,pmet_ATPase_h,ATPase_hNo1,P56759,Obligate
217,pmet_ATPase_h,ATPase_hNo1,P56760,Obligate
218,pmet_ATPase_h,ATPase_hNo1,Q01908,Unique
219,pmet_ATPase_h,ATPase_hNo1,Q9SSS9,Obligate
220,pmet_ATPase_h,ATPase_hNo2,P09468,Obligate
221,pmet_ATPase_h,ATPase_hNo2,P19366,Obligate
222,pmet_ATPase_h,ATPase_hNo2,P56757,Obligate
223,pmet_ATPase_h,ATPase_hNo2,P56758,Obligate
224,pmet_ATPase_h,ATPase_hNo2,P56759,Obligate
225,pmet_ATPase_h,ATPase_hNo2,P56760,Obligate
226,pmet_ATPase_h,ATPase_hNo2,Q9SSS9,Obligate
227,pmet_ATPase_h,ATPase_hNo2,Q01909,Unique
228,pmet_RBC_h,RBC_hNo1,O03042,Obligate
229,pmet_RBC_h,RBC_hNo1,P10796,Unique
230,pmet_RBC_h,RBC_hNo2,O03042,Obligate
231,pmet_RBC_h,RBC_hNo2,P10797,Unique
232,pmet_RBC_h,RBC_hNo3,O03042,Obligate
233,pmet_RBC_h,RBC_hNo3,P10795,Unique
234,pmet_RBC_h,RBC_hNo4,O03042,Obligate
235,pmet_RBC_h,RBC_hNo4,P10798,Unique
236,pmet_PGAK_h,PGAK_hNo1,Q9LD57,Unique
237,pmet_PGAK_h,PGAK_hNo2,P50318,Unique
238,pmet_GAPDH1_h,GAPDH1_hNo1,P25856,Shared
239,pmet_GAPDH1_h,GAPDH1_hNo2,Q9LPW0,Shared
240,pmet_GAPDH1_h,GAPDH1_hNo3,P25856,Shared
241,pmet_GAPDH1_h,GAPDH1_hNo3,P25857,Shared
242,pmet_GAPDH1_h,GAPDH1_hNo4,Q9LPW0,Shared
243,pmet_GAPDH1_h,GAPDH1_hNo4,P25857,Shared
244,pmet_TPI_h,TPI_hNo1,P48491,Unique
245,pmet_TPI_h,TPI_hNo2,Q9SKP6,Unique
246,pmet_FBPA_h,FBPA_hNo1,Q9ZU52,Unique
247,pmet_FBPA_h,FBPA_hNo2,O65581,Unique
248,pmet_FBPA_h,FBPA_hNo3,Q9LF98,Unique
249,pmet_FBPA_h,FBPA_hNo4,Q944G9,Unique
250,pmet_FBPA_h,FBPA_hNo5,F4KGQ0,Unique
251,pmet_FBPA_h,FBPA_hNo6,Q9SJU4,Unique
252,pmet_FTK_h,FTK_hNo1,Q8RWV0,Unique
253,pmet_FTK_h,FTK_hNo2,F4IW47,Unique
254,pmet_SBPA_h,SBPA_hNo1,Q9ZU52,Unique
255,pmet_SBPA_h,SBPA_hNo2,O65581,Unique
256,pmet_SBPA_h,SBPA_hNo3,Q9LF98,Unique
257,pmet_SBPA_h,SBPA_hNo4,Q944G9,Unique
258,pmet_SBPA_h,SBPA_hNo5,F4KGQ0,Unique
259,pmet_SBPA_h,SBPA_hNo6,Q9SJU4,Unique
260,pmet_STK_h,STK_hNo1,Q8RWV0,Unique
261,pmet_STK_h,STK_hNo2,F4IW47,Unique
262,pmet_PGM_h,PGM_hNo1,O49299,Unique
263,pmet_PGM_h,PGM_hNo2,Q9SGC1,Unique
264,pmet_PGM_h,PGM_hNo3,Q9SCY0,Unique
265,pmet_AGPase_h,AGPase_hNo1,P55228,Shared
266,pmet_AGPase_h,AGPase_hNo1,P55229,Shared
267,pmet_AGPase_h,AGPase_hNo2,P55228,Shared
268,pmet_AGPase_h,AGPase_hNo2,P55230,Shared
269,pmet_AGPase_h,AGPase_hNo3,P55228,Shared
270,pmet_AGPase_h,AGPase_hNo3,P55231,Shared
271,pmet_AGPase_h,AGPase_hNo4,P55228,Shared
272,pmet_AGPase_h,AGPase_hNo4,Q9SIK1,Shared
273,pmet_AGPase_h,AGPase_hNo5,P55229,Shared
274,pmet_AGPase_h,AGPase_hNo5,F4I8U2,Shared
275,pmet_AGPase_h,AGPase_hNo6,P55230,Shared
276,pmet_AGPase_h,AGPase_hNo6,F4I8U2,Shared
277,pmet_AGPase_h,AGPase_hNo7,P55231,Shared
278,pmet_AGPase_h,AGPase_hNo7,F4I8U2,Shared
279,pmet_AGPase_h,AGPase_hNo8,Q9SIK1,Shared
280,pmet_AGPase_h,AGPase_hNo8,F4I8U2,Shared
281,pmet_StS_h1,StS_h1No1,Q9FNF2,Unique
282,pmet_StS_h1,StS_h1No2,Q9MAC8,Unique
283,pmet_StS_h1,StS_h1No3,F4IAG2,Unique
284,pmet_StS_h1,StS_h1No4,Q0WVX5,Unique
285,pmet_StS_h2,StS_h2No1,Q9FNF2,Unique
286,pmet_StS_h2,StS_h2No2,Q9MAC8,Unique
287,pmet_StS_h2,StS_h2No3,F4IAG2,Unique
288,pmet_StS_h2,StS_h2No4,Q0WVX5,Unique
289,pmet_StS_h3,StS_h3No1,Q9FNF2,Unique
290,pmet_StS_h3,StS_h3No2,Q9MAC8,Unique
291,pmet_StS_h3,StS_h3No3,F4IAG2,Unique
292,pmet_StS_h3,StS_h3No4,Q0WVX5,Unique
293,pmet_bAMY1_h,bAMY1_hNo1,Q8VYW2,Unique
294,pmet_bAMY1_h,bAMY1_hNo1,Q94A41,Obligate
295,pmet_bAMY1_h,bAMY1_hNo2,Q94A41,Obligate
296,pmet_bAMY1_h,bAMY1_hNo2,Q9LIR6,Unique
297,pmet_bAMY1_h,bAMY1_hNo3,Q94A41,Obligate
298,pmet_bAMY1_h,bAMY1_hNo3,O65258,Unique
299,pmet_bAMY1_h,bAMY1_hNo4,Q94A41,Obligate
300,pmet_bAMY1_h,bAMY1_hNo4,O23553,Unique
301,pmet_bAMY1_h,bAMY1_hNo5,Q94A41,Obligate
302,pmet_bAMY1_h,bAMY1_hNo5,P25853,Unique
303,pmet_bAMY1_h,bAMY1_hNo6,Q94A41,Obligate
304,pmet_bAMY1_h,bAMY1_hNo6,Q8L762,Unique
305,pmet_bAMY2_h,bAMY2_hNo1,Q8VYW2,Unique
306,pmet_bAMY2_h,bAMY2_hNo1,Q94A41,Obligate
307,pmet_bAMY2_h,bAMY2_hNo2,Q94A41,Obligate
308,pmet_bAMY2_h,bAMY2_hNo2,Q9LIR6,Unique
309,pmet_bAMY2_h,bAMY2_hNo3,Q94A41,Obligate
310,pmet_bAMY2_h,bAMY2_hNo3,O65258,Unique
311,pmet_bAMY2_h,bAMY2_hNo4,Q94A41,Obligate
312,pmet_bAMY2_h,bAMY2_hNo4,O23553,Unique
313,pmet_bAMY2_h,bAMY2_hNo5,Q94A41,Obligate
314,pmet_bAMY2_h,bAMY2_hNo5,P25853,Unique
315,pmet_bAMY2_h,bAMY2_hNo6,Q94A41,Obligate
316,pmet_bAMY2_h,bAMY2_hNo6,Q8L762,Unique
317,pmet_DPE11_h,DPE11_hNo1,Q9LV91,Unique
318,pmet_DPE11_h,DPE11_hNo2,Q8RXD9,Unique
319,pmet_DPE12_h,DPE12_hNo1,Q9LV91,Unique
320,pmet_DPE12_h,DPE12_hNo2,Q8RXD9,Unique
321,pmet_DPE13_h,DPE13_hNo1,Q9LV91,Unique
322,pmet_DPE13_h,DPE13_hNo2,Q8RXD9,Unique
323,pmet_DPE2_c,DPE2_cNo1,Q9LV91,Unique
324,pmet_DPE2_c,DPE2_cNo2,Q8RXD9,Unique
325,pmet_TPI_c,TPI_cNo1,P48491,Unique
326,pmet_TPI_c,TPI_cNo2,Q9SKP6,Unique
327,pmet_FBPA_c,FBPA_cNo1,P22197,Unique
328,pmet_FBPA_c,FBPA_cNo2,O65581,Unique
329,pmet_FBPA_c,FBPA_cNo3,Q9LF98,Unique
330,pmet_FBPA_c,FBPA_cNo4,Q9SJQ9,Unique
331,pmet_FBPA_c,FBPA_cNo5,F4KGQ0,Unique
332,pmet_PGI_c,PGI_cNo1,Q8H103,Unique
333,pmet_PGI_c,PGI_cNo2,P34795,Unique
334,pmet_PGM_c,PGM_cNo1,O49299,Unique
335,pmet_PGM_c,PGM_cNo2,Q9SGC1,Unique
336,pmet_PGM_c,PGM_cNo3,Q9SCY0,Unique
337,pmet_UGPase_c,UGPase_cNo1,P57751,Unique
338,pmet_UGPase_c,UGPase_cNo2,Q9M9P3,Unique
339,pmet_S6PPh_c,S6PPh_cNo1,Q9SJ66,Unique
340,pmet_S6PPh_c,S6PPh_cNo2,Q93XN8,Unique
341,pmet_SucS_c,SucS_cNo1,P49040,Unique
342,pmet_SucS_c,SucS_cNo2,Q00917,Unique
343,pmet_SucS_c,SucS_cNo3,Q9LXL5,Unique
344,pmet_FrcFD_c,FrcFD_cNo1,Q9LQF2,Unique
345,pmet_FrcFD_c,FrcFD_cNo2,Q67XD9,Unique
346,pmet_FrcK_c,FrcK_cNo1,Q9M394,Unique
347,pmet_FrcK_c,FrcK_cNo2,P93834,Unique
348,pmet_FrcK_c,FrcK_cNo3,Q9SID0,Unique
349,pmet_FrcK_c,FrcK_cNo4,Q9M1B9,Unique
350,pmet_TPS_c,TPS_cNo1,O80738,Unique
351,pmet_TPS_c,TPS_cNo2,Q9ZV48,Unique
352,pmet_TPS_c,TPS_cNo3,Q9SYM4,Unique
353,pmet_TPS_c,TPS_cNo4,Q9FZ57,Unique
354,pmet_TPS_c,TPS_cNo5,Q9SHG0,Unique
355,pmet_TPS_c,TPS_cNo6,Q9LMI0,Unique
356,pmet_TPP_c,TPP_cNo1,F4I1A6,Unique
357,pmet_TPP_c,TPP_cNo2,Q67XC9,Unique
358,pmet_TPP_c,TPP_cNo3,Q67X99,Unique
359,pmet_TPP_c,TPP_cNo4,Q9SU39,Unique
360,pmet_TPP_c,TPP_cNo5,Q9SUW0,Unique
361,pmet_TPP_c,TPP_cNo6,Q8GWG2,Unique
362,pmet_TPP_c,TPP_cNo7,Q5HZ05,Unique
363,pmet_CeS_c1,CeS_c1No1,O48946,Unique
364,pmet_CeS_c1,CeS_c1No2,O48947,Unique
365,pmet_CeS_c1,CeS_c1No3,Q941L0,Unique
366,pmet_CeS_c1,CeS_c1No4,Q84JA6,Unique
367,pmet_CeS_c1,CeS_c1No5,Q8L778,Unique
368,pmet_CeS_c1,CeS_c1No6,Q94JQ6,Unique
369,pmet_CeS_c1,CeS_c1No7,Q9SWW6,Unique
370,pmet_CeS_c1,CeS_c1No8,Q8LPK5,Unique
371,pmet_CeS_c1,CeS_c1No9,Q9SJ22,Unique
372,pmet_CeS_c1,CeS_c1No10,Q9SKJ5,Unique
373,pmet_CeS_c2,CeS_c2No1,O48946,Unique
374,pmet_CeS_c2,CeS_c2No2,O48947,Unique
375,pmet_CeS_c2,CeS_c2No3,Q941L0,Unique
376,pmet_CeS_c2,CeS_c2No4,Q84JA6,Unique
377,pmet_CeS_c2,CeS_c2No5,Q8L778,Unique
378,pmet_CeS_c2,CeS_c2No6,Q94JQ6,Unique
379,pmet_CeS_c2,CeS_c2No7,Q9SWW6,Unique
380,pmet_CeS_c2,CeS_c2No8,Q8LPK5,Unique
381,pmet_CeS_c2,CeS_c2No9,Q9SJ22,Unique
382,pmet_CeS_c2,CeS_c2No10,Q9SKJ5,Unique
383,pmet_CeS_c3,CeS_c3No1,O48946,Unique
384,pmet_CeS_c3,CeS_c3No2,O48947,Unique
385,pmet_CeS_c3,CeS_c3No3,Q941L0,Unique
386,pmet_CeS_c3,CeS_c3No4,Q84JA6,Unique
387,pmet_CeS_c3,CeS_c3No5,Q8L778,Unique
388,pmet_CeS_c3,CeS_c3No6,Q94JQ6,Unique
389,pmet_CeS_c3,CeS_c3No7,Q9SWW6,Unique
390,pmet_CeS_c3,CeS_c3No8,Q8LPK5,Unique
391,pmet_CeS_c3,CeS_c3No9,Q9SJ22,Unique
392,pmet_CeS_c3,CeS_c3No10,Q9SKJ5,Unique
393,pmet_MalDH1_c,MalDH1_cNo1,P57106,Unique
394,pmet_MalDH1_c,MalDH1_cNo2,Q9FJU0,Unique
395,pmet_MalDH1_c,MalDH1_cNo3,P93819,Unique
396,pmet_PEPC1_c,PEPC1_cNo1,B5X574,Unique
397,pmet_PEPC1_c,PEPC1_cNo2,Q9T074,Unique
398,pmet_PEPC2_c,PEPC2_cNo1,Q9MAH0,Unique
399,pmet_PEPC2_c,PEPC2_cNo2,Q5GM68,Unique
400,pmet_PEPC2_c,PEPC2_cNo3,Q84VW9,Unique
401,pmet_PEPC2_c,PEPC2_cNo4,Q8GVE8,Unique
402,pmet_Enol_c,Enol_cNo1,Q9ZW34,Unique
403,pmet_Enol_c,Enol_cNo2,P25696,Unique
404,pmet_PGAM_c,PGAM_cNo1,Q9SCS3,Unique
405,pmet_PGAM_c,PGAM_cNo2,O04499,Unique
406,pmet_PGAM_c,PGAM_cNo3,Q9M9K1,Unique
407,pmet_PGAK_c,PGAK_cNo1,Q9LD57,Unique
408,pmet_PGAK_c,PGAK_cNo2,Q9SAJ4,Unique
409,pmet_GAPDH2_c,GAPDH2_cNo1,P25858,Unique
410,pmet_GAPDH2_c,GAPDH2_cNo2,Q9FX54,Unique
411,pmet_F6PK1_c,F6PK1_cNo1,Q9M0F9,Unique
412,pmet_F6PK1_c,F6PK1_cNo2,Q9FIK0,Unique
413,pmet_F6PK1_c,F6PK1_cNo3,Q94AA4,Unique
414,pmet_F6PK1_c,F6PK1_cNo4,Q9M076,Unique
415,pmet_F6PK1_c,F6PK1_cNo5,Q9C5J7,Unique
416,pmet_F6PK1_h,F6PK1_hNo1,Q9FKG3,Unique
417,pmet_F6PK1_h,F6PK1_hNo2,Q8VYN6,Unique
418,pmet_GAPDH2_h,GAPDH2_hNo1,Q9SAJ6,Unique
419,pmet_GAPDH2_h,GAPDH2_hNo2,Q5E924,Unique
420,pmet_PGAM_h,PGAM_hNo1,Q9LM13,Unique
421,pmet_PGAM_h,PGAM_hNo2,F4I8M8,Unique
422,pmet_Enol_h,Enol_hNo1,Q9C9C4,Unique
423,pmet_Enol_h,Enol_hNo2,P25696,Unique
424,pmet_PyrK_c,PyrK_cNo1,Q9SQQ7,Unique
425,pmet_PyrK_c,PyrK_cNo2,A0A384L5D5,Unique
426,pmet_PyrK_c,PyrK_cNo2,Q9FNN1,Unique
427,pmet_PyrK_c,PyrK_cNo3,A0A654FAY0,Unique
428,pmet_PyrK_c,PyrK_cNo3,Q9LU95,Unique
429,pmet_PyrK_c,PyrK_cNo4,A0A178VX82,Unique
430,pmet_PyrK_c,PyrK_cNo4,Q9SJQ0,Unique
431,pmet_PyrK_c,PyrK_cNo5,Q9M057,Unique
432,pmet_PyrK_c,PyrK_cNo6,Q9M044,Unique
433,pmet_PyrK_c,PyrK_cNo7,A0A384KII3,Unique
434,pmet_PyrK_c,PyrK_cNo7,Q9FFP6,Unique
435,pmet_PyrK_c,PyrK_cNo8,A8MR07,Unique
436,pmet_PyrK_h,PyrK_hNo1,Q9FLW9,Unique
437,pmet_PyrK_h,PyrK_hNo1,Q9LIK0,Obligate
438,pmet_PyrK_h,PyrK_hNo2,Q9LIK0,Obligate
439,pmet_PyrK_h,PyrK_hNo2,Q93Z53,Unique
440,pmet_DHLAcT_m,DHLAcT_mNo1,Q0WQF7,Unique
441,pmet_DHLAcT_m,DHLAcT_mNo2,Q8RWN9,Unique
442,pmet_DHLAcT_m,DHLAcT_mNo3,Q5M729,Unique
443,pmet_DHLDH2_m,DHLDH2_mNo1,Q9M5K3,Unique
444,pmet_DHLDH2_m,DHLDH2_mNo2,Q9M5K2,Unique
445,pmet_CitS_m,CitS_mNo1,P20115,Unique
446,pmet_CitS_m,CitS_mNo2,Q9M1D3,Unique
447,pmet_cACNDHA_m,cACNDHA_mNo1,Q42560,Unique
448,pmet_cACNDHA_m,cACNDHA_mNo2,Q9SIB9,Unique
449,pmet_cACNDHA_m,cACNDHA_mNo3,Q94A28,Unique
450,pmet_cACNHA_m,cACNHA_mNo1,Q42560,Unique
451,pmet_cACNHA_m,cACNHA_mNo2,Q9SIB9,Unique
452,pmet_cACNHA_m,cACNHA_mNo3,Q94A28,Unique
453,pmet_iCitDHNAD_m,iCitDHNAD_mNo1,Q8LFC0,Shared
454,pmet_iCitDHNAD_m,iCitDHNAD_mNo1,Q945K7,Shared
455,pmet_iCitDHNAD_m,iCitDHNAD_mNo2,Q945K7,Shared
456,pmet_iCitDHNAD_m,iCitDHNAD_mNo2,P93032,Shared
457,pmet_iCitDHNAD_m,iCitDHNAD_mNo3,Q945K7,Shared
458,pmet_iCitDHNAD_m,iCitDHNAD_mNo3,O81796,Shared
459,pmet_iCitDHNAD_m,iCitDHNAD_mNo4,Q8LFC0,Shared
460,pmet_iCitDHNAD_m,iCitDHNAD_mNo4,Q8LG77,Shared
461,pmet_iCitDHNAD_m,iCitDHNAD_mNo5,P93032,Shared
462,pmet_iCitDHNAD_m,iCitDHNAD_mNo5,Q8LG77,Shared
463,pmet_iCitDHNAD_m,iCitDHNAD_mNo6,O81796,Shared
464,pmet_iCitDHNAD_m,iCitDHNAD_mNo6,Q8LG77,Shared
465,pmet_KGDH_m,KGDH_mNo1,A0A5S9YI34,Unique
466,pmet_KGDH_m,KGDH_mNo1,Q9FLH2,Unique
467,pmet_KGDH_m,KGDH_mNo2,A0A384KLZ3,Unique
468,pmet_KGDH_m,KGDH_mNo2,F4IWV2,Unique
469,pmet_DHLST_m,DHLST_mNo1,Q9FLQ4,Unique
470,pmet_DHLST_m,DHLST_mNo2,Q8H107,Unique
471,pmet_SCACoAL_m,SCACoAL_mNo1,O82662,Obligate
472,pmet_SCACoAL_m,SCACoAL_mNo1,P68209,Unique
473,pmet_SCACoAL_m,SCACoAL_mNo2,O82662,Obligate
474,pmet_SCACoAL_m,SCACoAL_mNo2,Q8LAD2,Unique
475,pmet_cplx2_m,cplx2_mNo1,O82663,Shared
476,pmet_cplx2_m,cplx2_mNo1,P0DKI0,Shared
477,pmet_cplx2_m,cplx2_mNo1,Q8LBZ7,Shared
478,pmet_cplx2_m,cplx2_mNo1,Q941A0,Obligate
479,pmet_cplx2_m,cplx2_mNo1,Q941A6,Obligate
480,pmet_cplx2_m,cplx2_mNo1,Q9C5E8,Shared
481,pmet_cplx2_m,cplx2_mNo1,Q9SKE0,Obligate
482,pmet_cplx2_m,cplx2_mNo1,Q9SX77,Obligate
483,pmet_cplx2_m,cplx2_mNo2,P0DKI0,Shared
484,pmet_cplx2_m,cplx2_mNo2,Q8LBZ7,Shared
485,pmet_cplx2_m,cplx2_mNo2,Q941A0,Obligate
486,pmet_cplx2_m,cplx2_mNo2,Q941A6,Obligate
487,pmet_cplx2_m,cplx2_mNo2,Q9C5E8,Shared
488,pmet_cplx2_m,cplx2_mNo2,Q9SKE0,Obligate
489,pmet_cplx2_m,cplx2_mNo2,Q9SX77,Obligate
490,pmet_cplx2_m,cplx2_mNo2,Q9ZPX5,Shared
491,pmet_cplx2_m,cplx2_mNo3,O82663,Shared
492,pmet_cplx2_m,cplx2_mNo3,P0DKI0,Shared
493,pmet_cplx2_m,cplx2_mNo3,Q941A0,Obligate
494,pmet_cplx2_m,cplx2_mNo3,Q941A6,Obligate
495,pmet_cplx2_m,cplx2_mNo3,Q9C5E8,Shared
496,pmet_cplx2_m,cplx2_mNo3,Q9SKE0,Obligate
497,pmet_cplx2_m,cplx2_mNo3,Q9SX77,Obligate
498,pmet_cplx2_m,cplx2_mNo3,Q8LB02,Shared
499,pmet_cplx2_m,cplx2_mNo4,P0DKI0,Shared
500,pmet_cplx2_m,cplx2_mNo4,Q941A0,Obligate
501,pmet_cplx2_m,cplx2_mNo4,Q941A6,Obligate
502,pmet_cplx2_m,cplx2_mNo4,Q9C5E8,Shared
503,pmet_cplx2_m,cplx2_mNo4,Q9SKE0,Obligate
504,pmet_cplx2_m,cplx2_mNo4,Q9SX77,Obligate
505,pmet_cplx2_m,cplx2_mNo4,Q9ZPX5,Shared
506,pmet_cplx2_m,cplx2_mNo4,Q8LB02,Shared
507,pmet_cplx2_m,cplx2_mNo5,O82663,Shared
508,pmet_cplx2_m,cplx2_mNo5,P0DKI0,Shared
509,pmet_cplx2_m,cplx2_mNo5,Q941A0,Obligate
510,pmet_cplx2_m,cplx2_mNo5,Q941A6,Obligate
511,pmet_cplx2_m,cplx2_mNo5,Q9C5E8,Shared
512,pmet_cplx2_m,cplx2_mNo5,Q9SKE0,Obligate
513,pmet_cplx2_m,cplx2_mNo5,Q9SX77,Obligate
514,pmet_cplx2_m,cplx2_mNo5,Q9FJP9,Shared
515,pmet_cplx2_m,cplx2_mNo6,P0DKI0,Shared
516,pmet_cplx2_m,cplx2_mNo6,Q941A0,Obligate
517,pmet_cplx2_m,cplx2_mNo6,Q941A6,Obligate
518,pmet_cplx2_m,cplx2_mNo6,Q9C5E8,Shared
519,pmet_cplx2_m,cplx2_mNo6,Q9SKE0,Obligate
520,pmet_cplx2_m,cplx2_mNo6,Q9SX77,Obligate
521,pmet_cplx2_m,cplx2_mNo6,Q9ZPX5,Shared
522,pmet_cplx2_m,cplx2_mNo6,Q9FJP9,Shared
523,pmet_cplx2_m,cplx2_mNo7,O82663,Shared
524,pmet_cplx2_m,cplx2_mNo7,Q8LBZ7,Shared
525,pmet_cplx2_m,cplx2_mNo7,Q941A0,Obligate
526,pmet_cplx2_m,cplx2_mNo7,Q941A6,Obligate
527,pmet_cplx2_m,cplx2_mNo7,Q9C5E8,Shared
528,pmet_cplx2_m,cplx2_mNo7,Q9SKE0,Obligate
529,pmet_cplx2_m,cplx2_mNo7,Q9SX77,Obligate
530,pmet_cplx2_m,cplx2_mNo7,P0DKI1,Shared
531,pmet_cplx2_m,cplx2_mNo8,Q8LBZ7,Shared
532,pmet_cplx2_m,cplx2_mNo8,Q941A0,Obligate
533,pmet_cplx2_m,cplx2_mNo8,Q941A6,Obligate
534,pmet_cplx2_m,cplx2_mNo8,Q9C5E8,Shared
535,pmet_cplx2_m,cplx2_mNo8,Q9SKE0,Obligate
536,pmet_cplx2_m,cplx2_mNo8,Q9SX77,Obligate
537,pmet_cplx2_m,cplx2_mNo8,Q9ZPX5,Shared
538,pmet_cplx2_m,cplx2_mNo8,P0DKI1,Shared
539,pmet_cplx2_m,cplx2_mNo9,O82663,Shared
540,pmet_cplx2_m,cplx2_mNo9,Q941A0,Obligate
541,pmet_cplx2_m,cplx2_mNo9,Q941A6,Obligate
542,pmet_cplx2_m,cplx2_mNo9,Q9C5E8,Shared
543,pmet_cplx2_m,cplx2_mNo9,Q9SKE0,Obligate
544,pmet_cplx2_m,cplx2_mNo9,Q9SX77,Obligate
545,pmet_cplx2_m,cplx2_mNo9,Q8LB02,Shared
546,pmet_cplx2_m,cplx2_mNo9,P0DKI1,Shared
547,pmet_cplx2_m,cplx2_mNo10,Q941A0,Obligate
548,pmet_cplx2_m,cplx2_mNo10,Q941A6,Obligate
549,pmet_cplx2_m,cplx2_mNo10,Q9C5E8,Shared
550,pmet_cplx2_m,cplx2_mNo10,Q9SKE0,Obligate
551,pmet_cplx2_m,cplx2_mNo10,Q9SX77,Obligate
552,pmet_cplx2_m,cplx2_mNo10,Q9ZPX5,Shared
553,pmet_cplx2_m,cplx2_mNo10,Q8LB02,Shared
554,pmet_cplx2_m,cplx2_mNo10,P0DKI1,Shared
555,pmet_cplx2_m,cplx2_mNo11,O82663,Shared
556,pmet_cplx2_m,cplx2_mNo11,Q941A0,Obligate
557,pmet_cplx2_m,cplx2_mNo11,Q941A6,Obligate
558,pmet_cplx2_m,cplx2_mNo11,Q9C5E8,Shared
559,pmet_cplx2_m,cplx2_mNo11,Q9SKE0,Obligate
560,pmet_cplx2_m,cplx2_mNo11,Q9SX77,Obligate
561,pmet_cplx2_m,cplx2_mNo11,Q9FJP9,Shared
562,pmet_cplx2_m,cplx2_mNo11,P0DKI1,Shared
563,pmet_cplx2_m,cplx2_mNo12,Q941A0,Obligate
564,pmet_cplx2_m,cplx2_mNo12,Q941A6,Obligate
565,pmet_cplx2_m,cplx2_mNo12,Q9C5E8,Shared
566,pmet_cplx2_m,cplx2_mNo12,Q9SKE0,Obligate
567,pmet_cplx2_m,cplx2_mNo12,Q9SX77,Obligate
568,pmet_cplx2_m,cplx2_mNo12,Q9ZPX5,Shared
569,pmet_cplx2_m,cplx2_mNo12,Q9FJP9,Shared
570,pmet_cplx2_m,cplx2_mNo12,P0DKI1,Shared
571,pmet_cplx2_m,cplx2_mNo13,O82663,Shared
572,pmet_cplx2_m,cplx2_mNo13,P0DKI0,Shared
573,pmet_cplx2_m,cplx2_mNo13,Q8LBZ7,Shared
574,pmet_cplx2_m,cplx2_mNo13,Q941A0,Obligate
575,pmet_cplx2_m,cplx2_mNo13,Q941A6,Obligate
576,pmet_cplx2_m,cplx2_mNo13,Q9SKE0,Obligate
577,pmet_cplx2_m,cplx2_mNo13,Q9SX77,Obligate
578,pmet_cplx2_m,cplx2_mNo13,Q3E870,Shared
579,pmet_cplx2_m,cplx2_mNo14,P0DKI0,Shared
580,pmet_cplx2_m,cplx2_mNo14,Q8LBZ7,Shared
581,pmet_cplx2_m,cplx2_mNo14,Q941A0,Obligate
582,pmet_cplx2_m,cplx2_mNo14,Q941A6,Obligate
583,pmet_cplx2_m,cplx2_mNo14,Q9SKE0,Obligate
584,pmet_cplx2_m,cplx2_mNo14,Q9SX77,Obligate
585,pmet_cplx2_m,cplx2_mNo14,Q9ZPX5,Shared
586,pmet_cplx2_m,cplx2_mNo14,Q3E870,Shared
587,pmet_cplx2_m,cplx2_mNo15,O82663,Shared
588,pmet_cplx2_m,cplx2_mNo15,P0DKI0,Shared
589,pmet_cplx2_m,cplx2_mNo15,Q941A0,Obligate
590,pmet_cplx2_m,cplx2_mNo15,Q941A6,Obligate
591,pmet_cplx2_m,cplx2_mNo15,Q9SKE0,Obligate
592,pmet_cplx2_m,cplx2_mNo15,Q9SX77,Obligate
593,pmet_cplx2_m,cplx2_mNo15,Q8LB02,Shared
594,pmet_cplx2_m,cplx2_mNo15,Q3E870,Shared
595,pmet_cplx2_m,cplx2_mNo16,P0DKI0,Shared
596,pmet_cplx2_m,cplx2_mNo16,Q941A0,Obligate
597,pmet_cplx2_m,cplx2_mNo16,Q941A6,Obligate
598,pmet_cplx2_m,cplx2_mNo16,Q9SKE0,Obligate
599,pmet_cplx2_m,cplx2_mNo16,Q9SX77,Obligate
600,pmet_cplx2_m,cplx2_mNo16,Q9ZPX5,Shared
601,pmet_cplx2_m,cplx2_mNo16,Q8LB02,Shared
602,pmet_cplx2_m,cplx2_mNo16,Q3E870,Shared
603,pmet_cplx2_m,cplx2_mNo17,O82663,Shared
604,pmet_cplx2_m,cplx2_mNo17,P0DKI0,Shared
605,pmet_cplx2_m,cplx2_mNo17,Q941A0,Obligate
606,pmet_cplx2_m,cplx2_mNo17,Q941A6,Obligate
607,pmet_cplx2_m,cplx2_mNo17,Q9SKE0,Obligate
608,pmet_cplx2_m,cplx2_mNo17,Q9SX77,Obligate
609,pmet_cplx2_m,cplx2_mNo17,Q9FJP9,Shared
610,pmet_cplx2_m,cplx2_mNo17,Q3E870,Shared
611,pmet_cplx2_m,cplx2_mNo18,P0DKI0,Shared
612,pmet_cplx2_m,cplx2_mNo18,Q941A0,Obligate
613,pmet_cplx2_m,cplx2_mNo18,Q941A6,Obligate
614,pmet_cplx2_m,cplx2_mNo18,Q9SKE0,Obligate
615,pmet_cplx2_m,cplx2_mNo18,Q9SX77,Obligate
616,pmet_cplx2_m,cplx2_mNo18,Q9ZPX5,Shared
617,pmet_cplx2_m,cplx2_mNo18,Q9FJP9,Shared
618,pmet_cplx2_m,cplx2_mNo18,Q3E870,Shared
619,pmet_cplx2_m,cplx2_mNo19,O82663,Shared
620,pmet_cplx2_m,cplx2_mNo19,Q8LBZ7,Shared
621,pmet_cplx2_m,cplx2_mNo19,Q941A0,Obligate
622,pmet_cplx2_m,cplx2_mNo19,Q941A6,Obligate
623,pmet_cplx2_m,cplx2_mNo19,Q9SKE0,Obligate
624,pmet_cplx2_m,cplx2_mNo19,Q9SX77,Obligate
625,pmet_cplx2_m,cplx2_mNo19,P0DKI1,Shared
626,pmet_cplx2_m,cplx2_mNo19,Q3E870,Shared
627,pmet_cplx2_m,cplx2_mNo20,Q8LBZ7,Shared
628,pmet_cplx2_m,cplx2_mNo20,Q941A0,Obligate
629,pmet_cplx2_m,cplx2_mNo20,Q941A6,Obligate
630,pmet_cplx2_m,cplx2_mNo20,Q9SKE0,Obligate
631,pmet_cplx2_m,cplx2_mNo20,Q9SX77,Obligate
632,pmet_cplx2_m,cplx2_mNo20,Q9ZPX5,Shared
633,pmet_cplx2_m,cplx2_mNo20,P0DKI1,Shared
634,pmet_cplx2_m,cplx2_mNo20,Q3E870,Shared
635,pmet_cplx2_m,cplx2_mNo21,O82663,Shared
636,pmet_cplx2_m,cplx2_mNo21,Q941A0,Obligate
637,pmet_cplx2_m,cplx2_mNo21,Q941A6,Obligate
638,pmet_cplx2_m,cplx2_mNo21,Q9SKE0,Obligate
639,pmet_cplx2_m,cplx2_mNo21,Q9SX77,Obligate
640,pmet_cplx2_m,cplx2_mNo21,Q8LB02,Shared
641,pmet_cplx2_m,cplx2_mNo21,P0DKI1,Shared
642,pmet_cplx2_m,cplx2_mNo21,Q3E870,Shared
643,pmet_cplx2_m,cplx2_mNo22,Q941A0,Obligate
644,pmet_cplx2_m,cplx2_mNo22,Q941A6,Obligate
645,pmet_cplx2_m,cplx2_mNo22,Q9SKE0,Obligate
646,pmet_cplx2_m,cplx2_mNo22,Q9SX77,Obligate
647,pmet_cplx2_m,cplx2_mNo22,Q9ZPX5,Shared
648,pmet_cplx2_m,cplx2_mNo22,Q8LB02,Shared
649,pmet_cplx2_m,cplx2_mNo22,P0DKI1,Shared
650,pmet_cplx2_m,cplx2_mNo22,Q3E870,Shared
651,pmet_cplx2_m,cplx2_mNo23,O82663,Shared
652,pmet_cplx2_m,cplx2_mNo23,Q941A0,Obligate
653,pmet_cplx2_m,cplx2_mNo23,Q941A6,Obligate
654,pmet_cplx2_m,cplx2_mNo23,Q9SKE0,Obligate
655,pmet_cplx2_m,cplx2_mNo23,Q9SX77,Obligate
656,pmet_cplx2_m,cplx2_mNo23,Q9FJP9,Shared
657,pmet_cplx2_m,cplx2_mNo23,P0DKI1,Shared
658,pmet_cplx2_m,cplx2_mNo23,Q3E870,Shared
659,pmet_cplx2_m,cplx2_mNo24,Q941A0,Obligate
660,pmet_cplx2_m,cplx2_mNo24,Q941A6,Obligate
661,pmet_cplx2_m,cplx2_mNo24,Q9SKE0,Obligate
662,pmet_cplx2_m,cplx2_mNo24,Q9SX77,Obligate
663,pmet_cplx2_m,cplx2_mNo24,Q9ZPX5,Shared
664,pmet_cplx2_m,cplx2_mNo24,Q9FJP9,Shared
665,pmet_cplx2_m,cplx2_mNo24,P0DKI1,Shared
666,pmet_cplx2_m,cplx2_mNo24,Q3E870,Shared
667,pmet_FumHA_m,FumHA_mNo1,P93033,Unique
668,pmet_FumHA_m,FumHA_mNo2,Q9FI53,Unique
669,pmet_MalDH1_m,MalDH1_mNo1,Q9ZP06,Unique
670,pmet_MalDH1_m,MalDH1_mNo2,Q9LKA3,Unique
671,pmet_cplx1_m,cplx1_mNo1,O22769,Obligate
672,pmet_cplx1_m,cplx1_mNo1,P60497,Obligate
673,pmet_cplx1_m,cplx1_mNo1,P92533,Obligate
674,pmet_cplx1_m,cplx1_mNo1,P93306,Obligate
675,pmet_cplx1_m,cplx1_mNo1,P93313,Shared
676,pmet_cplx1_m,cplx1_mNo1,Q42577,Obligate
677,pmet_cplx1_m,cplx1_mNo1,Q42599,Shared
678,pmet_cplx1_m,cplx1_mNo1,Q95748,Obligate
679,pmet_cplx1_m,cplx1_mNo1,Q9FGI6,Obligate
680,pmet_cplx1_m,cplx1_mNo1,Q9FNN5,Obligate
681,pmet_cplx1_m,cplx1_mNo2,O22769,Obligate
682,pmet_cplx1_m,cplx1_mNo2,P60497,Obligate
683,pmet_cplx1_m,cplx1_mNo2,P92533,Obligate
684,pmet_cplx1_m,cplx1_mNo2,P93306,Obligate
685,pmet_cplx1_m,cplx1_mNo2,Q42577,Obligate
686,pmet_cplx1_m,cplx1_mNo2,Q42599,Shared
687,pmet_cplx1_m,cplx1_mNo2,Q95748,Obligate
688,pmet_cplx1_m,cplx1_mNo2,Q9FGI6,Obligate
689,pmet_cplx1_m,cplx1_mNo2,Q9FNN5,Obligate
690,pmet_cplx1_m,cplx1_mNo2,Q04614,Shared
691,pmet_cplx1_m,cplx1_mNo3,O22769,Obligate
692,pmet_cplx1_m,cplx1_mNo3,P60497,Obligate
693,pmet_cplx1_m,cplx1_mNo3,P92533,Obligate
694,pmet_cplx1_m,cplx1_mNo3,P93306,Obligate
695,pmet_cplx1_m,cplx1_mNo3,P93313,Shared
696,pmet_cplx1_m,cplx1_mNo3,Q42577,Obligate
697,pmet_cplx1_m,cplx1_mNo3,Q95748,Obligate
698,pmet_cplx1_m,cplx1_mNo3,Q9FGI6,Obligate
699,pmet_cplx1_m,cplx1_mNo3,Q9FNN5,Obligate
700,pmet_cplx1_m,cplx1_mNo3,Q9FX83,Shared
701,pmet_cplx1_m,cplx1_mNo4,O22769,Obligate
702,pmet_cplx1_m,cplx1_mNo4,P60497,Obligate
703,pmet_cplx1_m,cplx1_mNo4,P92533,Obligate
704,pmet_cplx1_m,cplx1_mNo4,P93306,Obligate
705,pmet_cplx1_m,cplx1_mNo4,Q42577,Obligate
706,pmet_cplx1_m,cplx1_mNo4,Q95748,Obligate
707,pmet_cplx1_m,cplx1_mNo4,Q9FGI6,Obligate
708,pmet_cplx1_m,cplx1_mNo4,Q9FNN5,Obligate
709,pmet_cplx1_m,cplx1_mNo4,Q04614,Shared
710,pmet_cplx1_m,cplx1_mNo4,Q9FX83,Shared
711,pmet_cplx3_m,cplx3_mNo1,P42792,Shared
712,pmet_cplx3_m,cplx3_mNo1,Q42290,Obligate
713,pmet_cplx3_m,cplx3_mNo1,Q9LK29,Shared
714,pmet_cplx3_m,cplx3_mNo1,Q9LXJ2,Obligate
715,pmet_cplx3_m,cplx3_mNo1,Q9LYR2,Shared
716,pmet_cplx3_m,cplx3_mNo1,Q9SG91,Shared
717,pmet_cplx3_m,cplx3_mNo1,Q9SJV7,Shared
718,pmet_cplx3_m,cplx3_mNo1,Q9SUU5,Shared
719,pmet_cplx3_m,cplx3_mNo1,Q9ZU25,Shared
720,pmet_cplx3_m,cplx3_mNo2,P42792,Shared
721,pmet_cplx3_m,cplx3_mNo2,Q42290,Obligate
722,pmet_cplx3_m,cplx3_mNo2,Q9LK29,Shared
723,pmet_cplx3_m,cplx3_mNo2,Q9LXJ2,Obligate
724,pmet_cplx3_m,cplx3_mNo2,Q9LYR2,Shared
725,pmet_cplx3_m,cplx3_mNo2,Q9SG91,Shared
726,pmet_cplx3_m,cplx3_mNo2,Q9SJV7,Shared
727,pmet_cplx3_m,cplx3_mNo2,Q9SUU5,Shared
728,pmet_cplx3_m,cplx3_mNo2,O04308,Shared
729,pmet_cplx3_m,cplx3_mNo3,Q42290,Obligate
730,pmet_cplx3_m,cplx3_mNo3,Q9LK29,Shared
731,pmet_cplx3_m,cplx3_mNo3,Q9LXJ2,Obligate
732,pmet_cplx3_m,cplx3_mNo3,Q9LYR2,Shared
733,pmet_cplx3_m,cplx3_mNo3,Q9SG91,Shared
734,pmet_cplx3_m,cplx3_mNo3,Q9SJV7,Shared
735,pmet_cplx3_m,cplx3_mNo3,Q9SUU5,Shared
736,pmet_cplx3_m,cplx3_mNo3,Q9ZU25,Shared
737,pmet_cplx3_m,cplx3_mNo4,Q42290,Obligate
738,pmet_cplx3_m,cplx3_mNo4,Q9LK29,Shared
739,pmet_cplx3_m,cplx3_mNo4,Q9LXJ2,Obligate
740,pmet_cplx3_m,cplx3_mNo4,Q9LYR2,Shared
741,pmet_cplx3_m,cplx3_mNo4,Q9SG91,Shared
742,pmet_cplx3_m,cplx3_mNo4,Q9SJV7,Shared
743,pmet_cplx3_m,cplx3_mNo4,Q9SUU5,Shared
744,pmet_cplx3_m,cplx3_mNo4,O04308,Shared
745,pmet_cplx3_m,cplx3_mNo5,P42792,Shared
746,pmet_cplx3_m,cplx3_mNo5,Q42290,Obligate
747,pmet_cplx3_m,cplx3_mNo5,Q9LXJ2,Obligate
748,pmet_cplx3_m,cplx3_mNo5,Q9LYR2,Shared
749,pmet_cplx3_m,cplx3_mNo5,Q9SG91,Shared
750,pmet_cplx3_m,cplx3_mNo5,Q9SJV7,Shared
751,pmet_cplx3_m,cplx3_mNo5,Q9SUU5,Shared
752,pmet_cplx3_m,cplx3_mNo5,Q9ZU25,Shared
753,pmet_cplx3_m,cplx3_mNo5,Q9FKS5,Shared
754,pmet_cplx3_m,cplx3_mNo6,P42792,Shared
755,pmet_cplx3_m,cplx3_mNo6,Q42290,Obligate
756,pmet_cplx3_m,cplx3_mNo6,Q9LXJ2,Obligate
757,pmet_cplx3_m,cplx3_mNo6,Q9LYR2,Shared
758,pmet_cplx3_m,cplx3_mNo6,Q9SG91,Shared
759,pmet_cplx3_m,cplx3_mNo6,Q9SJV7,Shared
760,pmet_cplx3_m,cplx3_mNo6,Q9SUU5,Shared
761,pmet_cplx3_m,cplx3_mNo6,O04308,Shared
762,pmet_cplx3_m,cplx3_mNo6,Q9FKS5,Shared
763,pmet_cplx3_m,cplx3_mNo7,Q42290,Obligate
764,pmet_cplx3_m,cplx3_mNo7,Q9LXJ2,Obligate
765,pmet_cplx3_m,cplx3_mNo7,Q9LYR2,Shared
766,pmet_cplx3_m,cplx3_mNo7,Q9SG91,Shared
767,pmet_cplx3_m,cplx3_mNo7,Q9SJV7,Shared
768,pmet_cplx3_m,cplx3_mNo7,Q9SUU5,Shared
769,pmet_cplx3_m,cplx3_mNo7,Q9ZU25,Shared
770,pmet_cplx3_m,cplx3_mNo7,Q9FKS5,Shared
771,pmet_cplx3_m,cplx3_mNo8,Q42290,Obligate
772,pmet_cplx3_m,cplx3_mNo8,Q9LXJ2,Obligate
773,pmet_cplx3_m,cplx3_mNo8,Q9LYR2,Shared
774,pmet_cplx3_m,cplx3_mNo8,Q9SG91,Shared
775,pmet_cplx3_m,cplx3_mNo8,Q9SJV7,Shared
776,pmet_cplx3_m,cplx3_mNo8,Q9SUU5,Shared
777,pmet_cplx3_m,cplx3_mNo8,O04308,Shared
778,pmet_cplx3_m,cplx3_mNo8,Q9FKS5,Shared
779,pmet_cplx3_m,cplx3_mNo9,P42792,Shared
780,pmet_cplx3_m,cplx3_mNo9,Q42290,Obligate
781,pmet_cplx3_m,cplx3_mNo9,Q9LK29,Shared
782,pmet_cplx3_m,cplx3_mNo9,Q9LXJ2,Obligate
783,pmet_cplx3_m,cplx3_mNo9,Q9SG91,Shared
784,pmet_cplx3_m,cplx3_mNo9,Q9SJV7,Shared
785,pmet_cplx3_m,cplx3_mNo9,Q9SUU5,Shared
786,pmet_cplx3_m,cplx3_mNo9,Q9ZU25,Shared
787,pmet_cplx3_m,cplx3_mNo9,Q94JS0,Shared
788,pmet_cplx3_m,cplx3_mNo10,P42792,Shared
789,pmet_cplx3_m,cplx3_mNo10,Q42290,Obligate
790,pmet_cplx3_m,cplx3_mNo10,Q9LK29,Shared
791,pmet_cplx3_m,cplx3_mNo10,Q9LXJ2,Obligate
792,pmet_cplx3_m,cplx3_mNo10,Q9SG91,Shared
793,pmet_cplx3_m,cplx3_mNo10,Q9SJV7,Shared
794,pmet_cplx3_m,cplx3_mNo10,Q9SUU5,Shared
795,pmet_cplx3_m,cplx3_mNo10,O04308,Shared
796,pmet_cplx3_m,cplx3_mNo10,Q94JS0,Shared
797,pmet_cplx3_m,cplx3_mNo11,Q42290,Obligate
798,pmet_cplx3_m,cplx3_mNo11,Q9LK29,Shared
799,pmet_cplx3_m,cplx3_mNo11,Q9LXJ2,Obligate
800,pmet_cplx3_m,cplx3_mNo11,Q9SG91,Shared
801,pmet_cplx3_m,cplx3_mNo11,Q9SJV7,Shared
802,pmet_cplx3_m,cplx3_mNo11,Q9SUU5,Shared
803,pmet_cplx3_m,cplx3_mNo11,Q9ZU25,Shared
804,pmet_cplx3_m,cplx3_mNo11,Q94JS0,Shared
805,pmet_cplx3_m,cplx3_mNo12,Q42290,Obligate
806,pmet_cplx3_m,cplx3_mNo12,Q9LK29,Shared
807,pmet_cplx3_m,cplx3_mNo12,Q9LXJ2,Obligate
808,pmet_cplx3_m,cplx3_mNo12,Q9SG91,Shared
809,pmet_cplx3_m,cplx3_mNo12,Q9SJV7,Shared
810,pmet_cplx3_m,cplx3_mNo12,Q9SUU5,Shared
811,pmet_cplx3_m,cplx3_mNo12,O04308,Shared
812,pmet_cplx3_m,cplx3_mNo12,Q94JS0,Shared
813,pmet_cplx3_m,cplx3_mNo13,P42792,Shared
814,pmet_cplx3_m,cplx3_mNo13,Q42290,Obligate
815,pmet_cplx3_m,cplx3_mNo13,Q9LXJ2,Obligate
816,pmet_cplx3_m,cplx3_mNo13,Q9SG91,Shared
817,pmet_cplx3_m,cplx3_mNo13,Q9SJV7,Shared
818,pmet_cplx3_m,cplx3_mNo13,Q9SUU5,Shared
819,pmet_cplx3_m,cplx3_mNo13,Q9ZU25,Shared
820,pmet_cplx3_m,cplx3_mNo13,Q9FKS5,Shared
821,pmet_cplx3_m,cplx3_mNo13,Q94JS0,Shared
822,pmet_cplx3_m,cplx3_mNo14,P42792,Shared
823,pmet_cplx3_m,cplx3_mNo14,Q42290,Obligate
824,pmet_cplx3_m,cplx3_mNo14,Q9LXJ2,Obligate
825,pmet_cplx3_m,cplx3_mNo14,Q9SG91,Shared
826,pmet_cplx3_m,cplx3_mNo14,Q9SJV7,Shared
827,pmet_cplx3_m,cplx3_mNo14,Q9SUU5,Shared
828,pmet_cplx3_m,cplx3_mNo14,O04308,Shared
829,pmet_cplx3_m,cplx3_mNo14,Q9FKS5,Shared
830,pmet_cplx3_m,cplx3_mNo14,Q94JS0,Shared
831,pmet_cplx3_m,cplx3_mNo15,Q42290,Obligate
832,pmet_cplx3_m,cplx3_mNo15,Q9LXJ2,Obligate
833,pmet_cplx3_m,cplx3_mNo15,Q9SG91,Shared
834,pmet_cplx3_m,cplx3_mNo15,Q9SJV7,Shared
835,pmet_cplx3_m,cplx3_mNo15,Q9SUU5,Shared
836,pmet_cplx3_m,cplx3_mNo15,Q9ZU25,Shared
837,pmet_cplx3_m,cplx3_mNo15,Q9FKS5,Shared
838,pmet_cplx3_m,cplx3_mNo15,Q94JS0,Shared
839,pmet_cplx3_m,cplx3_mNo16,Q42290,Obligate
840,pmet_cplx3_m,cplx3_mNo16,Q9LXJ2,Obligate
841,pmet_cplx3_m,cplx3_mNo16,Q9SG91,Shared
842,pmet_cplx3_m,cplx3_mNo16,Q9SJV7,Shared
843,pmet_cplx3_m,cplx3_mNo16,Q9SUU5,Shared
844,pmet_cplx3_m,cplx3_mNo16,O04308,Shared
845,pmet_cplx3_m,cplx3_mNo16,Q9FKS5,Shared
846,pmet_cplx3_m,cplx3_mNo16,Q94JS0,Shared
847,pmet_cplx3_m,cplx3_mNo17,P42792,Shared
848,pmet_cplx3_m,cplx3_mNo17,Q42290,Obligate
849,pmet_cplx3_m,cplx3_mNo17,Q9LK29,Shared
850,pmet_cplx3_m,cplx3_mNo17,Q9LXJ2,Obligate
851,pmet_cplx3_m,cplx3_mNo17,Q9LYR2,Shared
852,pmet_cplx3_m,cplx3_mNo17,Q9SG91,Shared
853,pmet_cplx3_m,cplx3_mNo17,Q9SUU5,Shared
854,pmet_cplx3_m,cplx3_mNo17,Q9ZU25,Shared
855,pmet_cplx3_m,cplx3_mNo17,Q0WWE3,Shared
856,pmet_cplx3_m,cplx3_mNo18,P42792,Shared
857,pmet_cplx3_m,cplx3_mNo18,Q42290,Obligate
858,pmet_cplx3_m,cplx3_mNo18,Q9LK29,Shared
859,pmet_cplx3_m,cplx3_mNo18,Q9LXJ2,Obligate
860,pmet_cplx3_m,cplx3_mNo18,Q9LYR2,Shared
861,pmet_cplx3_m,cplx3_mNo18,Q9SG91,Shared
862,pmet_cplx3_m,cplx3_mNo18,Q9SUU5,Shared
863,pmet_cplx3_m,cplx3_mNo18,O04308,Shared
864,pmet_cplx3_m,cplx3_mNo18,Q0WWE3,Shared
865,pmet_cplx3_m,cplx3_mNo19,Q42290,Obligate
866,pmet_cplx3_m,cplx3_mNo19,Q9LK29,Shared
867,pmet_cplx3_m,cplx3_mNo19,Q9LXJ2,Obligate
868,pmet_cplx3_m,cplx3_mNo19,Q9LYR2,Shared
869,pmet_cplx3_m,cplx3_mNo19,Q9SG91,Shared
870,pmet_cplx3_m,cplx3_mNo19,Q9SUU5,Shared
871,pmet_cplx3_m,cplx3_mNo19,Q9ZU25,Shared
872,pmet_cplx3_m,cplx3_mNo19,Q0WWE3,Shared
873,pmet_cplx3_m,cplx3_mNo20,Q42290,Obligate
874,pmet_cplx3_m,cplx3_mNo20,Q9LK29,Shared
875,pmet_cplx3_m,cplx3_mNo20,Q9LXJ2,Obligate
876,pmet_cplx3_m,cplx3_mNo20,Q9LYR2,Shared
877,pmet_cplx3_m,cplx3_mNo20,Q9SG91,Shared
878,pmet_cplx3_m,cplx3_mNo20,Q9SUU5,Shared
879,pmet_cplx3_m,cplx3_mNo20,O04308,Shared
880,pmet_cplx3_m,cplx3_mNo20,Q0WWE3,Shared
881,pmet_cplx3_m,cplx3_mNo21,P42792,Shared
882,pmet_cplx3_m,cplx3_mNo21,Q42290,Obligate
883,pmet_cplx3_m,cplx3_mNo21,Q9LXJ2,Obligate
884,pmet_cplx3_m,cplx3_mNo21,Q9LYR2,Shared
885,pmet_cplx3_m,cplx3_mNo21,Q9SG91,Shared
886,pmet_cplx3_m,cplx3_mNo21,Q9SUU5,Shared
887,pmet_cplx3_m,cplx3_mNo21,Q9ZU25,Shared
888,pmet_cplx3_m,cplx3_mNo21,Q9FKS5,Shared
889,pmet_cplx3_m,cplx3_mNo21,Q0WWE3,Shared
890,pmet_cplx3_m,cplx3_mNo22,P42792,Shared
891,pmet_cplx3_m,cplx3_mNo22,Q42290,Obligate
892,pmet_cplx3_m,cplx3_mNo22,Q9LXJ2,Obligate
893,pmet_cplx3_m,cplx3_mNo22,Q9LYR2,Shared
894,pmet_cplx3_m,cplx3_mNo22,Q9SG91,Shared
895,pmet_cplx3_m,cplx3_mNo22,Q9SUU5,Shared
896,pmet_cplx3_m,cplx3_mNo22,O04308,Shared
897,pmet_cplx3_m,cplx3_mNo22,Q9FKS5,Shared
898,pmet_cplx3_m,cplx3_mNo22,Q0WWE3,Shared
899,pmet_cplx3_m,cplx3_mNo23,Q42290,Obligate
900,pmet_cplx3_m,cplx3_mNo23,Q9LXJ2,Obligate
901,pmet_cplx3_m,cplx3_mNo23,Q9LYR2,Shared
902,pmet_cplx3_m,cplx3_mNo23,Q9SG91,Shared
903,pmet_cplx3_m,cplx3_mNo23,Q9SUU5,Shared
904,pmet_cplx3_m,cplx3_mNo23,Q9ZU25,Shared
905,pmet_cplx3_m,cplx3_mNo23,Q9FKS5,Shared
906,pmet_cplx3_m,cplx3_mNo23,Q0WWE3,Shared
907,pmet_cplx3_m,cplx3_mNo24,Q42290,Obligate
908,pmet_cplx3_m,cplx3_mNo24,Q9LXJ2,Obligate
909,pmet_cplx3_m,cplx3_mNo24,Q9LYR2,Shared
910,pmet_cplx3_m,cplx3_mNo24,Q9SG91,Shared
911,pmet_cplx3_m,cplx3_mNo24,Q9SUU5,Shared
912,pmet_cplx3_m,cplx3_mNo24,O04308,Shared
913,pmet_cplx3_m,cplx3_mNo24,Q9FKS5,Shared
914,pmet_cplx3_m,cplx3_mNo24,Q0WWE3,Shared
915,pmet_cplx3_m,cplx3_mNo25,P42792,Shared
916,pmet_cplx3_m,cplx3_mNo25,Q42290,Obligate
917,pmet_cplx3_m,cplx3_mNo25,Q9LK29,Shared
918,pmet_cplx3_m,cplx3_mNo25,Q9LXJ2,Obligate
919,pmet_cplx3_m,cplx3_mNo25,Q9SG91,Shared
920,pmet_cplx3_m,cplx3_mNo25,Q9SUU5,Shared
921,pmet_cplx3_m,cplx3_mNo25,Q9ZU25,Shared
922,pmet_cplx3_m,cplx3_mNo25,Q94JS0,Shared
923,pmet_cplx3_m,cplx3_mNo25,Q0WWE3,Shared
924,pmet_cplx3_m,cplx3_mNo26,P42792,Shared
925,pmet_cplx3_m,cplx3_mNo26,Q42290,Obligate
926,pmet_cplx3_m,cplx3_mNo26,Q9LK29,Shared
927,pmet_cplx3_m,cplx3_mNo26,Q9LXJ2,Obligate
928,pmet_cplx3_m,cplx3_mNo26,Q9SG91,Shared
929,pmet_cplx3_m,cplx3_mNo26,Q9SUU5,Shared
930,pmet_cplx3_m,cplx3_mNo26,O04308,Shared
931,pmet_cplx3_m,cplx3_mNo26,Q94JS0,Shared
932,pmet_cplx3_m,cplx3_mNo26,Q0WWE3,Shared
933,pmet_cplx3_m,cplx3_mNo27,Q42290,Obligate
934,pmet_cplx3_m,cplx3_mNo27,Q9LK29,Shared
935,pmet_cplx3_m,cplx3_mNo27,Q9LXJ2,Obligate
936,pmet_cplx3_m,cplx3_mNo27,Q9SG91,Shared
937,pmet_cplx3_m,cplx3_mNo27,Q9SUU5,Shared
938,pmet_cplx3_m,cplx3_mNo27,Q9ZU25,Shared
939,pmet_cplx3_m,cplx3_mNo27,Q94JS0,Shared
940,pmet_cplx3_m,cplx3_mNo27,Q0WWE3,Shared
941,pmet_cplx3_m,cplx3_mNo28,Q42290,Obligate
942,pmet_cplx3_m,cplx3_mNo28,Q9LK29,Shared
943,pmet_cplx3_m,cplx3_mNo28,Q9LXJ2,Obligate
944,pmet_cplx3_m,cplx3_mNo28,Q9SG91,Shared
945,pmet_cplx3_m,cplx3_mNo28,Q9SUU5,Shared
946,pmet_cplx3_m,cplx3_mNo28,O04308,Shared
947,pmet_cplx3_m,cplx3_mNo28,Q94JS0,Shared
948,pmet_cplx3_m,cplx3_mNo28,Q0WWE3,Shared
949,pmet_cplx3_m,cplx3_mNo29,P42792,Shared
950,pmet_cplx3_m,cplx3_mNo29,Q42290,Obligate
951,pmet_cplx3_m,cplx3_mNo29,Q9LXJ2,Obligate
952,pmet_cplx3_m,cplx3_mNo29,Q9SG91,Shared
953,pmet_cplx3_m,cplx3_mNo29,Q9SUU5,Shared
954,pmet_cplx3_m,cplx3_mNo29,Q9ZU25,Shared
955,pmet_cplx3_m,cplx3_mNo29,Q9FKS5,Shared
956,pmet_cplx3_m,cplx3_mNo29,Q94JS0,Shared
957,pmet_cplx3_m,cplx3_mNo29,Q0WWE3,Shared
958,pmet_cplx3_m,cplx3_mNo30,P42792,Shared
959,pmet_cplx3_m,cplx3_mNo30,Q42290,Obligate
960,pmet_cplx3_m,cplx3_mNo30,Q9LXJ2,Obligate
961,pmet_cplx3_m,cplx3_mNo30,Q9SG91,Shared
962,pmet_cplx3_m,cplx3_mNo30,Q9SUU5,Shared
963,pmet_cplx3_m,cplx3_mNo30,O04308,Shared
964,pmet_cplx3_m,cplx3_mNo30,Q9FKS5,Shared
965,pmet_cplx3_m,cplx3_mNo30,Q94JS0,Shared
966,pmet_cplx3_m,cplx3_mNo30,Q0WWE3,Shared
967,pmet_cplx3_m,cplx3_mNo31,Q42290,Obligate
968,pmet_cplx3_m,cplx3_mNo31,Q9LXJ2,Obligate
969,pmet_cplx3_m,cplx3_mNo31,Q9SG91,Shared
970,pmet_cplx3_m,cplx3_mNo31,Q9SUU5,Shared
971,pmet_cplx3_m,cplx3_mNo31,Q9ZU25,Shared
972,pmet_cplx3_m,cplx3_mNo31,Q9FKS5,Shared
973,pmet_cplx3_m,cplx3_mNo31,Q94JS0,Shared
974,pmet_cplx3_m,cplx3_mNo31,Q0WWE3,Shared
975,pmet_cplx3_m,cplx3_mNo32,Q42290,Obligate
976,pmet_cplx3_m,cplx3_mNo32,Q9LXJ2,Obligate
977,pmet_cplx3_m,cplx3_mNo32,Q9SG91,Shared
978,pmet_cplx3_m,cplx3_mNo32,Q9SUU5,Shared
979,pmet_cplx3_m,cplx3_mNo32,O04308,Shared
980,pmet_cplx3_m,cplx3_mNo32,Q9FKS5,Shared
981,pmet_cplx3_m,cplx3_mNo32,Q94JS0,Shared
982,pmet_cplx3_m,cplx3_mNo32,Q0WWE3,Shared
983,pmet_cplx3_m,cplx3_mNo33,P42792,Shared
984,pmet_cplx3_m,cplx3_mNo33,Q42290,Obligate
985,pmet_cplx3_m,cplx3_mNo33,Q9LK29,Shared
986,pmet_cplx3_m,cplx3_mNo33,Q9LXJ2,Obligate
987,pmet_cplx3_m,cplx3_mNo33,Q9LYR2,Shared
988,pmet_cplx3_m,cplx3_mNo33,Q9SG91,Shared
989,pmet_cplx3_m,cplx3_mNo33,Q9SJV7,Shared
990,pmet_cplx3_m,cplx3_mNo33,Q9ZU25,Shared
991,pmet_cplx3_m,cplx3_mNo33,F4JWS8,Shared
992,pmet_cplx3_m,cplx3_mNo34,P42792,Shared
993,pmet_cplx3_m,cplx3_mNo34,Q42290,Obligate
994,pmet_cplx3_m,cplx3_mNo34,Q9LK29,Shared
995,pmet_cplx3_m,cplx3_mNo34,Q9LXJ2,Obligate
996,pmet_cplx3_m,cplx3_mNo34,Q9LYR2,Shared
997,pmet_cplx3_m,cplx3_mNo34,Q9SG91,Shared
998,pmet_cplx3_m,cplx3_mNo34,Q9SJV7,Shared
999,pmet_cplx3_m,cplx3_mNo34,O04308,Shared
1000,pmet_cplx3_m,cplx3_mNo34,F4JWS8,Shared
1001,pmet_cplx3_m,cplx3_mNo35,Q42290,Obligate
1002,pmet_cplx3_m,cplx3_mNo35,Q9LK29,Shared
1003,pmet_cplx3_m,cplx3_mNo35,Q9LXJ2,Obligate
1004,pmet_cplx3_m,cplx3_mNo35,Q9LYR2,Shared
1005,pmet_cplx3_m,cplx3_mNo35,Q9SG91,Shared
1006,pmet_cplx3_m,cplx3_mNo35,Q9SJV7,Shared
1007,pmet_cplx3_m,cplx3_mNo35,Q9ZU25,Shared
1008,pmet_cplx3_m,cplx3_mNo35,F4JWS8,Shared
1009,pmet_cplx3_m,cplx3_mNo36,Q42290,Obligate
1010,pmet_cplx3_m,cplx3_mNo36,Q9LK29,Shared
1011,pmet_cplx3_m,cplx3_mNo36,Q9LXJ2,Obligate
1012,pmet_cplx3_m,cplx3_mNo36,Q9LYR2,Shared
1013,pmet_cplx3_m,cplx3_mNo36,Q9SG91,Shared
1014,pmet_cplx3_m,cplx3_mNo36,Q9SJV7,Shared
1015,pmet_cplx3_m,cplx3_mNo36,O04308,Shared
1016,pmet_cplx3_m,cplx3_mNo36,F4JWS8,Shared
1017,pmet_cplx3_m,cplx3_mNo37,P42792,Shared
1018,pmet_cplx3_m,cplx3_mNo37,Q42290,Obligate
1019,pmet_cplx3_m,cplx3_mNo37,Q9LXJ2,Obligate
1020,pmet_cplx3_m,cplx3_mNo37,Q9LYR2,Shared
1021,pmet_cplx3_m,cplx3_mNo37,Q9SG91,Shared
1022,pmet_cplx3_m,cplx3_mNo37,Q9SJV7,Shared
1023,pmet_cplx3_m,cplx3_mNo37,Q9ZU25,Shared
1024,pmet_cplx3_m,cplx3_mNo37,Q9FKS5,Shared
1025,pmet_cplx3_m,cplx3_mNo37,F4JWS8,Shared
1026,pmet_cplx3_m,cplx3_mNo38,P42792,Shared
1027,pmet_cplx3_m,cplx3_mNo38,Q42290,Obligate
1028,pmet_cplx3_m,cplx3_mNo38,Q9LXJ2,Obligate
1029,pmet_cplx3_m,cplx3_mNo38,Q9LYR2,Shared
1030,pmet_cplx3_m,cplx3_mNo38,Q9SG91,Shared
1031,pmet_cplx3_m,cplx3_mNo38,Q9SJV7,Shared
1032,pmet_cplx3_m,cplx3_mNo38,O04308,Shared
1033,pmet_cplx3_m,cplx3_mNo38,Q9FKS5,Shared
1034,pmet_cplx3_m,cplx3_mNo38,F4JWS8,Shared
1035,pmet_cplx3_m,cplx3_mNo39,Q42290,Obligate
1036,pmet_cplx3_m,cplx3_mNo39,Q9LXJ2,Obligate
1037,pmet_cplx3_m,cplx3_mNo39,Q9LYR2,Shared
1038,pmet_cplx3_m,cplx3_mNo39,Q9SG91,Shared
1039,pmet_cplx3_m,cplx3_mNo39,Q9SJV7,Shared
1040,pmet_cplx3_m,cplx3_mNo39,Q9ZU25,Shared
1041,pmet_cplx3_m,cplx3_mNo39,Q9FKS5,Shared
1042,pmet_cplx3_m,cplx3_mNo39,F4JWS8,Shared
1043,pmet_cplx3_m,cplx3_mNo40,Q42290,Obligate
1044,pmet_cplx3_m,cplx3_mNo40,Q9LXJ2,Obligate
1045,pmet_cplx3_m,cplx3_mNo40,Q9LYR2,Shared
1046,pmet_cplx3_m,cplx3_mNo40,Q9SG91,Shared
1047,pmet_cplx3_m,cplx3_mNo40,Q9SJV7,Shared
1048,pmet_cplx3_m,cplx3_mNo40,O04308,Shared
1049,pmet_cplx3_m,cplx3_mNo40,Q9FKS5,Shared
1050,pmet_cplx3_m,cplx3_mNo40,F4JWS8,Shared
1051,pmet_cplx3_m,cplx3_mNo41,P42792,Shared
1052,pmet_cplx3_m,cplx3_mNo41,Q42290,Obligate
1053,pmet_cplx3_m,cplx3_mNo41,Q9LK29,Shared
1054,pmet_cplx3_m,cplx3_mNo41,Q9LXJ2,Obligate
1055,pmet_cplx3_m,cplx3_mNo41,Q9SG91,Shared
1056,pmet_cplx3_m,cplx3_mNo41,Q9SJV7,Shared
1057,pmet_cplx3_m,cplx3_mNo41,Q9ZU25,Shared
1058,pmet_cplx3_m,cplx3_mNo41,Q94JS0,Shared
1059,pmet_cplx3_m,cplx3_mNo41,F4JWS8,Shared
1060,pmet_cplx3_m,cplx3_mNo42,P42792,Shared
1061,pmet_cplx3_m,cplx3_mNo42,Q42290,Obligate
1062,pmet_cplx3_m,cplx3_mNo42,Q9LK29,Shared
1063,pmet_cplx3_m,cplx3_mNo42,Q9LXJ2,Obligate
1064,pmet_cplx3_m,cplx3_mNo42,Q9SG91,Shared
1065,pmet_cplx3_m,cplx3_mNo42,Q9SJV7,Shared
1066,pmet_cplx3_m,cplx3_mNo42,O04308,Shared
1067,pmet_cplx3_m,cplx3_mNo42,Q94JS0,Shared
1068,pmet_cplx3_m,cplx3_mNo42,F4JWS8,Shared
1069,pmet_cplx3_m,cplx3_mNo43,Q42290,Obligate
1070,pmet_cplx3_m,cplx3_mNo43,Q9LK29,Shared
1071,pmet_cplx3_m,cplx3_mNo43,Q9LXJ2,Obligate
1072,pmet_cplx3_m,cplx3_mNo43,Q9SG91,Shared
1073,pmet_cplx3_m,cplx3_mNo43,Q9SJV7,Shared
1074,pmet_cplx3_m,cplx3_mNo43,Q9ZU25,Shared
1075,pmet_cplx3_m,cplx3_mNo43,Q94JS0,Shared
1076,pmet_cplx3_m,cplx3_mNo43,F4JWS8,Shared
1077,pmet_cplx3_m,cplx3_mNo44,Q42290,Obligate
1078,pmet_cplx3_m,cplx3_mNo44,Q9LK29,Shared
1079,pmet_cplx3_m,cplx3_mNo44,Q9LXJ2,Obligate
1080,pmet_cplx3_m,cplx3_mNo44,Q9SG91,Shared
1081,pmet_cplx3_m,cplx3_mNo44,Q9SJV7,Shared
1082,pmet_cplx3_m,cplx3_mNo44,O04308,Shared
1083,pmet_cplx3_m,cplx3_mNo44,Q94JS0,Shared
1084,pmet_cplx3_m,cplx3_mNo44,F4JWS8,Shared
1085,pmet_cplx3_m,cplx3_mNo45,P42792,Shared
1086,pmet_cplx3_m,cplx3_mNo45,Q42290,Obligate
1087,pmet_cplx3_m,cplx3_mNo45,Q9LXJ2,Obligate
1088,pmet_cplx3_m,cplx3_mNo45,Q9SG91,Shared
1089,pmet_cplx3_m,cplx3_mNo45,Q9SJV7,Shared
1090,pmet_cplx3_m,cplx3_mNo45,Q9ZU25,Shared
1091,pmet_cplx3_m,cplx3_mNo45,Q9FKS5,Shared
1092,pmet_cplx3_m,cplx3_mNo45,Q94JS0,Shared
1093,pmet_cplx3_m,cplx3_mNo45,F4JWS8,Shared
1094,pmet_cplx3_m,cplx3_mNo46,P42792,Shared
1095,pmet_cplx3_m,cplx3_mNo46,Q42290,Obligate
1096,pmet_cplx3_m,cplx3_mNo46,Q9LXJ2,Obligate
1097,pmet_cplx3_m,cplx3_mNo46,Q9SG91,Shared
1098,pmet_cplx3_m,cplx3_mNo46,Q9SJV7,Shared
1099,pmet_cplx3_m,cplx3_mNo46,O04308,Shared
1100,pmet_cplx3_m,cplx3_mNo46,Q9FKS5,Shared
1101,pmet_cplx3_m,cplx3_mNo46,Q94JS0,Shared
1102,pmet_cplx3_m,cplx3_mNo46,F4JWS8,Shared
1103,pmet_cplx3_m,cplx3_mNo47,Q42290,Obligate
1104,pmet_cplx3_m,cplx3_mNo47,Q9LXJ2,Obligate
1105,pmet_cplx3_m,cplx3_mNo47,Q9SG91,Shared
1106,pmet_cplx3_m,cplx3_mNo47,Q9SJV7,Shared
1107,pmet_cplx3_m,cplx3_mNo47,Q9ZU25,Shared
1108,pmet_cplx3_m,cplx3_mNo47,Q9FKS5,Shared
1109,pmet_cplx3_m,cplx3_mNo47,Q94JS0,Shared
1110,pmet_cplx3_m,cplx3_mNo47,F4JWS8,Shared
1111,pmet_cplx3_m,cplx3_mNo48,Q42290,Obligate
1112,pmet_cplx3_m,cplx3_mNo48,Q9LXJ2,Obligate
1113,pmet_cplx3_m,cplx3_mNo48,Q9SG91,Shared
1114,pmet_cplx3_m,cplx3_mNo48,Q9SJV7,Shared
1115,pmet_cplx3_m,cplx3_mNo48,O04308,Shared
1116,pmet_cplx3_m,cplx3_mNo48,Q9FKS5,Shared
1117,pmet_cplx3_m,cplx3_mNo48,Q94JS0,Shared
1118,pmet_cplx3_m,cplx3_mNo48,F4JWS8,Shared
1119,pmet_cplx3_m,cplx3_mNo49,P42792,Shared
1120,pmet_cplx3_m,cplx3_mNo49,Q42290,Obligate
1121,pmet_cplx3_m,cplx3_mNo49,Q9LK29,Shared
1122,pmet_cplx3_m,cplx3_mNo49,Q9LXJ2,Obligate
1123,pmet_cplx3_m,cplx3_mNo49,Q9LYR2,Shared
1124,pmet_cplx3_m,cplx3_mNo49,Q9SG91,Shared
1125,pmet_cplx3_m,cplx3_mNo49,Q9ZU25,Shared
1126,pmet_cplx3_m,cplx3_mNo49,Q0WWE3,Shared
1127,pmet_cplx3_m,cplx3_mNo49,F4JWS8,Shared
1128,pmet_cplx3_m,cplx3_mNo50,P42792,Shared
1129,pmet_cplx3_m,cplx3_mNo50,Q42290,Obligate
1130,pmet_cplx3_m,cplx3_mNo50,Q9LK29,Shared
1131,pmet_cplx3_m,cplx3_mNo50,Q9LXJ2,Obligate
1132,pmet_cplx3_m,cplx3_mNo50,Q9LYR2,Shared
1133,pmet_cplx3_m,cplx3_mNo50,Q9SG91,Shared
1134,pmet_cplx3_m,cplx3_mNo50,O04308,Shared
1135,pmet_cplx3_m,cplx3_mNo50,Q0WWE3,Shared
1136,pmet_cplx3_m,cplx3_mNo50,F4JWS8,Shared
1137,pmet_cplx3_m,cplx3_mNo51,Q42290,Obligate
1138,pmet_cplx3_m,cplx3_mNo51,Q9LK29,Shared
1139,pmet_cplx3_m,cplx3_mNo51,Q9LXJ2,Obligate
1140,pmet_cplx3_m,cplx3_mNo51,Q9LYR2,Shared
1141,pmet_cplx3_m,cplx3_mNo51,Q9SG91,Shared
1142,pmet_cplx3_m,cplx3_mNo51,Q9ZU25,Shared
1143,pmet_cplx3_m,cplx3_mNo51,Q0WWE3,Shared
1144,pmet_cplx3_m,cplx3_mNo51,F4JWS8,Shared
1145,pmet_cplx3_m,cplx3_mNo52,Q42290,Obligate
1146,pmet_cplx3_m,cplx3_mNo52,Q9LK29,Shared
1147,pmet_cplx3_m,cplx3_mNo52,Q9LXJ2,Obligate
1148,pmet_cplx3_m,cplx3_mNo52,Q9LYR2,Shared
1149,pmet_cplx3_m,cplx3_mNo52,Q9SG91,Shared
1150,pmet_cplx3_m,cplx3_mNo52,O04308,Shared
1151,pmet_cplx3_m,cplx3_mNo52,Q0WWE3,Shared
1152,pmet_cplx3_m,cplx3_mNo52,F4JWS8,Shared
1153,pmet_cplx3_m,cplx3_mNo53,P42792,Shared
1154,pmet_cplx3_m,cplx3_mNo53,Q42290,Obligate
1155,pmet_cplx3_m,cplx3_mNo53,Q9LXJ2,Obligate
1156,pmet_cplx3_m,cplx3_mNo53,Q9LYR2,Shared
1157,pmet_cplx3_m,cplx3_mNo53,Q9SG91,Shared
1158,pmet_cplx3_m,cplx3_mNo53,Q9ZU25,Shared
1159,pmet_cplx3_m,cplx3_mNo53,Q9FKS5,Shared
1160,pmet_cplx3_m,cplx3_mNo53,Q0WWE3,Shared
1161,pmet_cplx3_m,cplx3_mNo53,F4JWS8,Shared
1162,pmet_cplx3_m,cplx3_mNo54,P42792,Shared
1163,pmet_cplx3_m,cplx3_mNo54,Q42290,Obligate
1164,pmet_cplx3_m,cplx3_mNo54,Q9LXJ2,Obligate
1165,pmet_cplx3_m,cplx3_mNo54,Q9LYR2,Shared
1166,pmet_cplx3_m,cplx3_mNo54,Q9SG91,Shared
1167,pmet_cplx3_m,cplx3_mNo54,O04308,Shared
1168,pmet_cplx3_m,cplx3_mNo54,Q9FKS5,Shared
1169,pmet_cplx3_m,cplx3_mNo54,Q0WWE3,Shared
1170,pmet_cplx3_m,cplx3_mNo54,F4JWS8,Shared
1171,pmet_cplx3_m,cplx3_mNo55,Q42290,Obligate
1172,pmet_cplx3_m,cplx3_mNo55,Q9LXJ2,Obligate
1173,pmet_cplx3_m,cplx3_mNo55,Q9LYR2,Shared
1174,pmet_cplx3_m,cplx3_mNo55,Q9SG91,Shared
1175,pmet_cplx3_m,cplx3_mNo55,Q9ZU25,Shared
1176,pmet_cplx3_m,cplx3_mNo55,Q9FKS5,Shared
1177,pmet_cplx3_m,cplx3_mNo55,Q0WWE3,Shared
1178,pmet_cplx3_m,cplx3_mNo55,F4JWS8,Shared
1179,pmet_cplx3_m,cplx3_mNo56,Q42290,Obligate
1180,pmet_cplx3_m,cplx3_mNo56,Q9LXJ2,Obligate
1181,pmet_cplx3_m,cplx3_mNo56,Q9LYR2,Shared
1182,pmet_cplx3_m,cplx3_mNo56,Q9SG91,Shared
1183,pmet_cplx3_m,cplx3_mNo56,O04308,Shared
1184,pmet_cplx3_m,cplx3_mNo56,Q9FKS5,Shared
1185,pmet_cplx3_m,cplx3_mNo56,Q0WWE3,Shared
1186,pmet_cplx3_m,cplx3_mNo56,F4JWS8,Shared
1187,pmet_cplx3_m,cplx3_mNo57,P42792,Shared
1188,pmet_cplx3_m,cplx3_mNo57,Q42290,Obligate
1189,pmet_cplx3_m,cplx3_mNo57,Q9LK29,Shared
1190,pmet_cplx3_m,cplx3_mNo57,Q9LXJ2,Obligate
1191,pmet_cplx3_m,cplx3_mNo57,Q9SG91,Shared
1192,pmet_cplx3_m,cplx3_mNo57,Q9ZU25,Shared
1193,pmet_cplx3_m,cplx3_mNo57,Q94JS0,Shared
1194,pmet_cplx3_m,cplx3_mNo57,Q0WWE3,Shared
1195,pmet_cplx3_m,cplx3_mNo57,F4JWS8,Shared
1196,pmet_cplx3_m,cplx3_mNo58,P42792,Shared
1197,pmet_cplx3_m,cplx3_mNo58,Q42290,Obligate
1198,pmet_cplx3_m,cplx3_mNo58,Q9LK29,Shared
1199,pmet_cplx3_m,cplx3_mNo58,Q9LXJ2,Obligate
1200,pmet_cplx3_m,cplx3_mNo58,Q9SG91,Shared
1201,pmet_cplx3_m,cplx3_mNo58,O04308,Shared
1202,pmet_cplx3_m,cplx3_mNo58,Q94JS0,Shared
1203,pmet_cplx3_m,cplx3_mNo58,Q0WWE3,Shared
1204,pmet_cplx3_m,cplx3_mNo58,F4JWS8,Shared
1205,pmet_cplx3_m,cplx3_mNo59,Q42290,Obligate
1206,pmet_cplx3_m,cplx3_mNo59,Q9LK29,Shared
1207,pmet_cplx3_m,cplx3_mNo59,Q9LXJ2,Obligate
1208,pmet_cplx3_m,cplx3_mNo59,Q9SG91,Shared
1209,pmet_cplx3_m,cplx3_mNo59,Q9ZU25,Shared
1210,pmet_cplx3_m,cplx3_mNo59,Q94JS0,Shared
1211,pmet_cplx3_m,cplx3_mNo59,Q0WWE3,Shared
1212,pmet_cplx3_m,cplx3_mNo59,F4JWS8,Shared
1213,pmet_cplx3_m,cplx3_mNo60,Q42290,Obligate
1214,pmet_cplx3_m,cplx3_mNo60,Q9LK29,Shared
1215,pmet_cplx3_m,cplx3_mNo60,Q9LXJ2,Obligate
1216,pmet_cplx3_m,cplx3_mNo60,Q9SG91,Shared
1217,pmet_cplx3_m,cplx3_mNo60,O04308,Shared
1218,pmet_cplx3_m,cplx3_mNo60,Q94JS0,Shared
1219,pmet_cplx3_m,cplx3_mNo60,Q0WWE3,Shared
1220,pmet_cplx3_m,cplx3_mNo60,F4JWS8,Shared
1221,pmet_cplx3_m,cplx3_mNo61,P42792,Shared
1222,pmet_cplx3_m,cplx3_mNo61,Q42290,Obligate
1223,pmet_cplx3_m,cplx3_mNo61,Q9LXJ2,Obligate
1224,pmet_cplx3_m,cplx3_mNo61,Q9SG91,Shared
1225,pmet_cplx3_m,cplx3_mNo61,Q9ZU25,Shared
1226,pmet_cplx3_m,cplx3_mNo61,Q9FKS5,Shared
1227,pmet_cplx3_m,cplx3_mNo61,Q94JS0,Shared
1228,pmet_cplx3_m,cplx3_mNo61,Q0WWE3,Shared
1229,pmet_cplx3_m,cplx3_mNo61,F4JWS8,Shared
1230,pmet_cplx3_m,cplx3_mNo62,P42792,Shared
1231,pmet_cplx3_m,cplx3_mNo62,Q42290,Obligate
1232,pmet_cplx3_m,cplx3_mNo62,Q9LXJ2,Obligate
1233,pmet_cplx3_m,cplx3_mNo62,Q9SG91,Shared
1234,pmet_cplx3_m,cplx3_mNo62,O04308,Shared
1235,pmet_cplx3_m,cplx3_mNo62,Q9FKS5,Shared
1236,pmet_cplx3_m,cplx3_mNo62,Q94JS0,Shared
1237,pmet_cplx3_m,cplx3_mNo62,Q0WWE3,Shared
1238,pmet_cplx3_m,cplx3_mNo62,F4JWS8,Shared
1239,pmet_cplx3_m,cplx3_mNo63,Q42290,Obligate
1240,pmet_cplx3_m,cplx3_mNo63,Q9LXJ2,Obligate
1241,pmet_cplx3_m,cplx3_mNo63,Q9SG91,Shared
1242,pmet_cplx3_m,cplx3_mNo63,Q9ZU25,Shared
1243,pmet_cplx3_m,cplx3_mNo63,Q9FKS5,Shared
1244,pmet_cplx3_m,cplx3_mNo63,Q94JS0,Shared
1245,pmet_cplx3_m,cplx3_mNo63,Q0WWE3,Shared
1246,pmet_cplx3_m,cplx3_mNo63,F4JWS8,Shared
1247,pmet_cplx3_m,cplx3_mNo64,Q42290,Obligate
1248,pmet_cplx3_m,cplx3_mNo64,Q9LXJ2,Obligate
1249,pmet_cplx3_m,cplx3_mNo64,Q9SG91,Shared
1250,pmet_cplx3_m,cplx3_mNo64,O04308,Shared
1251,pmet_cplx3_m,cplx3_mNo64,Q9FKS5,Shared
1252,pmet_cplx3_m,cplx3_mNo64,Q94JS0,Shared
1253,pmet_cplx3_m,cplx3_mNo64,Q0WWE3,Shared
1254,pmet_cplx3_m,cplx3_mNo64,F4JWS8,Shared
1255,pmet_cplx3_m,cplx3_mNo65,P42792,Shared
1256,pmet_cplx3_m,cplx3_mNo65,Q42290,Obligate
1257,pmet_cplx3_m,cplx3_mNo65,Q9LK29,Shared
1258,pmet_cplx3_m,cplx3_mNo65,Q9LXJ2,Obligate
1259,pmet_cplx3_m,cplx3_mNo65,Q9LYR2,Shared
1260,pmet_cplx3_m,cplx3_mNo65,Q9SJV7,Shared
1261,pmet_cplx3_m,cplx3_mNo65,Q9SUU5,Shared
1262,pmet_cplx3_m,cplx3_mNo65,Q9ZU25,Shared
1263,pmet_cplx3_m,cplx3_mNo65,Q9FLB7,Shared
1264,pmet_cplx3_m,cplx3_mNo66,P42792,Shared
1265,pmet_cplx3_m,cplx3_mNo66,Q42290,Obligate
1266,pmet_cplx3_m,cplx3_mNo66,Q9LK29,Shared
1267,pmet_cplx3_m,cplx3_mNo66,Q9LXJ2,Obligate
1268,pmet_cplx3_m,cplx3_mNo66,Q9LYR2,Shared
1269,pmet_cplx3_m,cplx3_mNo66,Q9SJV7,Shared
1270,pmet_cplx3_m,cplx3_mNo66,Q9SUU5,Shared
1271,pmet_cplx3_m,cplx3_mNo66,O04308,Shared
1272,pmet_cplx3_m,cplx3_mNo66,Q9FLB7,Shared
1273,pmet_cplx3_m,cplx3_mNo67,Q42290,Obligate
1274,pmet_cplx3_m,cplx3_mNo67,Q9LK29,Shared
1275,pmet_cplx3_m,cplx3_mNo67,Q9LXJ2,Obligate
1276,pmet_cplx3_m,cplx3_mNo67,Q9LYR2,Shared
1277,pmet_cplx3_m,cplx3_mNo67,Q9SJV7,Shared
1278,pmet_cplx3_m,cplx3_mNo67,Q9SUU5,Shared
1279,pmet_cplx3_m,cplx3_mNo67,Q9ZU25,Shared
1280,pmet_cplx3_m,cplx3_mNo67,Q9FLB7,Shared
1281,pmet_cplx3_m,cplx3_mNo68,Q42290,Obligate
1282,pmet_cplx3_m,cplx3_mNo68,Q9LK29,Shared
1283,pmet_cplx3_m,cplx3_mNo68,Q9LXJ2,Obligate
1284,pmet_cplx3_m,cplx3_mNo68,Q9LYR2,Shared
1285,pmet_cplx3_m,cplx3_mNo68,Q9SJV7,Shared
1286,pmet_cplx3_m,cplx3_mNo68,Q9SUU5,Shared
1287,pmet_cplx3_m,cplx3_mNo68,O04308,Shared
1288,pmet_cplx3_m,cplx3_mNo68,Q9FLB7,Shared
1289,pmet_cplx3_m,cplx3_mNo69,P42792,Shared
1290,pmet_cplx3_m,cplx3_mNo69,Q42290,Obligate
1291,pmet_cplx3_m,cplx3_mNo69,Q9LXJ2,Obligate
1292,pmet_cplx3_m,cplx3_mNo69,Q9LYR2,Shared
1293,pmet_cplx3_m,cplx3_mNo69,Q9SJV7,Shared
1294,pmet_cplx3_m,cplx3_mNo69,Q9SUU5,Shared
1295,pmet_cplx3_m,cplx3_mNo69,Q9ZU25,Shared
1296,pmet_cplx3_m,cplx3_mNo69,Q9FKS5,Shared
1297,pmet_cplx3_m,cplx3_mNo69,Q9FLB7,Shared
1298,pmet_cplx3_m,cplx3_mNo70,P42792,Shared
1299,pmet_cplx3_m,cplx3_mNo70,Q42290,Obligate
1300,pmet_cplx3_m,cplx3_mNo70,Q9LXJ2,Obligate
1301,pmet_cplx3_m,cplx3_mNo70,Q9LYR2,Shared
1302,pmet_cplx3_m,cplx3_mNo70,Q9SJV7,Shared
1303,pmet_cplx3_m,cplx3_mNo70,Q9SUU5,Shared
1304,pmet_cplx3_m,cplx3_mNo70,O04308,Shared
1305,pmet_cplx3_m,cplx3_mNo70,Q9FKS5,Shared
1306,pmet_cplx3_m,cplx3_mNo70,Q9FLB7,Shared
1307,pmet_cplx3_m,cplx3_mNo71,Q42290,Obligate
1308,pmet_cplx3_m,cplx3_mNo71,Q9LXJ2,Obligate
1309,pmet_cplx3_m,cplx3_mNo71,Q9LYR2,Shared
1310,pmet_cplx3_m,cplx3_mNo71,Q9SJV7,Shared
1311,pmet_cplx3_m,cplx3_mNo71,Q9SUU5,Shared
1312,pmet_cplx3_m,cplx3_mNo71,Q9ZU25,Shared
1313,pmet_cplx3_m,cplx3_mNo71,Q9FKS5,Shared
1314,pmet_cplx3_m,cplx3_mNo71,Q9FLB7,Shared
1315,pmet_cplx3_m,cplx3_mNo72,Q42290,Obligate
1316,pmet_cplx3_m,cplx3_mNo72,Q9LXJ2,Obligate
1317,pmet_cplx3_m,cplx3_mNo72,Q9LYR2,Shared
1318,pmet_cplx3_m,cplx3_mNo72,Q9SJV7,Shared
1319,pmet_cplx3_m,cplx3_mNo72,Q9SUU5,Shared
1320,pmet_cplx3_m,cplx3_mNo72,O04308,Shared
1321,pmet_cplx3_m,cplx3_mNo72,Q9FKS5,Shared
1322,pmet_cplx3_m,cplx3_mNo72,Q9FLB7,Shared
1323,pmet_cplx3_m,cplx3_mNo73,P42792,Shared
1324,pmet_cplx3_m,cplx3_mNo73,Q42290,Obligate
1325,pmet_cplx3_m,cplx3_mNo73,Q9LK29,Shared
1326,pmet_cplx3_m,cplx3_mNo73,Q9LXJ2,Obligate
1327,pmet_cplx3_m,cplx3_mNo73,Q9SJV7,Shared
1328,pmet_cplx3_m,cplx3_mNo73,Q9SUU5,Shared
1329,pmet_cplx3_m,cplx3_mNo73,Q9ZU25,Shared
1330,pmet_cplx3_m,cplx3_mNo73,Q94JS0,Shared
1331,pmet_cplx3_m,cplx3_mNo73,Q9FLB7,Shared
1332,pmet_cplx3_m,cplx3_mNo74,P42792,Shared
1333,pmet_cplx3_m,cplx3_mNo74,Q42290,Obligate
1334,pmet_cplx3_m,cplx3_mNo74,Q9LK29,Shared
1335,pmet_cplx3_m,cplx3_mNo74,Q9LXJ2,Obligate
1336,pmet_cplx3_m,cplx3_mNo74,Q9SJV7,Shared
1337,pmet_cplx3_m,cplx3_mNo74,Q9SUU5,Shared
1338,pmet_cplx3_m,cplx3_mNo74,O04308,Shared
1339,pmet_cplx3_m,cplx3_mNo74,Q94JS0,Shared
1340,pmet_cplx3_m,cplx3_mNo74,Q9FLB7,Shared
1341,pmet_cplx3_m,cplx3_mNo75,Q42290,Obligate
1342,pmet_cplx3_m,cplx3_mNo75,Q9LK29,Shared
1343,pmet_cplx3_m,cplx3_mNo75,Q9LXJ2,Obligate
1344,pmet_cplx3_m,cplx3_mNo75,Q9SJV7,Shared
1345,pmet_cplx3_m,cplx3_mNo75,Q9SUU5,Shared
1346,pmet_cplx3_m,cplx3_mNo75,Q9ZU25,Shared
1347,pmet_cplx3_m,cplx3_mNo75,Q94JS0,Shared
1348,pmet_cplx3_m,cplx3_mNo75,Q9FLB7,Shared
1349,pmet_cplx3_m,cplx3_mNo76,Q42290,Obligate
1350,pmet_cplx3_m,cplx3_mNo76,Q9LK29,Shared
1351,pmet_cplx3_m,cplx3_mNo76,Q9LXJ2,Obligate
1352,pmet_cplx3_m,cplx3_mNo76,Q9SJV7,Shared
1353,pmet_cplx3_m,cplx3_mNo76,Q9SUU5,Shared
1354,pmet_cplx3_m,cplx3_mNo76,O04308,Shared
1355,pmet_cplx3_m,cplx3_mNo76,Q94JS0,Shared
1356,pmet_cplx3_m,cplx3_mNo76,Q9FLB7,Shared
1357,pmet_cplx3_m,cplx3_mNo77,P42792,Shared
1358,pmet_cplx3_m,cplx3_mNo77,Q42290,Obligate
1359,pmet_cplx3_m,cplx3_mNo77,Q9LXJ2,Obligate
1360,pmet_cplx3_m,cplx3_mNo77,Q9SJV7,Shared
1361,pmet_cplx3_m,cplx3_mNo77,Q9SUU5,Shared
1362,pmet_cplx3_m,cplx3_mNo77,Q9ZU25,Shared
1363,pmet_cplx3_m,cplx3_mNo77,Q9FKS5,Shared
1364,pmet_cplx3_m,cplx3_mNo77,Q94JS0,Shared
1365,pmet_cplx3_m,cplx3_mNo77,Q9FLB7,Shared
1366,pmet_cplx3_m,cplx3_mNo78,P42792,Shared
1367,pmet_cplx3_m,cplx3_mNo78,Q42290,Obligate
1368,pmet_cplx3_m,cplx3_mNo78,Q9LXJ2,Obligate
1369,pmet_cplx3_m,cplx3_mNo78,Q9SJV7,Shared
1370,pmet_cplx3_m,cplx3_mNo78,Q9SUU5,Shared
1371,pmet_cplx3_m,cplx3_mNo78,O04308,Shared
1372,pmet_cplx3_m,cplx3_mNo78,Q9FKS5,Shared
1373,pmet_cplx3_m,cplx3_mNo78,Q94JS0,Shared
1374,pmet_cplx3_m,cplx3_mNo78,Q9FLB7,Shared
1375,pmet_cplx3_m,cplx3_mNo79,Q42290,Obligate
1376,pmet_cplx3_m,cplx3_mNo79,Q9LXJ2,Obligate
1377,pmet_cplx3_m,cplx3_mNo79,Q9SJV7,Shared
1378,pmet_cplx3_m,cplx3_mNo79,Q9SUU5,Shared
1379,pmet_cplx3_m,cplx3_mNo79,Q9ZU25,Shared
1380,pmet_cplx3_m,cplx3_mNo79,Q9FKS5,Shared
1381,pmet_cplx3_m,cplx3_mNo79,Q94JS0,Shared
1382,pmet_cplx3_m,cplx3_mNo79,Q9FLB7,Shared
1383,pmet_cplx3_m,cplx3_mNo80,Q42290,Obligate
1384,pmet_cplx3_m,cplx3_mNo80,Q9LXJ2,Obligate
1385,pmet_cplx3_m,cplx3_mNo80,Q9SJV7,Shared
1386,pmet_cplx3_m,cplx3_mNo80,Q9SUU5,Shared
1387,pmet_cplx3_m,cplx3_mNo80,O04308,Shared
1388,pmet_cplx3_m,cplx3_mNo80,Q9FKS5,Shared
1389,pmet_cplx3_m,cplx3_mNo80,Q94JS0,Shared
1390,pmet_cplx3_m,cplx3_mNo80,Q9FLB7,Shared
1391,pmet_cplx3_m,cplx3_mNo81,P42792,Shared
1392,pmet_cplx3_m,cplx3_mNo81,Q42290,Obligate
1393,pmet_cplx3_m,cplx3_mNo81,Q9LK29,Shared
1394,pmet_cplx3_m,cplx3_mNo81,Q9LXJ2,Obligate
1395,pmet_cplx3_m,cplx3_mNo81,Q9LYR2,Shared
1396,pmet_cplx3_m,cplx3_mNo81,Q9SUU5,Shared
1397,pmet_cplx3_m,cplx3_mNo81,Q9ZU25,Shared
1398,pmet_cplx3_m,cplx3_mNo81,Q0WWE3,Shared
1399,pmet_cplx3_m,cplx3_mNo81,Q9FLB7,Shared
1400,pmet_cplx3_m,cplx3_mNo82,P42792,Shared
1401,pmet_cplx3_m,cplx3_mNo82,Q42290,Obligate
1402,pmet_cplx3_m,cplx3_mNo82,Q9LK29,Shared
1403,pmet_cplx3_m,cplx3_mNo82,Q9LXJ2,Obligate
1404,pmet_cplx3_m,cplx3_mNo82,Q9LYR2,Shared
1405,pmet_cplx3_m,cplx3_mNo82,Q9SUU5,Shared
1406,pmet_cplx3_m,cplx3_mNo82,O04308,Shared
1407,pmet_cplx3_m,cplx3_mNo82,Q0WWE3,Shared
1408,pmet_cplx3_m,cplx3_mNo82,Q9FLB7,Shared
1409,pmet_cplx3_m,cplx3_mNo83,Q42290,Obligate
1410,pmet_cplx3_m,cplx3_mNo83,Q9LK29,Shared
1411,pmet_cplx3_m,cplx3_mNo83,Q9LXJ2,Obligate
1412,pmet_cplx3_m,cplx3_mNo83,Q9LYR2,Shared
1413,pmet_cplx3_m,cplx3_mNo83,Q9SUU5,Shared
1414,pmet_cplx3_m,cplx3_mNo83,Q9ZU25,Shared
1415,pmet_cplx3_m,cplx3_mNo83,Q0WWE3,Shared
1416,pmet_cplx3_m,cplx3_mNo83,Q9FLB7,Shared
1417,pmet_cplx3_m,cplx3_mNo84,Q42290,Obligate
1418,pmet_cplx3_m,cplx3_mNo84,Q9LK29,Shared
1419,pmet_cplx3_m,cplx3_mNo84,Q9LXJ2,Obligate
1420,pmet_cplx3_m,cplx3_mNo84,Q9LYR2,Shared
1421,pmet_cplx3_m,cplx3_mNo84,Q9SUU5,Shared
1422,pmet_cplx3_m,cplx3_mNo84,O04308,Shared
1423,pmet_cplx3_m,cplx3_mNo84,Q0WWE3,Shared
1424,pmet_cplx3_m,cplx3_mNo84,Q9FLB7,Shared
1425,pmet_cplx3_m,cplx3_mNo85,P42792,Shared
1426,pmet_cplx3_m,cplx3_mNo85,Q42290,Obligate
1427,pmet_cplx3_m,cplx3_mNo85,Q9LXJ2,Obligate
1428,pmet_cplx3_m,cplx3_mNo85,Q9LYR2,Shared
1429,pmet_cplx3_m,cplx3_mNo85,Q9SUU5,Shared
1430,pmet_cplx3_m,cplx3_mNo85,Q9ZU25,Shared
1431,pmet_cplx3_m,cplx3_mNo85,Q9FKS5,Shared
1432,pmet_cplx3_m,cplx3_mNo85,Q0WWE3,Shared
1433,pmet_cplx3_m,cplx3_mNo85,Q9FLB7,Shared
1434,pmet_cplx3_m,cplx3_mNo86,P42792,Shared
1435,pmet_cplx3_m,cplx3_mNo86,Q42290,Obligate
1436,pmet_cplx3_m,cplx3_mNo86,Q9LXJ2,Obligate
1437,pmet_cplx3_m,cplx3_mNo86,Q9LYR2,Shared
1438,pmet_cplx3_m,cplx3_mNo86,Q9SUU5,Shared
1439,pmet_cplx3_m,cplx3_mNo86,O04308,Shared
1440,pmet_cplx3_m,cplx3_mNo86,Q9FKS5,Shared
1441,pmet_cplx3_m,cplx3_mNo86,Q0WWE3,Shared
1442,pmet_cplx3_m,cplx3_mNo86,Q9FLB7,Shared
1443,pmet_cplx3_m,cplx3_mNo87,Q42290,Obligate
1444,pmet_cplx3_m,cplx3_mNo87,Q9LXJ2,Obligate
1445,pmet_cplx3_m,cplx3_mNo87,Q9LYR2,Shared
1446,pmet_cplx3_m,cplx3_mNo87,Q9SUU5,Shared
1447,pmet_cplx3_m,cplx3_mNo87,Q9ZU25,Shared
1448,pmet_cplx3_m,cplx3_mNo87,Q9FKS5,Shared
1449,pmet_cplx3_m,cplx3_mNo87,Q0WWE3,Shared
1450,pmet_cplx3_m,cplx3_mNo87,Q9FLB7,Shared
1451,pmet_cplx3_m,cplx3_mNo88,Q42290,Obligate
1452,pmet_cplx3_m,cplx3_mNo88,Q9LXJ2,Obligate
1453,pmet_cplx3_m,cplx3_mNo88,Q9LYR2,Shared
1454,pmet_cplx3_m,cplx3_mNo88,Q9SUU5,Shared
1455,pmet_cplx3_m,cplx3_mNo88,O04308,Shared
1456,pmet_cplx3_m,cplx3_mNo88,Q9FKS5,Shared
1457,pmet_cplx3_m,cplx3_mNo88,Q0WWE3,Shared
1458,pmet_cplx3_m,cplx3_mNo88,Q9FLB7,Shared
1459,pmet_cplx3_m,cplx3_mNo89,P42792,Shared
1460,pmet_cplx3_m,cplx3_mNo89,Q42290,Obligate
1461,pmet_cplx3_m,cplx3_mNo89,Q9LK29,Shared
1462,pmet_cplx3_m,cplx3_mNo89,Q9LXJ2,Obligate
1463,pmet_cplx3_m,cplx3_mNo89,Q9SUU5,Shared
1464,pmet_cplx3_m,cplx3_mNo89,Q9ZU25,Shared
1465,pmet_cplx3_m,cplx3_mNo89,Q94JS0,Shared
1466,pmet_cplx3_m,cplx3_mNo89,Q0WWE3,Shared
1467,pmet_cplx3_m,cplx3_mNo89,Q9FLB7,Shared
1468,pmet_cplx3_m,cplx3_mNo90,P42792,Shared
1469,pmet_cplx3_m,cplx3_mNo90,Q42290,Obligate
1470,pmet_cplx3_m,cplx3_mNo90,Q9LK29,Shared
1471,pmet_cplx3_m,cplx3_mNo90,Q9LXJ2,Obligate
1472,pmet_cplx3_m,cplx3_mNo90,Q9SUU5,Shared
1473,pmet_cplx3_m,cplx3_mNo90,O04308,Shared
1474,pmet_cplx3_m,cplx3_mNo90,Q94JS0,Shared
1475,pmet_cplx3_m,cplx3_mNo90,Q0WWE3,Shared
1476,pmet_cplx3_m,cplx3_mNo90,Q9FLB7,Shared
1477,pmet_cplx3_m,cplx3_mNo91,Q42290,Obligate
1478,pmet_cplx3_m,cplx3_mNo91,Q9LK29,Shared
1479,pmet_cplx3_m,cplx3_mNo91,Q9LXJ2,Obligate
1480,pmet_cplx3_m,cplx3_mNo91,Q9SUU5,Shared
1481,pmet_cplx3_m,cplx3_mNo91,Q9ZU25,Shared
1482,pmet_cplx3_m,cplx3_mNo91,Q94JS0,Shared
1483,pmet_cplx3_m,cplx3_mNo91,Q0WWE3,Shared
1484,pmet_cplx3_m,cplx3_mNo91,Q9FLB7,Shared
1485,pmet_cplx3_m,cplx3_mNo92,Q42290,Obligate
1486,pmet_cplx3_m,cplx3_mNo92,Q9LK29,Shared
1487,pmet_cplx3_m,cplx3_mNo92,Q9LXJ2,Obligate
1488,pmet_cplx3_m,cplx3_mNo92,Q9SUU5,Shared
1489,pmet_cplx3_m,cplx3_mNo92,O04308,Shared
1490,pmet_cplx3_m,cplx3_mNo92,Q94JS0,Shared
1491,pmet_cplx3_m,cplx3_mNo92,Q0WWE3,Shared
1492,pmet_cplx3_m,cplx3_mNo92,Q9FLB7,Shared
1493,pmet_cplx3_m,cplx3_mNo93,P42792,Shared
1494,pmet_cplx3_m,cplx3_mNo93,Q42290,Obligate
1495,pmet_cplx3_m,cplx3_mNo93,Q9LXJ2,Obligate
1496,pmet_cplx3_m,cplx3_mNo93,Q9SUU5,Shared
1497,pmet_cplx3_m,cplx3_mNo93,Q9ZU25,Shared
1498,pmet_cplx3_m,cplx3_mNo93,Q9FKS5,Shared
1499,pmet_cplx3_m,cplx3_mNo93,Q94JS0,Shared
1500,pmet_cplx3_m,cplx3_mNo93,Q0WWE3,Shared
1501,pmet_cplx3_m,cplx3_mNo93,Q9FLB7,Shared
1502,pmet_cplx3_m,cplx3_mNo94,P42792,Shared
1503,pmet_cplx3_m,cplx3_mNo94,Q42290,Obligate
1504,pmet_cplx3_m,cplx3_mNo94,Q9LXJ2,Obligate
1505,pmet_cplx3_m,cplx3_mNo94,Q9SUU5,Shared
1506,pmet_cplx3_m,cplx3_mNo94,O04308,Shared
1507,pmet_cplx3_m,cplx3_mNo94,Q9FKS5,Shared
1508,pmet_cplx3_m,cplx3_mNo94,Q94JS0,Shared
1509,pmet_cplx3_m,cplx3_mNo94,Q0WWE3,Shared
1510,pmet_cplx3_m,cplx3_mNo94,Q9FLB7,Shared
1511,pmet_cplx3_m,cplx3_mNo95,Q42290,Obligate
1512,pmet_cplx3_m,cplx3_mNo95,Q9LXJ2,Obligate
1513,pmet_cplx3_m,cplx3_mNo95,Q9SUU5,Shared
1514,pmet_cplx3_m,cplx3_mNo95,Q9ZU25,Shared
1515,pmet_cplx3_m,cplx3_mNo95,Q9FKS5,Shared
1516,pmet_cplx3_m,cplx3_mNo95,Q94JS0,Shared
1517,pmet_cplx3_m,cplx3_mNo95,Q0WWE3,Shared
1518,pmet_cplx3_m,cplx3_mNo95,Q9FLB7,Shared
1519,pmet_cplx3_m,cplx3_mNo96,Q42290,Obligate
1520,pmet_cplx3_m,cplx3_mNo96,Q9LXJ2,Obligate
1521,pmet_cplx3_m,cplx3_mNo96,Q9SUU5,Shared
1522,pmet_cplx3_m,cplx3_mNo96,O04308,Shared
1523,pmet_cplx3_m,cplx3_mNo96,Q9FKS5,Shared
1524,pmet_cplx3_m,cplx3_mNo96,Q94JS0,Shared
1525,pmet_cplx3_m,cplx3_mNo96,Q0WWE3,Shared
1526,pmet_cplx3_m,cplx3_mNo96,Q9FLB7,Shared
1527,pmet_cplx3_m,cplx3_mNo97,P42792,Shared
1528,pmet_cplx3_m,cplx3_mNo97,Q42290,Obligate
1529,pmet_cplx3_m,cplx3_mNo97,Q9LK29,Shared
1530,pmet_cplx3_m,cplx3_mNo97,Q9LXJ2,Obligate
1531,pmet_cplx3_m,cplx3_mNo97,Q9LYR2,Shared
1532,pmet_cplx3_m,cplx3_mNo97,Q9SJV7,Shared
1533,pmet_cplx3_m,cplx3_mNo97,Q9ZU25,Shared
1534,pmet_cplx3_m,cplx3_mNo97,F4JWS8,Shared
1535,pmet_cplx3_m,cplx3_mNo97,Q9FLB7,Shared
1536,pmet_cplx3_m,cplx3_mNo98,P42792,Shared
1537,pmet_cplx3_m,cplx3_mNo98,Q42290,Obligate
1538,pmet_cplx3_m,cplx3_mNo98,Q9LK29,Shared
1539,pmet_cplx3_m,cplx3_mNo98,Q9LXJ2,Obligate
1540,pmet_cplx3_m,cplx3_mNo98,Q9LYR2,Shared
1541,pmet_cplx3_m,cplx3_mNo98,Q9SJV7,Shared
1542,pmet_cplx3_m,cplx3_mNo98,O04308,Shared
1543,pmet_cplx3_m,cplx3_mNo98,F4JWS8,Shared
1544,pmet_cplx3_m,cplx3_mNo98,Q9FLB7,Shared
1545,pmet_cplx3_m,cplx3_mNo99,Q42290,Obligate
1546,pmet_cplx3_m,cplx3_mNo99,Q9LK29,Shared
1547,pmet_cplx3_m,cplx3_mNo99,Q9LXJ2,Obligate
1548,pmet_cplx3_m,cplx3_mNo99,Q9LYR2,Shared
1549,pmet_cplx3_m,cplx3_mNo99,Q9SJV7,Shared
1550,pmet_cplx3_m,cplx3_mNo99,Q9ZU25,Shared
1551,pmet_cplx3_m,cplx3_mNo99,F4JWS8,Shared
1552,pmet_cplx3_m,cplx3_mNo99,Q9FLB7,Shared
1553,pmet_cplx3_m,cplx3_mNo100,Q42290,Obligate
1554,pmet_cplx3_m,cplx3_mNo100,Q9LK29,Shared
1555,pmet_cplx3_m,cplx3_mNo100,Q9LXJ2,Obligate
1556,pmet_cplx3_m,cplx3_mNo100,Q9LYR2,Shared
1557,pmet_cplx3_m,cplx3_mNo100,Q9SJV7,Shared
1558,pmet_cplx3_m,cplx3_mNo100,O04308,Shared
1559,pmet_cplx3_m,cplx3_mNo100,F4JWS8,Shared
1560,pmet_cplx3_m,cplx3_mNo100,Q9FLB7,Shared
1561,pmet_cplx3_m,cplx3_mNo101,P42792,Shared
1562,pmet_cplx3_m,cplx3_mNo101,Q42290,Obligate
1563,pmet_cplx3_m,cplx3_mNo101,Q9LXJ2,Obligate
1564,pmet_cplx3_m,cplx3_mNo101,Q9LYR2,Shared
1565,pmet_cplx3_m,cplx3_mNo101,Q9SJV7,Shared
1566,pmet_cplx3_m,cplx3_mNo101,Q9ZU25,Shared
1567,pmet_cplx3_m,cplx3_mNo101,Q9FKS5,Shared
1568,pmet_cplx3_m,cplx3_mNo101,F4JWS8,Shared
1569,pmet_cplx3_m,cplx3_mNo101,Q9FLB7,Shared
1570,pmet_cplx3_m,cplx3_mNo102,P42792,Shared
1571,pmet_cplx3_m,cplx3_mNo102,Q42290,Obligate
1572,pmet_cplx3_m,cplx3_mNo102,Q9LXJ2,Obligate
1573,pmet_cplx3_m,cplx3_mNo102,Q9LYR2,Shared
1574,pmet_cplx3_m,cplx3_mNo102,Q9SJV7,Shared
1575,pmet_cplx3_m,cplx3_mNo102,O04308,Shared
1576,pmet_cplx3_m,cplx3_mNo102,Q9FKS5,Shared
1577,pmet_cplx3_m,cplx3_mNo102,F4JWS8,Shared
1578,pmet_cplx3_m,cplx3_mNo102,Q9FLB7,Shared
1579,pmet_cplx3_m,cplx3_mNo103,Q42290,Obligate
1580,pmet_cplx3_m,cplx3_mNo103,Q9LXJ2,Obligate
1581,pmet_cplx3_m,cplx3_mNo103,Q9LYR2,Shared
1582,pmet_cplx3_m,cplx3_mNo103,Q9SJV7,Shared
1583,pmet_cplx3_m,cplx3_mNo103,Q9ZU25,Shared
1584,pmet_cplx3_m,cplx3_mNo103,Q9FKS5,Shared
1585,pmet_cplx3_m,cplx3_mNo103,F4JWS8,Shared
1586,pmet_cplx3_m,cplx3_mNo103,Q9FLB7,Shared
1587,pmet_cplx3_m,cplx3_mNo104,Q42290,Obligate
1588,pmet_cplx3_m,cplx3_mNo104,Q9LXJ2,Obligate
1589,pmet_cplx3_m,cplx3_mNo104,Q9LYR2,Shared
1590,pmet_cplx3_m,cplx3_mNo104,Q9SJV7,Shared
1591,pmet_cplx3_m,cplx3_mNo104,O04308,Shared
1592,pmet_cplx3_m,cplx3_mNo104,Q9FKS5,Shared
1593,pmet_cplx3_m,cplx3_mNo104,F4JWS8,Shared
1594,pmet_cplx3_m,cplx3_mNo104,Q9FLB7,Shared
1595,pmet_cplx3_m,cplx3_mNo105,P42792,Shared
1596,pmet_cplx3_m,cplx3_mNo105,Q42290,Obligate
1597,pmet_cplx3_m,cplx3_mNo105,Q9LK29,Shared
1598,pmet_cplx3_m,cplx3_mNo105,Q9LXJ2,Obligate
1599,pmet_cplx3_m,cplx3_mNo105,Q9SJV7,Shared
1600,pmet_cplx3_m,cplx3_mNo105,Q9ZU25,Shared
1601,pmet_cplx3_m,cplx3_mNo105,Q94JS0,Shared
1602,pmet_cplx3_m,cplx3_mNo105,F4JWS8,Shared
1603,pmet_cplx3_m,cplx3_mNo105,Q9FLB7,Shared
1604,pmet_cplx3_m,cplx3_mNo106,P42792,Shared
1605,pmet_cplx3_m,cplx3_mNo106,Q42290,Obligate
1606,pmet_cplx3_m,cplx3_mNo106,Q9LK29,Shared
1607,pmet_cplx3_m,cplx3_mNo106,Q9LXJ2,Obligate
1608,pmet_cplx3_m,cplx3_mNo106,Q9SJV7,Shared
1609,pmet_cplx3_m,cplx3_mNo106,O04308,Shared
1610,pmet_cplx3_m,cplx3_mNo106,Q94JS0,Shared
1611,pmet_cplx3_m,cplx3_mNo106,F4JWS8,Shared
1612,pmet_cplx3_m,cplx3_mNo106,Q9FLB7,Shared
1613,pmet_cplx3_m,cplx3_mNo107,Q42290,Obligate
1614,pmet_cplx3_m,cplx3_mNo107,Q9LK29,Shared
1615,pmet_cplx3_m,cplx3_mNo107,Q9LXJ2,Obligate
1616,pmet_cplx3_m,cplx3_mNo107,Q9SJV7,Shared
1617,pmet_cplx3_m,cplx3_mNo107,Q9ZU25,Shared
1618,pmet_cplx3_m,cplx3_mNo107,Q94JS0,Shared
1619,pmet_cplx3_m,cplx3_mNo107,F4JWS8,Shared
1620,pmet_cplx3_m,cplx3_mNo107,Q9FLB7,Shared
1621,pmet_cplx3_m,cplx3_mNo108,Q42290,Obligate
1622,pmet_cplx3_m,cplx3_mNo108,Q9LK29,Shared
1623,pmet_cplx3_m,cplx3_mNo108,Q9LXJ2,Obligate
1624,pmet_cplx3_m,cplx3_mNo108,Q9SJV7,Shared
1625,pmet_cplx3_m,cplx3_mNo108,O04308,Shared
1626,pmet_cplx3_m,cplx3_mNo108,Q94JS0,Shared
1627,pmet_cplx3_m,cplx3_mNo108,F4JWS8,Shared
1628,pmet_cplx3_m,cplx3_mNo108,Q9FLB7,Shared
1629,pmet_cplx3_m,cplx3_mNo109,P42792,Shared
1630,pmet_cplx3_m,cplx3_mNo109,Q42290,Obligate
1631,pmet_cplx3_m,cplx3_mNo109,Q9LXJ2,Obligate
1632,pmet_cplx3_m,cplx3_mNo109,Q9SJV7,Shared
1633,pmet_cplx3_m,cplx3_mNo109,Q9ZU25,Shared
1634,pmet_cplx3_m,cplx3_mNo109,Q9FKS5,Shared
1635,pmet_cplx3_m,cplx3_mNo109,Q94JS0,Shared
1636,pmet_cplx3_m,cplx3_mNo109,F4JWS8,Shared
1637,pmet_cplx3_m,cplx3_mNo109,Q9FLB7,Shared
1638,pmet_cplx3_m,cplx3_mNo110,P42792,Shared
1639,pmet_cplx3_m,cplx3_mNo110,Q42290,Obligate
1640,pmet_cplx3_m,cplx3_mNo110,Q9LXJ2,Obligate
1641,pmet_cplx3_m,cplx3_mNo110,Q9SJV7,Shared
1642,pmet_cplx3_m,cplx3_mNo110,O04308,Shared
1643,pmet_cplx3_m,cplx3_mNo110,Q9FKS5,Shared
1644,pmet_cplx3_m,cplx3_mNo110,Q94JS0,Shared
1645,pmet_cplx3_m,cplx3_mNo110,F4JWS8,Shared
1646,pmet_cplx3_m,cplx3_mNo110,Q9FLB7,Shared
1647,pmet_cplx3_m,cplx3_mNo111,Q42290,Obligate
1648,pmet_cplx3_m,cplx3_mNo111,Q9LXJ2,Obligate
1649,pmet_cplx3_m,cplx3_mNo111,Q9SJV7,Shared
1650,pmet_cplx3_m,cplx3_mNo111,Q9ZU25,Shared
1651,pmet_cplx3_m,cplx3_mNo111,Q9FKS5,Shared
1652,pmet_cplx3_m,cplx3_mNo111,Q94JS0,Shared
1653,pmet_cplx3_m,cplx3_mNo111,F4JWS8,Shared
1654,pmet_cplx3_m,cplx3_mNo111,Q9FLB7,Shared
1655,pmet_cplx3_m,cplx3_mNo112,Q42290,Obligate
1656,pmet_cplx3_m,cplx3_mNo112,Q9LXJ2,Obligate
1657,pmet_cplx3_m,cplx3_mNo112,Q9SJV7,Shared
1658,pmet_cplx3_m,cplx3_mNo112,O04308,Shared
1659,pmet_cplx3_m,cplx3_mNo112,Q9FKS5,Shared
1660,pmet_cplx3_m,cplx3_mNo112,Q94JS0,Shared
1661,pmet_cplx3_m,cplx3_mNo112,F4JWS8,Shared
1662,pmet_cplx3_m,cplx3_mNo112,Q9FLB7,Shared
1663,pmet_cplx3_m,cplx3_mNo113,P42792,Shared
1664,pmet_cplx3_m,cplx3_mNo113,Q42290,Obligate
1665,pmet_cplx3_m,cplx3_mNo113,Q9LK29,Shared
1666,pmet_cplx3_m,cplx3_mNo113,Q9LXJ2,Obligate
1667,pmet_cplx3_m,cplx3_mNo113,Q9LYR2,Shared
1668,pmet_cplx3_m,cplx3_mNo113,Q9ZU25,Shared
1669,pmet_cplx3_m,cplx3_mNo113,Q0WWE3,Shared
1670,pmet_cplx3_m,cplx3_mNo113,F4JWS8,Shared
1671,pmet_cplx3_m,cplx3_mNo113,Q9FLB7,Shared
1672,pmet_cplx3_m,cplx3_mNo114,P42792,Shared
1673,pmet_cplx3_m,cplx3_mNo114,Q42290,Obligate
1674,pmet_cplx3_m,cplx3_mNo114,Q9LK29,Shared
1675,pmet_cplx3_m,cplx3_mNo114,Q9LXJ2,Obligate
1676,pmet_cplx3_m,cplx3_mNo114,Q9LYR2,Shared
1677,pmet_cplx3_m,cplx3_mNo114,O04308,Shared
1678,pmet_cplx3_m,cplx3_mNo114,Q0WWE3,Shared
1679,pmet_cplx3_m,cplx3_mNo114,F4JWS8,Shared
1680,pmet_cplx3_m,cplx3_mNo114,Q9FLB7,Shared
1681,pmet_cplx3_m,cplx3_mNo115,Q42290,Obligate
1682,pmet_cplx3_m,cplx3_mNo115,Q9LK29,Shared
1683,pmet_cplx3_m,cplx3_mNo115,Q9LXJ2,Obligate
1684,pmet_cplx3_m,cplx3_mNo115,Q9LYR2,Shared
1685,pmet_cplx3_m,cplx3_mNo115,Q9ZU25,Shared
1686,pmet_cplx3_m,cplx3_mNo115,Q0WWE3,Shared
1687,pmet_cplx3_m,cplx3_mNo115,F4JWS8,Shared
1688,pmet_cplx3_m,cplx3_mNo115,Q9FLB7,Shared
1689,pmet_cplx3_m,cplx3_mNo116,Q42290,Obligate
1690,pmet_cplx3_m,cplx3_mNo116,Q9LK29,Shared
1691,pmet_cplx3_m,cplx3_mNo116,Q9LXJ2,Obligate
1692,pmet_cplx3_m,cplx3_mNo116,Q9LYR2,Shared
1693,pmet_cplx3_m,cplx3_mNo116,O04308,Shared
1694,pmet_cplx3_m,cplx3_mNo116,Q0WWE3,Shared
1695,pmet_cplx3_m,cplx3_mNo116,F4JWS8,Shared
1696,pmet_cplx3_m,cplx3_mNo116,Q9FLB7,Shared
1697,pmet_cplx3_m,cplx3_mNo117,P42792,Shared
1698,pmet_cplx3_m,cplx3_mNo117,Q42290,Obligate
1699,pmet_cplx3_m,cplx3_mNo117,Q9LXJ2,Obligate
1700,pmet_cplx3_m,cplx3_mNo117,Q9LYR2,Shared
1701,pmet_cplx3_m,cplx3_mNo117,Q9ZU25,Shared
1702,pmet_cplx3_m,cplx3_mNo117,Q9FKS5,Shared
1703,pmet_cplx3_m,cplx3_mNo117,Q0WWE3,Shared
1704,pmet_cplx3_m,cplx3_mNo117,F4JWS8,Shared
1705,pmet_cplx3_m,cplx3_mNo117,Q9FLB7,Shared
1706,pmet_cplx3_m,cplx3_mNo118,P42792,Shared
1707,pmet_cplx3_m,cplx3_mNo118,Q42290,Obligate
1708,pmet_cplx3_m,cplx3_mNo118,Q9LXJ2,Obligate
1709,pmet_cplx3_m,cplx3_mNo118,Q9LYR2,Shared
1710,pmet_cplx3_m,cplx3_mNo118,O04308,Shared
1711,pmet_cplx3_m,cplx3_mNo118,Q9FKS5,Shared
1712,pmet_cplx3_m,cplx3_mNo118,Q0WWE3,Shared
1713,pmet_cplx3_m,cplx3_mNo118,F4JWS8,Shared
1714,pmet_cplx3_m,cplx3_mNo118,Q9FLB7,Shared
1715,pmet_cplx3_m,cplx3_mNo119,Q42290,Obligate
1716,pmet_cplx3_m,cplx3_mNo119,Q9LXJ2,Obligate
1717,pmet_cplx3_m,cplx3_mNo119,Q9LYR2,Shared
1718,pmet_cplx3_m,cplx3_mNo119,Q9ZU25,Shared
1719,pmet_cplx3_m,cplx3_mNo119,Q9FKS5,Shared
1720,pmet_cplx3_m,cplx3_mNo119,Q0WWE3,Shared
1721,pmet_cplx3_m,cplx3_mNo119,F4JWS8,Shared
1722,pmet_cplx3_m,cplx3_mNo119,Q9FLB7,Shared
1723,pmet_cplx3_m,cplx3_mNo120,Q42290,Obligate
1724,pmet_cplx3_m,cplx3_mNo120,Q9LXJ2,Obligate
1725,pmet_cplx3_m,cplx3_mNo120,Q9LYR2,Shared
1726,pmet_cplx3_m,cplx3_mNo120,O04308,Shared
1727,pmet_cplx3_m,cplx3_mNo120,Q9FKS5,Shared
1728,pmet_cplx3_m,cplx3_mNo120,Q0WWE3,Shared
1729,pmet_cplx3_m,cplx3_mNo120,F4JWS8,Shared
1730,pmet_cplx3_m,cplx3_mNo120,Q9FLB7,Shared
1731,pmet_cplx3_m,cplx3_mNo121,P42792,Shared
1732,pmet_cplx3_m,cplx3_mNo121,Q42290,Obligate
1733,pmet_cplx3_m,cplx3_mNo121,Q9LK29,Shared
1734,pmet_cplx3_m,cplx3_mNo121,Q9LXJ2,Obligate
1735,pmet_cplx3_m,cplx3_mNo121,Q9ZU25,Shared
1736,pmet_cplx3_m,cplx3_mNo121,Q94JS0,Shared
1737,pmet_cplx3_m,cplx3_mNo121,Q0WWE3,Shared
1738,pmet_cplx3_m,cplx3_mNo121,F4JWS8,Shared
1739,pmet_cplx3_m,cplx3_mNo121,Q9FLB7,Shared
1740,pmet_cplx3_m,cplx3_mNo122,P42792,Shared
1741,pmet_cplx3_m,cplx3_mNo122,Q42290,Obligate
1742,pmet_cplx3_m,cplx3_mNo122,Q9LK29,Shared
1743,pmet_cplx3_m,cplx3_mNo122,Q9LXJ2,Obligate
1744,pmet_cplx3_m,cplx3_mNo122,O04308,Shared
1745,pmet_cplx3_m,cplx3_mNo122,Q94JS0,Shared
1746,pmet_cplx3_m,cplx3_mNo122,Q0WWE3,Shared
1747,pmet_cplx3_m,cplx3_mNo122,F4JWS8,Shared
1748,pmet_cplx3_m,cplx3_mNo122,Q9FLB7,Shared
1749,pmet_cplx3_m,cplx3_mNo123,Q42290,Obligate
1750,pmet_cplx3_m,cplx3_mNo123,Q9LK29,Shared
1751,pmet_cplx3_m,cplx3_mNo123,Q9LXJ2,Obligate
1752,pmet_cplx3_m,cplx3_mNo123,Q9ZU25,Shared
1753,pmet_cplx3_m,cplx3_mNo123,Q94JS0,Shared
1754,pmet_cplx3_m,cplx3_mNo123,Q0WWE3,Shared
1755,pmet_cplx3_m,cplx3_mNo123,F4JWS8,Shared
1756,pmet_cplx3_m,cplx3_mNo123,Q9FLB7,Shared
1757,pmet_cplx3_m,cplx3_mNo124,Q42290,Obligate
1758,pmet_cplx3_m,cplx3_mNo124,Q9LK29,Shared
1759,pmet_cplx3_m,cplx3_mNo124,Q9LXJ2,Obligate
1760,pmet_cplx3_m,cplx3_mNo124,O04308,Shared
1761,pmet_cplx3_m,cplx3_mNo124,Q94JS0,Shared
1762,pmet_cplx3_m,cplx3_mNo124,Q0WWE3,Shared
1763,pmet_cplx3_m,cplx3_mNo124,F4JWS8,Shared
1764,pmet_cplx3_m,cplx3_mNo124,Q9FLB7,Shared
1765,pmet_cplx3_m,cplx3_mNo125,P42792,Shared
1766,pmet_cplx3_m,cplx3_mNo125,Q42290,Obligate
1767,pmet_cplx3_m,cplx3_mNo125,Q9LXJ2,Obligate
1768,pmet_cplx3_m,cplx3_mNo125,Q9ZU25,Shared
1769,pmet_cplx3_m,cplx3_mNo125,Q9FKS5,Shared
1770,pmet_cplx3_m,cplx3_mNo125,Q94JS0,Shared
1771,pmet_cplx3_m,cplx3_mNo125,Q0WWE3,Shared
1772,pmet_cplx3_m,cplx3_mNo125,F4JWS8,Shared
1773,pmet_cplx3_m,cplx3_mNo125,Q9FLB7,Shared
1774,pmet_cplx3_m,cplx3_mNo126,P42792,Shared
1775,pmet_cplx3_m,cplx3_mNo126,Q42290,Obligate
1776,pmet_cplx3_m,cplx3_mNo126,Q9LXJ2,Obligate
1777,pmet_cplx3_m,cplx3_mNo126,O04308,Shared
1778,pmet_cplx3_m,cplx3_mNo126,Q9FKS5,Shared
1779,pmet_cplx3_m,cplx3_mNo126,Q94JS0,Shared
1780,pmet_cplx3_m,cplx3_mNo126,Q0WWE3,Shared
1781,pmet_cplx3_m,cplx3_mNo126,F4JWS8,Shared
1782,pmet_cplx3_m,cplx3_mNo126,Q9FLB7,Shared
1783,pmet_cplx3_m,cplx3_mNo127,Q42290,Obligate
1784,pmet_cplx3_m,cplx3_mNo127,Q9LXJ2,Obligate
1785,pmet_cplx3_m,cplx3_mNo127,Q9ZU25,Shared
1786,pmet_cplx3_m,cplx3_mNo127,Q9FKS5,Shared
1787,pmet_cplx3_m,cplx3_mNo127,Q94JS0,Shared
1788,pmet_cplx3_m,cplx3_mNo127,Q0WWE3,Shared
1789,pmet_cplx3_m,cplx3_mNo127,F4JWS8,Shared
1790,pmet_cplx3_m,cplx3_mNo127,Q9FLB7,Shared
1791,pmet_cplx3_m,cplx3_mNo128,Q42290,Obligate
1792,pmet_cplx3_m,cplx3_mNo128,Q9LXJ2,Obligate
1793,pmet_cplx3_m,cplx3_mNo128,O04308,Shared
1794,pmet_cplx3_m,cplx3_mNo128,Q9FKS5,Shared
1795,pmet_cplx3_m,cplx3_mNo128,Q94JS0,Shared
1796,pmet_cplx3_m,cplx3_mNo128,Q0WWE3,Shared
1797,pmet_cplx3_m,cplx3_mNo128,F4JWS8,Shared
1798,pmet_cplx3_m,cplx3_mNo128,Q9FLB7,Shared
1799,pmet_cplx4_m,cplx4_mNo1,O22912,Shared
1800,pmet_cplx4_m,cplx4_mNo1,P60620,Obligate
1801,pmet_cplx4_m,cplx4_mNo1,P93285,Obligate
1802,pmet_cplx4_m,cplx4_mNo1,Q9LW15,Shared
1803,pmet_cplx4_m,cplx4_mNo1,Q9S7L9,Shared
1804,pmet_cplx4_m,cplx4_mNo1,Q9SZT8,Obligate
1805,pmet_cplx4_m,cplx4_mNo2,O22912,Shared
1806,pmet_cplx4_m,cplx4_mNo2,P60620,Obligate
1807,pmet_cplx4_m,cplx4_mNo2,P93285,Obligate
1808,pmet_cplx4_m,cplx4_mNo2,Q9S7L9,Shared
1809,pmet_cplx4_m,cplx4_mNo2,Q9SZT8,Obligate
1810,pmet_cplx4_m,cplx4_mNo2,Q9SSB8,Shared
1811,pmet_cplx4_m,cplx4_mNo3,P60620,Obligate
1812,pmet_cplx4_m,cplx4_mNo3,P93285,Obligate
1813,pmet_cplx4_m,cplx4_mNo3,Q9LW15,Shared
1814,pmet_cplx4_m,cplx4_mNo3,Q9S7L9,Shared
1815,pmet_cplx4_m,cplx4_mNo3,Q9SZT8,Obligate
1816,pmet_cplx4_m,cplx4_mNo3,Q9LZQ0,Shared
1817,pmet_cplx4_m,cplx4_mNo4,P60620,Obligate
1818,pmet_cplx4_m,cplx4_mNo4,P93285,Obligate
1819,pmet_cplx4_m,cplx4_mNo4,Q9S7L9,Shared
1820,pmet_cplx4_m,cplx4_mNo4,Q9SZT8,Obligate
1821,pmet_cplx4_m,cplx4_mNo4,Q9SSB8,Shared
1822,pmet_cplx4_m,cplx4_mNo4,Q9LZQ0,Shared
1823,pmet_cplx4_m,cplx4_mNo5,P60620,Obligate
1824,pmet_cplx4_m,cplx4_mNo5,P93285,Obligate
1825,pmet_cplx4_m,cplx4_mNo5,Q9LW15,Shared
1826,pmet_cplx4_m,cplx4_mNo5,Q9S7L9,Shared
1827,pmet_cplx4_m,cplx4_mNo5,Q9SZT8,Obligate
1828,pmet_cplx4_m,cplx4_mNo5,Q9FLK2,Shared
1829,pmet_cplx4_m,cplx4_mNo6,P60620,Obligate
1830,pmet_cplx4_m,cplx4_mNo6,P93285,Obligate
1831,pmet_cplx4_m,cplx4_mNo6,Q9S7L9,Shared
1832,pmet_cplx4_m,cplx4_mNo6,Q9SZT8,Obligate
1833,pmet_cplx4_m,cplx4_mNo6,Q9SSB8,Shared
1834,pmet_cplx4_m,cplx4_mNo6,Q9FLK2,Shared
1835,pmet_cplx4_m,cplx4_mNo7,O22912,Shared
1836,pmet_cplx4_m,cplx4_mNo7,P60620,Obligate
1837,pmet_cplx4_m,cplx4_mNo7,P93285,Obligate
1838,pmet_cplx4_m,cplx4_mNo7,Q9LW15,Shared
1839,pmet_cplx4_m,cplx4_mNo7,Q9SZT8,Obligate
1840,pmet_cplx4_m,cplx4_mNo7,Q945L0,Shared
1841,pmet_cplx4_m,cplx4_mNo8,O22912,Shared
1842,pmet_cplx4_m,cplx4_mNo8,P60620,Obligate
1843,pmet_cplx4_m,cplx4_mNo8,P93285,Obligate
1844,pmet_cplx4_m,cplx4_mNo8,Q9SZT8,Obligate
1845,pmet_cplx4_m,cplx4_mNo8,Q9SSB8,Shared
1846,pmet_cplx4_m,cplx4_mNo8,Q945L0,Shared
1847,pmet_cplx4_m,cplx4_mNo9,P60620,Obligate
1848,pmet_cplx4_m,cplx4_mNo9,P93285,Obligate
1849,pmet_cplx4_m,cplx4_mNo9,Q9LW15,Shared
1850,pmet_cplx4_m,cplx4_mNo9,Q9SZT8,Obligate
1851,pmet_cplx4_m,cplx4_mNo9,Q9LZQ0,Shared
1852,pmet_cplx4_m,cplx4_mNo9,Q945L0,Shared
1853,pmet_cplx4_m,cplx4_mNo10,P60620,Obligate
1854,pmet_cplx4_m,cplx4_mNo10,P93285,Obligate
1855,pmet_cplx4_m,cplx4_mNo10,Q9SZT8,Obligate
1856,pmet_cplx4_m,cplx4_mNo10,Q9SSB8,Shared
1857,pmet_cplx4_m,cplx4_mNo10,Q9LZQ0,Shared
1858,pmet_cplx4_m,cplx4_mNo10,Q945L0,Shared
1859,pmet_cplx4_m,cplx4_mNo11,P60620,Obligate
1860,pmet_cplx4_m,cplx4_mNo11,P93285,Obligate
1861,pmet_cplx4_m,cplx4_mNo11,Q9LW15,Shared
1862,pmet_cplx4_m,cplx4_mNo11,Q9SZT8,Obligate
1863,pmet_cplx4_m,cplx4_mNo11,Q9FLK2,Shared
1864,pmet_cplx4_m,cplx4_mNo11,Q945L0,Shared
1865,pmet_cplx4_m,cplx4_mNo12,P60620,Obligate
1866,pmet_cplx4_m,cplx4_mNo12,P93285,Obligate
1867,pmet_cplx4_m,cplx4_mNo12,Q9SZT8,Obligate
1868,pmet_cplx4_m,cplx4_mNo12,Q9SSB8,Shared
1869,pmet_cplx4_m,cplx4_mNo12,Q9FLK2,Shared
1870,pmet_cplx4_m,cplx4_mNo12,Q945L0,Shared
1871,pmet_cplx4_m,cplx4_mNo13,O22912,Shared
1872,pmet_cplx4_m,cplx4_mNo13,P60620,Obligate
1873,pmet_cplx4_m,cplx4_mNo13,P93285,Obligate
1874,pmet_cplx4_m,cplx4_mNo13,Q9LW15,Shared
1875,pmet_cplx4_m,cplx4_mNo13,Q9SZT8,Obligate
1876,pmet_cplx4_m,cplx4_mNo13,Q9SUD3,Shared
1877,pmet_cplx4_m,cplx4_mNo14,O22912,Shared
1878,pmet_cplx4_m,cplx4_mNo14,P60620,Obligate
1879,pmet_cplx4_m,cplx4_mNo14,P93285,Obligate
1880,pmet_cplx4_m,cplx4_mNo14,Q9SZT8,Obligate
1881,pmet_cplx4_m,cplx4_mNo14,Q9SSB8,Shared
1882,pmet_cplx4_m,cplx4_mNo14,Q9SUD3,Shared
1883,pmet_cplx4_m,cplx4_mNo15,P60620,Obligate
1884,pmet_cplx4_m,cplx4_mNo15,P93285,Obligate
1885,pmet_cplx4_m,cplx4_mNo15,Q9LW15,Shared
1886,pmet_cplx4_m,cplx4_mNo15,Q9SZT8,Obligate
1887,pmet_cplx4_m,cplx4_mNo15,Q9LZQ0,Shared
1888,pmet_cplx4_m,cplx4_mNo15,Q9SUD3,Shared
1889,pmet_cplx4_m,cplx4_mNo16,P60620,Obligate
1890,pmet_cplx4_m,cplx4_mNo16,P93285,Obligate
1891,pmet_cplx4_m,cplx4_mNo16,Q9SZT8,Obligate
1892,pmet_cplx4_m,cplx4_mNo16,Q9SSB8,Shared
1893,pmet_cplx4_m,cplx4_mNo16,Q9LZQ0,Shared
1894,pmet_cplx4_m,cplx4_mNo16,Q9SUD3,Shared
1895,pmet_cplx4_m,cplx4_mNo17,P60620,Obligate
1896,pmet_cplx4_m,cplx4_mNo17,P93285,Obligate
1897,pmet_cplx4_m,cplx4_mNo17,Q9LW15,Shared
1898,pmet_cplx4_m,cplx4_mNo17,Q9SZT8,Obligate
1899,pmet_cplx4_m,cplx4_mNo17,Q9FLK2,Shared
1900,pmet_cplx4_m,cplx4_mNo17,Q9SUD3,Shared
1901,pmet_cplx4_m,cplx4_mNo18,P60620,Obligate
1902,pmet_cplx4_m,cplx4_mNo18,P93285,Obligate
1903,pmet_cplx4_m,cplx4_mNo18,Q9SZT8,Obligate
1904,pmet_cplx4_m,cplx4_mNo18,Q9SSB8,Shared
1905,pmet_cplx4_m,cplx4_mNo18,Q9FLK2,Shared
1906,pmet_cplx4_m,cplx4_mNo18,Q9SUD3,Shared
1907,pmet_cplx5_m,cplx5_mNo1,P60112,Shared
1908,pmet_cplx5_m,cplx5_mNo1,P83483,Shared
1909,pmet_cplx5_m,cplx5_mNo1,P92549,Obligate
1910,pmet_cplx5_m,cplx5_mNo1,Q04613,Shared
1911,pmet_cplx5_m,cplx5_mNo1,Q96250,Obligate
1912,pmet_cplx5_m,cplx5_mNo1,Q96251,Shared
1913,pmet_cplx5_m,cplx5_mNo1,Q96253,Obligate
1914,pmet_cplx5_m,cplx5_mNo1,Q9FT52,Obligate
1915,pmet_cplx5_m,cplx5_mNo2,P60112,Shared
1916,pmet_cplx5_m,cplx5_mNo2,P92549,Obligate
1917,pmet_cplx5_m,cplx5_mNo2,Q04613,Shared
1918,pmet_cplx5_m,cplx5_mNo2,Q96250,Obligate
1919,pmet_cplx5_m,cplx5_mNo2,Q96251,Shared
1920,pmet_cplx5_m,cplx5_mNo2,Q96253,Obligate
1921,pmet_cplx5_m,cplx5_mNo2,Q9FT52,Obligate
1922,pmet_cplx5_m,cplx5_mNo2,P83484,Shared
1923,pmet_cplx5_m,cplx5_mNo3,P60112,Shared
1924,pmet_cplx5_m,cplx5_mNo3,P92549,Obligate
1925,pmet_cplx5_m,cplx5_mNo3,Q04613,Shared
1926,pmet_cplx5_m,cplx5_mNo3,Q96250,Obligate
1927,pmet_cplx5_m,cplx5_mNo3,Q96251,Shared
1928,pmet_cplx5_m,cplx5_mNo3,Q96253,Obligate
1929,pmet_cplx5_m,cplx5_mNo3,Q9FT52,Obligate
1930,pmet_cplx5_m,cplx5_mNo3,Q9C5A9,Shared
1931,pmet_cplx5_m,cplx5_mNo4,P60112,Shared
1932,pmet_cplx5_m,cplx5_mNo4,P83483,Shared
1933,pmet_cplx5_m,cplx5_mNo4,P92549,Obligate
1934,pmet_cplx5_m,cplx5_mNo4,Q04613,Shared
1935,pmet_cplx5_m,cplx5_mNo4,Q96250,Obligate
1936,pmet_cplx5_m,cplx5_mNo4,Q96253,Obligate
1937,pmet_cplx5_m,cplx5_mNo4,Q9FT52,Obligate
1938,pmet_cplx5_m,cplx5_mNo4,Q96252,Shared
1939,pmet_cplx5_m,cplx5_mNo5,P60112,Shared
1940,pmet_cplx5_m,cplx5_mNo5,P92549,Obligate
1941,pmet_cplx5_m,cplx5_mNo5,Q04613,Shared
1942,pmet_cplx5_m,cplx5_mNo5,Q96250,Obligate
1943,pmet_cplx5_m,cplx5_mNo5,Q96253,Obligate
1944,pmet_cplx5_m,cplx5_mNo5,Q9FT52,Obligate
1945,pmet_cplx5_m,cplx5_mNo5,P83484,Shared
1946,pmet_cplx5_m,cplx5_mNo5,Q96252,Shared
1947,pmet_cplx5_m,cplx5_mNo6,P60112,Shared
1948,pmet_cplx5_m,cplx5_mNo6,P92549,Obligate
1949,pmet_cplx5_m,cplx5_mNo6,Q04613,Shared
1950,pmet_cplx5_m,cplx5_mNo6,Q96250,Obligate
1951,pmet_cplx5_m,cplx5_mNo6,Q96253,Obligate
1952,pmet_cplx5_m,cplx5_mNo6,Q9FT52,Obligate
1953,pmet_cplx5_m,cplx5_mNo6,Q9C5A9,Shared
1954,pmet_cplx5_m,cplx5_mNo6,Q96252,Shared
1955,pmet_cplx5_m,cplx5_mNo7,P60112,Shared
1956,pmet_cplx5_m,cplx5_mNo7,P83483,Shared
1957,pmet_cplx5_m,cplx5_mNo7,P92549,Obligate
1958,pmet_cplx5_m,cplx5_mNo7,Q04613,Shared
1959,pmet_cplx5_m,cplx5_mNo7,Q96250,Obligate
1960,pmet_cplx5_m,cplx5_mNo7,Q96251,Shared
1961,pmet_cplx5_m,cplx5_mNo7,Q96253,Obligate
1962,pmet_cplx5_m,cplx5_mNo7,Q9FT52,Obligate
1963,pmet_cplx5_m,cplx5_mNo7,P92547,Shared
1964,pmet_cplx5_m,cplx5_mNo8,P60112,Shared
1965,pmet_cplx5_m,cplx5_mNo8,P92549,Obligate
1966,pmet_cplx5_m,cplx5_mNo8,Q04613,Shared
1967,pmet_cplx5_m,cplx5_mNo8,Q96250,Obligate
1968,pmet_cplx5_m,cplx5_mNo8,Q96251,Shared
1969,pmet_cplx5_m,cplx5_mNo8,Q96253,Obligate
1970,pmet_cplx5_m,cplx5_mNo8,Q9FT52,Obligate
1971,pmet_cplx5_m,cplx5_mNo8,P83484,Shared
1972,pmet_cplx5_m,cplx5_mNo8,P92547,Shared
1973,pmet_cplx5_m,cplx5_mNo9,P60112,Shared
1974,pmet_cplx5_m,cplx5_mNo9,P92549,Obligate
1975,pmet_cplx5_m,cplx5_mNo9,Q04613,Shared
1976,pmet_cplx5_m,cplx5_mNo9,Q96250,Obligate
1977,pmet_cplx5_m,cplx5_mNo9,Q96251,Shared
1978,pmet_cplx5_m,cplx5_mNo9,Q96253,Obligate
1979,pmet_cplx5_m,cplx5_mNo9,Q9FT52,Obligate
1980,pmet_cplx5_m,cplx5_mNo9,Q9C5A9,Shared
1981,pmet_cplx5_m,cplx5_mNo9,P92547,Shared
1982,pmet_cplx5_m,cplx5_mNo10,P60112,Shared
1983,pmet_cplx5_m,cplx5_mNo10,P83483,Shared
1984,pmet_cplx5_m,cplx5_mNo10,P92549,Obligate
1985,pmet_cplx5_m,cplx5_mNo10,Q04613,Shared
1986,pmet_cplx5_m,cplx5_mNo10,Q96250,Obligate
1987,pmet_cplx5_m,cplx5_mNo10,Q96253,Obligate
1988,pmet_cplx5_m,cplx5_mNo10,Q9FT52,Obligate
1989,pmet_cplx5_m,cplx5_mNo10,Q96252,Shared
1990,pmet_cplx5_m,cplx5_mNo10,P92547,Shared
1991,pmet_cplx5_m,cplx5_mNo11,P60112,Shared
1992,pmet_cplx5_m,cplx5_mNo11,P92549,Obligate
1993,pmet_cplx5_m,cplx5_mNo11,Q04613,Shared
1994,pmet_cplx5_m,cplx5_mNo11,Q96250,Obligate
1995,pmet_cplx5_m,cplx5_mNo11,Q96253,Obligate
1996,pmet_cplx5_m,cplx5_mNo11,Q9FT52,Obligate
1997,pmet_cplx5_m,cplx5_mNo11,P83484,Shared
1998,pmet_cplx5_m,cplx5_mNo11,Q96252,Shared
1999,pmet_cplx5_m,cplx5_mNo11,P92547,Shared
2000,pmet_cplx5_m,cplx5_mNo12,P60112,Shared
2001,pmet_cplx5_m,cplx5_mNo12,P92549,Obligate
2002,pmet_cplx5_m,cplx5_mNo12,Q04613,Shared
2003,pmet_cplx5_m,cplx5_mNo12,Q96250,Obligate
2004,pmet_cplx5_m,cplx5_mNo12,Q96253,Obligate
2005,pmet_cplx5_m,cplx5_mNo12,Q9FT52,Obligate
2006,pmet_cplx5_m,cplx5_mNo12,Q9C5A9,Shared
2007,pmet_cplx5_m,cplx5_mNo12,Q96252,Shared
2008,pmet_cplx5_m,cplx5_mNo12,P92547,Shared
2009,pmet_cplx5_m,cplx5_mNo13,P60112,Shared
2010,pmet_cplx5_m,cplx5_mNo13,P83483,Shared
2011,pmet_cplx5_m,cplx5_mNo13,P92549,Obligate
2012,pmet_cplx5_m,cplx5_mNo13,Q96250,Obligate
2013,pmet_cplx5_m,cplx5_mNo13,Q96251,Shared
2014,pmet_cplx5_m,cplx5_mNo13,Q96253,Obligate
2015,pmet_cplx5_m,cplx5_mNo13,Q9FT52,Obligate
2016,pmet_cplx5_m,cplx5_mNo14,P60112,Shared
2017,pmet_cplx5_m,cplx5_mNo14,P92549,Obligate
2018,pmet_cplx5_m,cplx5_mNo14,Q96250,Obligate
2019,pmet_cplx5_m,cplx5_mNo14,Q96251,Shared
2020,pmet_cplx5_m,cplx5_mNo14,Q96253,Obligate
2021,pmet_cplx5_m,cplx5_mNo14,Q9FT52,Obligate
2022,pmet_cplx5_m,cplx5_mNo14,P83484,Shared
2023,pmet_cplx5_m,cplx5_mNo15,P60112,Shared
2024,pmet_cplx5_m,cplx5_mNo15,P92549,Obligate
2025,pmet_cplx5_m,cplx5_mNo15,Q96250,Obligate
2026,pmet_cplx5_m,cplx5_mNo15,Q96251,Shared
2027,pmet_cplx5_m,cplx5_mNo15,Q96253,Obligate
2028,pmet_cplx5_m,cplx5_mNo15,Q9FT52,Obligate
2029,pmet_cplx5_m,cplx5_mNo15,Q9C5A9,Shared
2030,pmet_cplx5_m,cplx5_mNo16,P60112,Shared
2031,pmet_cplx5_m,cplx5_mNo16,P83483,Shared
2032,pmet_cplx5_m,cplx5_mNo16,P92549,Obligate
2033,pmet_cplx5_m,cplx5_mNo16,Q96250,Obligate
2034,pmet_cplx5_m,cplx5_mNo16,Q96253,Obligate
2035,pmet_cplx5_m,cplx5_mNo16,Q9FT52,Obligate
2036,pmet_cplx5_m,cplx5_mNo16,Q96252,Shared
2037,pmet_cplx5_m,cplx5_mNo17,P60112,Shared
2038,pmet_cplx5_m,cplx5_mNo17,P92549,Obligate
2039,pmet_cplx5_m,cplx5_mNo17,Q96250,Obligate
2040,pmet_cplx5_m,cplx5_mNo17,Q96253,Obligate
2041,pmet_cplx5_m,cplx5_mNo17,Q9FT52,Obligate
2042,pmet_cplx5_m,cplx5_mNo17,P83484,Shared
2043,pmet_cplx5_m,cplx5_mNo17,Q96252,Shared
2044,pmet_cplx5_m,cplx5_mNo18,P60112,Shared
2045,pmet_cplx5_m,cplx5_mNo18,P92549,Obligate
2046,pmet_cplx5_m,cplx5_mNo18,Q96250,Obligate
2047,pmet_cplx5_m,cplx5_mNo18,Q96253,Obligate
2048,pmet_cplx5_m,cplx5_mNo18,Q9FT52,Obligate
2049,pmet_cplx5_m,cplx5_mNo18,Q9C5A9,Shared
2050,pmet_cplx5_m,cplx5_mNo18,Q96252,Shared
2051,pmet_cplx5_m,cplx5_mNo19,P60112,Shared
2052,pmet_cplx5_m,cplx5_mNo19,P83483,Shared
2053,pmet_cplx5_m,cplx5_mNo19,P92549,Obligate
2054,pmet_cplx5_m,cplx5_mNo19,Q96250,Obligate
2055,pmet_cplx5_m,cplx5_mNo19,Q96251,Shared
2056,pmet_cplx5_m,cplx5_mNo19,Q96253,Obligate
2057,pmet_cplx5_m,cplx5_mNo19,Q9FT52,Obligate
2058,pmet_cplx5_m,cplx5_mNo19,P92547,Shared
2059,pmet_cplx5_m,cplx5_mNo20,P60112,Shared
2060,pmet_cplx5_m,cplx5_mNo20,P92549,Obligate
2061,pmet_cplx5_m,cplx5_mNo20,Q96250,Obligate
2062,pmet_cplx5_m,cplx5_mNo20,Q96251,Shared
2063,pmet_cplx5_m,cplx5_mNo20,Q96253,Obligate
2064,pmet_cplx5_m,cplx5_mNo20,Q9FT52,Obligate
2065,pmet_cplx5_m,cplx5_mNo20,P83484,Shared
2066,pmet_cplx5_m,cplx5_mNo20,P92547,Shared
2067,pmet_cplx5_m,cplx5_mNo21,P60112,Shared
2068,pmet_cplx5_m,cplx5_mNo21,P92549,Obligate
2069,pmet_cplx5_m,cplx5_mNo21,Q96250,Obligate
2070,pmet_cplx5_m,cplx5_mNo21,Q96251,Shared
2071,pmet_cplx5_m,cplx5_mNo21,Q96253,Obligate
2072,pmet_cplx5_m,cplx5_mNo21,Q9FT52,Obligate
2073,pmet_cplx5_m,cplx5_mNo21,Q9C5A9,Shared
2074,pmet_cplx5_m,cplx5_mNo21,P92547,Shared
2075,pmet_cplx5_m,cplx5_mNo22,P60112,Shared
2076,pmet_cplx5_m,cplx5_mNo22,P83483,Shared
2077,pmet_cplx5_m,cplx5_mNo22,P92549,Obligate
2078,pmet_cplx5_m,cplx5_mNo22,Q96250,Obligate
2079,pmet_cplx5_m,cplx5_mNo22,Q96253,Obligate
2080,pmet_cplx5_m,cplx5_mNo22,Q9FT52,Obligate
2081,pmet_cplx5_m,cplx5_mNo22,Q96252,Shared
2082,pmet_cplx5_m,cplx5_mNo22,P92547,Shared
2083,pmet_cplx5_m,cplx5_mNo23,P60112,Shared
2084,pmet_cplx5_m,cplx5_mNo23,P92549,Obligate
2085,pmet_cplx5_m,cplx5_mNo23,Q96250,Obligate
2086,pmet_cplx5_m,cplx5_mNo23,Q96253,Obligate
2087,pmet_cplx5_m,cplx5_mNo23,Q9FT52,Obligate
2088,pmet_cplx5_m,cplx5_mNo23,P83484,Shared
2089,pmet_cplx5_m,cplx5_mNo23,Q96252,Shared
2090,pmet_cplx5_m,cplx5_mNo23,P92547,Shared
2091,pmet_cplx5_m,cplx5_mNo24,P60112,Shared
2092,pmet_cplx5_m,cplx5_mNo24,P92549,Obligate
2093,pmet_cplx5_m,cplx5_mNo24,Q96250,Obligate
2094,pmet_cplx5_m,cplx5_mNo24,Q96253,Obligate
2095,pmet_cplx5_m,cplx5_mNo24,Q9FT52,Obligate
2096,pmet_cplx5_m,cplx5_mNo24,Q9C5A9,Shared
2097,pmet_cplx5_m,cplx5_mNo24,Q96252,Shared
2098,pmet_cplx5_m,cplx5_mNo24,P92547,Shared
2099,pmet_cplx5_m,cplx5_mNo25,P83483,Shared
2100,pmet_cplx5_m,cplx5_mNo25,P92549,Obligate
2101,pmet_cplx5_m,cplx5_mNo25,Q04613,Shared
2102,pmet_cplx5_m,cplx5_mNo25,Q96250,Obligate
2103,pmet_cplx5_m,cplx5_mNo25,Q96251,Shared
2104,pmet_cplx5_m,cplx5_mNo25,Q96253,Obligate
2105,pmet_cplx5_m,cplx5_mNo25,Q9FT52,Obligate
2106,pmet_cplx5_m,cplx5_mNo26,P92549,Obligate
2107,pmet_cplx5_m,cplx5_mNo26,Q04613,Shared
2108,pmet_cplx5_m,cplx5_mNo26,Q96250,Obligate
2109,pmet_cplx5_m,cplx5_mNo26,Q96251,Shared
2110,pmet_cplx5_m,cplx5_mNo26,Q96253,Obligate
2111,pmet_cplx5_m,cplx5_mNo26,Q9FT52,Obligate
2112,pmet_cplx5_m,cplx5_mNo26,P83484,Shared
2113,pmet_cplx5_m,cplx5_mNo27,P92549,Obligate
2114,pmet_cplx5_m,cplx5_mNo27,Q04613,Shared
2115,pmet_cplx5_m,cplx5_mNo27,Q96250,Obligate
2116,pmet_cplx5_m,cplx5_mNo27,Q96251,Shared
2117,pmet_cplx5_m,cplx5_mNo27,Q96253,Obligate
2118,pmet_cplx5_m,cplx5_mNo27,Q9FT52,Obligate
2119,pmet_cplx5_m,cplx5_mNo27,Q9C5A9,Shared
2120,pmet_cplx5_m,cplx5_mNo28,P83483,Shared
2121,pmet_cplx5_m,cplx5_mNo28,P92549,Obligate
2122,pmet_cplx5_m,cplx5_mNo28,Q04613,Shared
2123,pmet_cplx5_m,cplx5_mNo28,Q96250,Obligate
2124,pmet_cplx5_m,cplx5_mNo28,Q96253,Obligate
2125,pmet_cplx5_m,cplx5_mNo28,Q9FT52,Obligate
2126,pmet_cplx5_m,cplx5_mNo28,Q96252,Shared
2127,pmet_cplx5_m,cplx5_mNo29,P92549,Obligate
2128,pmet_cplx5_m,cplx5_mNo29,Q04613,Shared
2129,pmet_cplx5_m,cplx5_mNo29,Q96250,Obligate
2130,pmet_cplx5_m,cplx5_mNo29,Q96253,Obligate
2131,pmet_cplx5_m,cplx5_mNo29,Q9FT52,Obligate
2132,pmet_cplx5_m,cplx5_mNo29,P83484,Shared
2133,pmet_cplx5_m,cplx5_mNo29,Q96252,Shared
2134,pmet_cplx5_m,cplx5_mNo30,P92549,Obligate
2135,pmet_cplx5_m,cplx5_mNo30,Q04613,Shared
2136,pmet_cplx5_m,cplx5_mNo30,Q96250,Obligate
2137,pmet_cplx5_m,cplx5_mNo30,Q96253,Obligate
2138,pmet_cplx5_m,cplx5_mNo30,Q9FT52,Obligate
2139,pmet_cplx5_m,cplx5_mNo30,Q9C5A9,Shared
2140,pmet_cplx5_m,cplx5_mNo30,Q96252,Shared
2141,pmet_cplx5_m,cplx5_mNo31,P83483,Shared
2142,pmet_cplx5_m,cplx5_mNo31,P92549,Obligate
2143,pmet_cplx5_m,cplx5_mNo31,Q04613,Shared
2144,pmet_cplx5_m,cplx5_mNo31,Q96250,Obligate
2145,pmet_cplx5_m,cplx5_mNo31,Q96251,Shared
2146,pmet_cplx5_m,cplx5_mNo31,Q96253,Obligate
2147,pmet_cplx5_m,cplx5_mNo31,Q9FT52,Obligate
2148,pmet_cplx5_m,cplx5_mNo31,P92547,Shared
2149,pmet_cplx5_m,cplx5_mNo32,P92549,Obligate
2150,pmet_cplx5_m,cplx5_mNo32,Q04613,Shared
2151,pmet_cplx5_m,cplx5_mNo32,Q96250,Obligate
2152,pmet_cplx5_m,cplx5_mNo32,Q96251,Shared
2153,pmet_cplx5_m,cplx5_mNo32,Q96253,Obligate
2154,pmet_cplx5_m,cplx5_mNo32,Q9FT52,Obligate
2155,pmet_cplx5_m,cplx5_mNo32,P83484,Shared
2156,pmet_cplx5_m,cplx5_mNo32,P92547,Shared
2157,pmet_cplx5_m,cplx5_mNo33,P92549,Obligate
2158,pmet_cplx5_m,cplx5_mNo33,Q04613,Shared
2159,pmet_cplx5_m,cplx5_mNo33,Q96250,Obligate
2160,pmet_cplx5_m,cplx5_mNo33,Q96251,Shared
2161,pmet_cplx5_m,cplx5_mNo33,Q96253,Obligate
2162,pmet_cplx5_m,cplx5_mNo33,Q9FT52,Obligate
2163,pmet_cplx5_m,cplx5_mNo33,Q9C5A9,Shared
2164,pmet_cplx5_m,cplx5_mNo33,P92547,Shared
2165,pmet_cplx5_m,cplx5_mNo34,P83483,Shared
2166,pmet_cplx5_m,cplx5_mNo34,P92549,Obligate
2167,pmet_cplx5_m,cplx5_mNo34,Q04613,Shared
2168,pmet_cplx5_m,cplx5_mNo34,Q96250,Obligate
2169,pmet_cplx5_m,cplx5_mNo34,Q96253,Obligate
2170,pmet_cplx5_m,cplx5_mNo34,Q9FT52,Obligate
2171,pmet_cplx5_m,cplx5_mNo34,Q96252,Shared
2172,pmet_cplx5_m,cplx5_mNo34,P92547,Shared
2173,pmet_cplx5_m,cplx5_mNo35,P92549,Obligate
2174,pmet_cplx5_m,cplx5_mNo35,Q04613,Shared
2175,pmet_cplx5_m,cplx5_mNo35,Q96250,Obligate
2176,pmet_cplx5_m,cplx5_mNo35,Q96253,Obligate
2177,pmet_cplx5_m,cplx5_mNo35,Q9FT52,Obligate
2178,pmet_cplx5_m,cplx5_mNo35,P83484,Shared
2179,pmet_cplx5_m,cplx5_mNo35,Q96252,Shared
2180,pmet_cplx5_m,cplx5_mNo35,P92547,Shared
2181,pmet_cplx5_m,cplx5_mNo36,P92549,Obligate
2182,pmet_cplx5_m,cplx5_mNo36,Q04613,Shared
2183,pmet_cplx5_m,cplx5_mNo36,Q96250,Obligate
2184,pmet_cplx5_m,cplx5_mNo36,Q96253,Obligate
2185,pmet_cplx5_m,cplx5_mNo36,Q9FT52,Obligate
2186,pmet_cplx5_m,cplx5_mNo36,Q9C5A9,Shared
2187,pmet_cplx5_m,cplx5_mNo36,Q96252,Shared
2188,pmet_cplx5_m,cplx5_mNo36,P92547,Shared
2189,pmet_cplx5_m,cplx5_mNo37,P83483,Shared
2190,pmet_cplx5_m,cplx5_mNo37,P92549,Obligate
2191,pmet_cplx5_m,cplx5_mNo37,Q96250,Obligate
2192,pmet_cplx5_m,cplx5_mNo37,Q96251,Shared
2193,pmet_cplx5_m,cplx5_mNo37,Q96253,Obligate
2194,pmet_cplx5_m,cplx5_mNo37,Q9FT52,Obligate
2195,pmet_cplx5_m,cplx5_mNo38,P92549,Obligate
2196,pmet_cplx5_m,cplx5_mNo38,Q96250,Obligate
2197,pmet_cplx5_m,cplx5_mNo38,Q96251,Shared
2198,pmet_cplx5_m,cplx5_mNo38,Q96253,Obligate
2199,pmet_cplx5_m,cplx5_mNo38,Q9FT52,Obligate
2200,pmet_cplx5_m,cplx5_mNo38,P83484,Shared
2201,pmet_cplx5_m,cplx5_mNo39,P92549,Obligate
2202,pmet_cplx5_m,cplx5_mNo39,Q96250,Obligate
2203,pmet_cplx5_m,cplx5_mNo39,Q96251,Shared
2204,pmet_cplx5_m,cplx5_mNo39,Q96253,Obligate
2205,pmet_cplx5_m,cplx5_mNo39,Q9FT52,Obligate
2206,pmet_cplx5_m,cplx5_mNo39,Q9C5A9,Shared
2207,pmet_cplx5_m,cplx5_mNo40,P83483,Shared
2208,pmet_cplx5_m,cplx5_mNo40,P92549,Obligate
2209,pmet_cplx5_m,cplx5_mNo40,Q96250,Obligate
2210,pmet_cplx5_m,cplx5_mNo40,Q96253,Obligate
2211,pmet_cplx5_m,cplx5_mNo40,Q9FT52,Obligate
2212,pmet_cplx5_m,cplx5_mNo40,Q96252,Shared
2213,pmet_cplx5_m,cplx5_mNo41,P92549,Obligate
2214,pmet_cplx5_m,cplx5_mNo41,Q96250,Obligate
2215,pmet_cplx5_m,cplx5_mNo41,Q96253,Obligate
2216,pmet_cplx5_m,cplx5_mNo41,Q9FT52,Obligate
2217,pmet_cplx5_m,cplx5_mNo41,P83484,Shared
2218,pmet_cplx5_m,cplx5_mNo41,Q96252,Shared
2219,pmet_cplx5_m,cplx5_mNo42,P92549,Obligate
2220,pmet_cplx5_m,cplx5_mNo42,Q96250,Obligate
2221,pmet_cplx5_m,cplx5_mNo42,Q96253,Obligate
2222,pmet_cplx5_m,cplx5_mNo42,Q9FT52,Obligate
2223,pmet_cplx5_m,cplx5_mNo42,Q9C5A9,Shared
2224,pmet_cplx5_m,cplx5_mNo42,Q96252,Shared
2225,pmet_cplx5_m,cplx5_mNo43,P83483,Shared
2226,pmet_cplx5_m,cplx5_mNo43,P92549,Obligate
2227,pmet_cplx5_m,cplx5_mNo43,Q96250,Obligate
2228,pmet_cplx5_m,cplx5_mNo43,Q96251,Shared
2229,pmet_cplx5_m,cplx5_mNo43,Q96253,Obligate
2230,pmet_cplx5_m,cplx5_mNo43,Q9FT52,Obligate
2231,pmet_cplx5_m,cplx5_mNo43,P92547,Shared
2232,pmet_cplx5_m,cplx5_mNo44,P92549,Obligate
2233,pmet_cplx5_m,cplx5_mNo44,Q96250,Obligate
2234,pmet_cplx5_m,cplx5_mNo44,Q96251,Shared
2235,pmet_cplx5_m,cplx5_mNo44,Q96253,Obligate
2236,pmet_cplx5_m,cplx5_mNo44,Q9FT52,Obligate
2237,pmet_cplx5_m,cplx5_mNo44,P83484,Shared
2238,pmet_cplx5_m,cplx5_mNo44,P92547,Shared
2239,pmet_cplx5_m,cplx5_mNo45,P92549,Obligate
2240,pmet_cplx5_m,cplx5_mNo45,Q96250,Obligate
2241,pmet_cplx5_m,cplx5_mNo45,Q96251,Shared
2242,pmet_cplx5_m,cplx5_mNo45,Q96253,Obligate
2243,pmet_cplx5_m,cplx5_mNo45,Q9FT52,Obligate
2244,pmet_cplx5_m,cplx5_mNo45,Q9C5A9,Shared
2245,pmet_cplx5_m,cplx5_mNo45,P92547,Shared
2246,pmet_cplx5_m,cplx5_mNo46,P83483,Shared
2247,pmet_cplx5_m,cplx5_mNo46,P92549,Obligate
2248,pmet_cplx5_m,cplx5_mNo46,Q96250,Obligate
2249,pmet_cplx5_m,cplx5_mNo46,Q96253,Obligate
2250,pmet_cplx5_m,cplx5_mNo46,Q9FT52,Obligate
2251,pmet_cplx5_m,cplx5_mNo46,Q96252,Shared
2252,pmet_cplx5_m,cplx5_mNo46,P92547,Shared
2253,pmet_cplx5_m,cplx5_mNo47,P92549,Obligate
2254,pmet_cplx5_m,cplx5_mNo47,Q96250,Obligate
2255,pmet_cplx5_m,cplx5_mNo47,Q96253,Obligate
2256,pmet_cplx5_m,cplx5_mNo47,Q9FT52,Obligate
2257,pmet_cplx5_m,cplx5_mNo47,P83484,Shared
2258,pmet_cplx5_m,cplx5_mNo47,Q96252,Shared
2259,pmet_cplx5_m,cplx5_mNo47,P92547,Shared
2260,pmet_cplx5_m,cplx5_mNo48,P92549,Obligate
2261,pmet_cplx5_m,cplx5_mNo48,Q96250,Obligate
2262,pmet_cplx5_m,cplx5_mNo48,Q96253,Obligate
2263,pmet_cplx5_m,cplx5_mNo48,Q9FT52,Obligate
2264,pmet_cplx5_m,cplx5_mNo48,Q9C5A9,Shared
2265,pmet_cplx5_m,cplx5_mNo48,Q96252,Shared
2266,pmet_cplx5_m,cplx5_mNo48,P92547,Shared
2267,pmet_RBO_h,RBO_hNo1,O03042,Obligate
2268,pmet_RBO_h,RBO_hNo1,P10796,Unique
2269,pmet_RBO_h,RBO_hNo2,O03042,Obligate
2270,pmet_RBO_h,RBO_hNo2,P10797,Unique
2271,pmet_RBO_h,RBO_hNo3,O03042,Obligate
2272,pmet_RBO_h,RBO_hNo3,P10795,Unique
2273,pmet_RBO_h,RBO_hNo4,O03042,Obligate
2274,pmet_RBO_h,RBO_hNo4,P10798,Unique
2275,pmet_PGP_h,PGP_hNo1,P0DKC3,Unique
2276,pmet_PGP_h,PGP_hNo2,P0DKC4,Unique
2277,pmet_PGP_h,PGP_hNo3,Q8GWU0,Unique
2278,pmet_GCAO_p,GCAO_pNo1,Q9LRR9,Unique
2279,pmet_GCAO_p,GCAO_pNo2,Q9LRS0,Unique
2280,pmet_GCAO_p,GCAO_pNo3,Q24JJ8,Unique
2281,pmet_GCAO_p,GCAO_pNo4,O49506,Unique
2282,pmet_CAT_p,CAT_pNo1,Q42547,Unique
2283,pmet_CAT_p,CAT_pNo2,Q96528,Unique
2284,pmet_CAT_p,CAT_pNo3,P25819,Unique
2285,pmet_GGAT_p,GGAT_pNo1,Q9LR30,Unique
2286,pmet_GGAT_p,GGAT_pNo2,Q9S7E9,Unique
2287,pmet_GlyDH_m,GlyDH_mNo1,Q94B78,Unique
2288,pmet_GlyDH_m,GlyDH_mNo2,O80988,Unique
2289,pmet_DHLDH1_m,DHLDH1_mNo1,Q9M5K3,Unique
2290,pmet_DHLDH1_m,DHLDH1_mNo2,Q9M5K2,Unique
2291,pmet_GlyHMT_m,GlyHMT_mNo1,Q9SZJ5,Unique
2292,pmet_GlyHMT_m,GlyHMT_mNo2,Q94C74,Unique
2293,pmet_MalDH1_p,MalDH1_pNo1,O82399,Unique
2294,pmet_MalDH1_p,MalDH1_pNo2,Q9ZP05,Unique
2295,pmet_G6PDH_h,G6PDH_hNo1,Q9FY99,Unique
2296,pmet_G6PDH_h,G6PDH_hNo2,Q8L743,Unique
2297,pmet_G6PDH_h,G6PDH_hNo3,Q9LK23,Unique
2298,pmet_G6PDH_h,G6PDH_hNo4,Q43727,Unique
2299,pmet_G6PDH_h,G6PDH_hNo5,Q93ZW0,Unique
2300,pmet_6PGL_h,6PGL_hNo1,Q9LMX8,Unique
2301,pmet_6PGL_h,6PGL_hNo2,Q8LG70,Unique
2302,pmet_6PGL_h,6PGL_hNo3,Q8LEV7,Unique
2303,pmet_6PGL_h,6PGL_hNo4,Q9FIN1,Unique
2304,pmet_6PGL_h,6PGL_hNo5,Q84WW2,Unique
2305,pmet_6PGDHNAD_h,6PGDHNAD_hNo1,Q9FWA3,Unique
2306,pmet_6PGDHNAD_h,6PGDHNAD_hNo2,Q9SH69,Unique
2307,pmet_6PGDHNAD_h,6PGDHNAD_hNo3,Q9FFR3,Unique
2308,pmet_6PGDHNADP_h,6PGDHNADP_hNo1,Q9FWA3,Unique
2309,pmet_6PGDHNADP_h,6PGDHNADP_hNo2,Q9SH69,Unique
2310,pmet_6PGDHNADP_h,6PGDHNADP_hNo3,Q9FFR3,Unique
2311,pmet_TA_h,TA_hNo1,A0A178UD24,Unique
2312,pmet_TA_h,TA_hNo1,Q9LYR4,Unique
2313,pmet_TA_h,TA_hNo2,F4IC59,Unique
2314,pmet_DAHPS_h,DAHPS_hNo1,P29976,Unique
2315,pmet_DAHPS_h,DAHPS_hNo2,Q00218,Unique
2316,pmet_SAK_h,SAK_hNo1,Q9SJ05,Unique
2317,pmet_SAK_h,SAK_hNo2,Q8GY88,Unique
2318,pmet_R5PDPK_h,R5PDPK_hNo1,Q42581,Unique
2319,pmet_R5PDPK_h,R5PDPK_hNo2,Q42583,Unique
2320,pmet_R5PDPK_h,R5PDPK_hNo3,Q93Z66,Unique
2321,pmet_R5PDPK_h,R5PDPK_hNo4,O64888,Unique
2322,pmet_MalDH2NADP_c,MalDH2NADP_cNo1,O82191,Unique
2323,pmet_MalDH2NADP_c,MalDH2NADP_cNo2,Q9LYG3,Unique
2324,pmet_MalDH2NADP_c,MalDH2NADP_cNo3,Q9XGZ0,Unique
2325,pmet_MalDH1_h,MalDH1_hNo1,Q9SN86,Unique
2326,pmet_MalDH1_h,MalDH1_hNo2,Q9ZP05,Unique
2327,pmet_CitS_c,CitS_cNo1,Q9LXS6,Unique
2328,pmet_CitS_c,CitS_cNo2,Q9SJH7,Unique
2329,pmet_cACNDHA_c,cACNDHA_cNo1,Q42560,Unique
2330,pmet_cACNDHA_c,cACNDHA_cNo2,Q9SIB9,Unique
2331,pmet_cACNDHA_c,cACNDHA_cNo3,Q94A28,Unique
2332,pmet_cACNDHA_h,cACNDHA_hNo1,Q9SIB9,Unique
2333,pmet_cACNDHA_h,cACNDHA_hNo2,Q94A28,Unique
2334,pmet_cACNHA_c,cACNHA_cNo1,Q42560,Unique
2335,pmet_cACNHA_c,cACNHA_cNo2,Q9SIB9,Unique
2336,pmet_cACNHA_c,cACNHA_cNo3,Q94A28,Unique
2337,pmet_cACNHA_h,cACNHA_hNo1,Q9SIB9,Unique
2338,pmet_cACNHA_h,cACNHA_hNo2,Q94A28,Unique
2339,pmet_iCitDHNADP_h,iCitDHNADP_hNo1,Q9SRZ6,Unique
2340,pmet_iCitDHNADP_h,iCitDHNADP_hNo2,Q8LPJ5,Unique
2341,pmet_iCitDHNADP_h,iCitDHNADP_hNo3,Q9SLK0,Unique
2342,pmet_ATPCitL_c,ATPCitL_cNo1,Q9C522,Shared
2343,pmet_ATPCitL_c,ATPCitL_cNo1,Q9SGY2,Shared
2344,pmet_ATPCitL_c,ATPCitL_cNo2,Q9C522,Shared
2345,pmet_ATPCitL_c,ATPCitL_cNo2,O22718,Shared
2346,pmet_ATPCitL_c,ATPCitL_cNo3,Q9C522,Shared
2347,pmet_ATPCitL_c,ATPCitL_cNo3,O80526,Shared
2348,pmet_ATPCitL_c,ATPCitL_cNo4,Q9SGY2,Shared
2349,pmet_ATPCitL_c,ATPCitL_cNo4,Q9FGX1,Shared
2350,pmet_ATPCitL_c,ATPCitL_cNo5,O22718,Shared
2351,pmet_ATPCitL_c,ATPCitL_cNo5,Q9FGX1,Shared
2352,pmet_ATPCitL_c,ATPCitL_cNo6,O80526,Shared
2353,pmet_ATPCitL_c,ATPCitL_cNo6,Q9FGX1,Shared
2354,pmet_ACoAC_h,ACoAC_hNo1,O04983,Obligate
2355,pmet_ACoAC_h,ACoAC_hNo1,P56765,Obligate
2356,pmet_ACoAC_h,ACoAC_hNo1,Q42533,Unique
2357,pmet_ACoAC_h,ACoAC_hNo1,Q9LD43,Obligate
2358,pmet_ACoAC_h,ACoAC_hNo2,O04983,Obligate
2359,pmet_ACoAC_h,ACoAC_hNo2,P56765,Obligate
2360,pmet_ACoAC_h,ACoAC_hNo2,Q9LD43,Obligate
2361,pmet_ACoAC_h,ACoAC_hNo2,Q9LLC1,Unique
2362,pmet_PPIase_c,PPIase_cNo1,O82793,Unique
2363,pmet_PPIase_c,PPIase_cNo2,Q93V56,Unique
2364,pmet_PPIase_c,PPIase_cNo3,Q9LFF9,Unique
2365,pmet_PPIase_c,PPIase_cNo4,P21216,Unique
2366,pmet_PPIF6PK_c,PPIF6PK_cNo1,Q9SYP2,Unique
2367,pmet_PPIF6PK_c,PPIF6PK_cNo2,Q9C9K3,Unique
2368,pmet_PPIF6PK_c,PPIF6PK_cNo3,Q8W4M5,Unique
2369,pmet_PPIF6PK_c,PPIF6PK_cNo4,F4JGR5,Unique
2370,pmet_TRXR_c,TRXR_cNo1,Q39243,Unique
2371,pmet_TRXR_c,TRXR_cNo2,Q39242,Unique
2372,pmet_TRXR_c,TRXR_cNo3,O22229,Unique
2373,pmet_ADNK_c,ADNK_cNo1,Q9SF85,Unique
2374,pmet_ADNK_c,ADNK_cNo2,Q9LZG0,Unique
2375,pmet_ADPRPPT_c,ADPRPPT_cNo1,Q9SU38,Unique
2376,pmet_ADPRPPT_c,ADPRPPT_cNo2,Q9LFP0,Unique
2377,pmet_ADPRPPT_c,ADPRPPT_cNo3,Q9SUW2,Unique
2378,pmet_ADPRPPT_c,ADPRPPT_cNo4,P31166,Unique
2379,pmet_ADPRPPT_c,ADPRPPT_cNo5,Q42563,Unique
2380,pmet_NO3R1_c,NO3R1_cNo1,P11832,Unique
2381,pmet_NO3R1_c,NO3R1_cNo2,P11035,Unique
2382,pmet_NO3R2_c,NO3R2_cNo1,P11832,Unique
2383,pmet_NO3R2_c,NO3R2_cNo2,P11035,Unique
2384,pmet_ATPSL_h,ATPSL_hNo1,Q9LIK9,Unique
2385,pmet_ATPSL_h,ATPSL_hNo2,Q43870,Unique
2386,pmet_ATPSL_h,ATPSL_hNo3,O23324,Unique
2387,pmet_ATPSL_h,ATPSL_hNo4,Q9S7D8,Unique
2388,pmet_APSR_h,APSR_hNo1,P92979,Unique
2389,pmet_APSR_h,APSR_hNo2,P92981,Unique
2390,pmet_APSR_h,APSR_hNo3,P92980,Unique
2391,pmet_HCO3DHA_c,HCO3DHA_cNo1,F4HUC4,Unique
2392,pmet_HCO3DHA_c,HCO3DHA_cNo2,Q9FYE3,Unique
2393,pmet_HCO3DHA_c,HCO3DHA_cNo3,F4JIK2,Unique
2394,pmet_HCO3DHA_c,HCO3DHA_cNo4,Q9SUB4,Unique
2395,pmet_HCO3DHA_c,HCO3DHA_cNo5,F4IHR4,Unique
2396,pmet_HCO3DHA_c,HCO3DHA_cNo6,O04846,Unique
2397,pmet_HCO3DHA_c,HCO3DHA_cNo7,Q9ZUC2,Unique
2398,pmet_HCO3DHA_c,HCO3DHA_cNo8,P42737,Unique
2399,pmet_HCO3DHA_h,HCO3DHA_hNo1,F4JIK2,Unique
2400,pmet_HCO3DHA_h,HCO3DHA_hNo2,Q8L817,Unique
2401,pmet_HCO3DHA_h,HCO3DHA_hNo3,O04846,Unique
2402,pmet_HCO3DHA_h,HCO3DHA_hNo4,Q9ZUC2,Unique
2403,pmet_HCO3DHA_h,HCO3DHA_hNo5,Q94CE4,Unique
2404,pmet_HCO3DHA_h,HCO3DHA_hNo6,Q9C6F5,Unique
2405,pmet_HCO3DHA_h,HCO3DHA_hNo7,P27140,Unique
2406,pmet_HCO3DHA_h,HCO3DHA_hNo8,P42737,Unique
2407,pmet_HCO3DHA_h,HCO3DHA_hNo9,Q94CE3,Unique
2408,pmet_AlaTA_m,AlaTA_mNo1,Q9LDV4,Unique
2409,pmet_AlaTA_m,AlaTA_mNo2,Q9SR86,Unique
2410,pmet_AlaTA_m,AlaTA_mNo3,F4I7I0,Unique
2411,pmet_AlaTA_p,AlaTA_pNo1,Q9LR30,Unique
2412,pmet_AlaTA_p,AlaTA_pNo2,Q9S7E9,Unique
2413,pmet_AsnS_c,AsnS_cNo1,Q9LV77,Unique
2414,pmet_AsnS_c,AsnS_cNo2,Q9LFU1,Unique
2415,pmet_AsnS_c,AsnS_cNo3,P49078,Unique
2416,pmet_AspAT_c,AspAT_cNo1,Q8GYY0,Unique
2417,pmet_AspAT_c,AspAT_cNo2,Q9LQ10,Unique
2418,pmet_AspAT_c,AspAT_cNo3,P46646,Unique
2419,pmet_AspAT_c,AspAT_cNo4,P46645,Unique
2420,pmet_AspAT_h,AspAT_hNo1,Q9SIE1,Unique
2421,pmet_AspAT_h,AspAT_hNo2,P46248,Unique
2422,pmet_AspAT_m,AspAT_mNo1,P46644,Unique
2423,pmet_AspAT_m,AspAT_mNo2,P46643,Unique
2424,pmet_SerAcT_c,SerAcT_cNo1,Q42588,Unique
2425,pmet_SerAcT_c,SerAcT_cNo2,Q8S895,Unique
2426,pmet_SerAcT_c,SerAcT_cNo3,Q39218,Unique
2427,pmet_SerAcT_c,SerAcT_cNo4,Q8W2B8,Unique
2428,pmet_SerAcT_c,SerAcT_cNo5,Q42538,Unique
2429,pmet_SerAcT_h,SerAcT_hNo1,Q42588,Unique
2430,pmet_SerAcT_h,SerAcT_hNo2,Q39218,Unique
2431,pmet_SerAcT_m,SerAcT_mNo1,Q42588,Unique
2432,pmet_SerAcT_m,SerAcT_mNo2,Q39218,Unique
2433,pmet_CysS_c,CysS_cNo1,P47998,Unique
2434,pmet_CysS_c,CysS_cNo2,Q9LJA0,Unique
2435,pmet_CysS_h,CysS_hNo1,Q9S757,Unique
2436,pmet_CysS_h,CysS_hNo2,O22682,Unique
2437,pmet_CysS_h,CysS_hNo3,P47998,Unique
2438,pmet_CysS_h,CysS_hNo4,P47999,Unique
2439,pmet_CysS_m,CysS_mNo1,Q9S757,Unique
2440,pmet_CysS_m,CysS_mNo2,O22682,Unique
2441,pmet_CysS_m,CysS_mNo3,P47999,Unique
2442,pmet_CysS_m,CysS_mNo4,Q9SXS7,Unique
2443,pmet_GluSFd_h,GluSFd_hNo1,Q9ZNZ7,Unique
2444,pmet_GluSFd_h,GluSFd_hNo2,Q9T0P4,Unique
2445,pmet_GluDH1NAD_m,GluDH1NAD_mNo1,Q43314,Unique
2446,pmet_GluDH1NAD_m,GluDH1NAD_mNo2,Q38946,Unique
2447,pmet_GluDH1NAD_m,GluDH1NAD_mNo3,Q9S7A0,Unique
2448,pmet_GluDH1NADP_m,GluDH1NADP_mNo1,Q43314,Unique
2449,pmet_GluDH1NADP_m,GluDH1NADP_mNo2,Q38946,Unique
2450,pmet_GluDH1NADP_m,GluDH1NADP_mNo3,Q9S7A0,Unique
2451,pmet_GluDH2NAD_m,GluDH2NAD_mNo1,Q43314,Unique
2452,pmet_GluDH2NAD_m,GluDH2NAD_mNo2,Q38946,Unique
2453,pmet_GluDC_c,GluDC_cNo1,Q42521,Unique
2454,pmet_GluDC_c,GluDC_cNo2,Q42472,Unique
2455,pmet_GluDC_c,GluDC_cNo3,Q9ZPS4,Unique
2456,pmet_GluDC_c,GluDC_cNo4,Q9ZPS3,Unique
2457,pmet_GluDC_c,GluDC_cNo5,Q9LSH2,Unique
2458,pmet_GlnS_c,GlnS_cNo1,Q56WN1,Unique
2459,pmet_GlnS_c,GlnS_cNo2,Q9LVI8,Unique
2460,pmet_GlnS_c,GlnS_cNo3,Q9FMD9,Unique
2461,pmet_GlnS_c,GlnS_cNo4,Q8LCE1,Unique
2462,pmet_GlnS_h,GlnS_hNo1,Q9LVI8,Unique
2463,pmet_GlnS_h,GlnS_hNo2,Q8GXW5,Unique
2464,pmet_GlnS_h,GlnS_hNo3,Q43127,Unique
2465,pmet_ACDOxRed_c,ACDOxRed_cNo1,Q0WSF1,Unique
2466,pmet_ACDOxRed_c,ACDOxRed_cNo2,Q56YU0,Unique
2467,pmet_ACDOxRed_c,ACDOxRed_cNo3,Q70E96,Unique
2468,pmet_ACDOxRed_c,ACDOxRed_cNo4,Q70DU8,Unique
2469,pmet_ACDOxRed_c,ACDOxRed_cNo5,Q9SYG7,Unique
2470,pmet_GCAO_h,GCAO_hNo1,Q9LRR9,Unique
2471,pmet_GCAO_h,GCAO_hNo2,Q9LRS0,Unique
2472,pmet_CAT_h,CAT_hNo1,Q42547,Unique
2473,pmet_CAT_h,CAT_hNo2,Q96528,Unique
2474,pmet_CAT_h,CAT_hNo3,P25819,Unique
2475,pmet_ATPPRT_h,ATPPRT_hNo1,Q9S762,Unique
2476,pmet_ATPPRT_h,ATPPRT_hNo2,Q8GSJ1,Unique
2477,pmet_IGPDA_h,IGPDA_hNo1,P34047,Unique
2478,pmet_IGPDA_h,IGPDA_hNo2,O23346,Unique
2479,pmet_HisolPTA_h,HisolPTA_hNo1,B9DHD3,Unique
2480,pmet_HisolPTA_h,HisolPTA_hNo2,P0DI07,Unique
2481,pmet_BAATA1_h,BAATA1_hNo1,Q9M401,Unique
2482,pmet_BAATA1_h,BAATA1_hNo2,Q9M439,Unique
2483,pmet_BAATA1_h,BAATA1_hNo3,Q9FYA6,Unique
2484,pmet_2IPMS_h,2IPMS_hNo1,Q9LPR4,Unique
2485,pmet_2IPMS_h,2IPMS_hNo2,Q9C550,Unique
2486,pmet_3IPMDA1_h,3IPMDA1_hNo1,Q94AR8,Obligate
2487,pmet_3IPMDA1_h,3IPMDA1_hNo1,Q9ZW85,Unique
2488,pmet_3IPMDA1_h,3IPMDA1_hNo2,Q94AR8,Obligate
2489,pmet_3IPMDA1_h,3IPMDA1_hNo2,Q9ZW84,Unique
2490,pmet_3IPMDA1_h,3IPMDA1_hNo3,Q94AR8,Obligate
2491,pmet_3IPMDA1_h,3IPMDA1_hNo3,Q9LYT7,Unique
2492,pmet_3IPMDA2_h,3IPMDA2_hNo1,Q94AR8,Obligate
2493,pmet_3IPMDA2_h,3IPMDA2_hNo1,Q9ZW85,Unique
2494,pmet_3IPMDA2_h,3IPMDA2_hNo2,Q94AR8,Obligate
2495,pmet_3IPMDA2_h,3IPMDA2_hNo2,Q9ZW84,Unique
2496,pmet_3IPMDA2_h,3IPMDA2_hNo3,Q94AR8,Obligate
2497,pmet_3IPMDA2_h,3IPMDA2_hNo3,Q9LYT7,Unique
2498,pmet_3IPMDH_h,3IPMDH_hNo1,P93832,Unique
2499,pmet_3IPMDH_h,3IPMDH_hNo2,Q9FMT1,Unique
2500,pmet_3IPMDH_h,3IPMDH_hNo3,Q9SA14,Unique
2501,pmet_BAATA2_h,BAATA2_hNo1,Q9M401,Unique
2502,pmet_BAATA2_h,BAATA2_hNo2,Q9M439,Unique
2503,pmet_BAATA2_h,BAATA2_hNo3,Q9FYA6,Unique
2504,pmet_AspK_h,AspK_hNo1,O81852,Unique
2505,pmet_AspK_h,AspK_hNo2,Q9SA18,Unique
2506,pmet_AspK_h,AspK_hNo3,Q9LYU8,Unique
2507,pmet_AspK_h,AspK_hNo4,Q9S702,Unique
2508,pmet_AspK_h,AspK_hNo5,O23653,Unique
2509,pmet_DHDS_h,DHDS_hNo1,Q9FVC8,Unique
2510,pmet_DHDS_h,DHDS_hNo2,Q9LZX6,Unique
2511,pmet_DHDRNAD_h,DHDRNAD_hNo1,Q9FJ82,Unique
2512,pmet_DHDRNAD_h,DHDRNAD_hNo2,Q8LB01,Unique
2513,pmet_DHDRNAD_h,DHDRNAD_hNo3,O80574,Unique
2514,pmet_DHDRNADP_h,DHDRNADP_hNo1,Q9FJ82,Unique
2515,pmet_DHDRNADP_h,DHDRNADP_hNo2,Q8LB01,Unique
2516,pmet_DHDRNADP_h,DHDRNADP_hNo3,O80574,Unique
2517,pmet_DAPDC_h,DAPDC_hNo1,Q949X7,Unique
2518,pmet_DAPDC_h,DAPDC_hNo2,Q94A94,Unique
2519,pmet_HSerDHNADP_h,HSerDHNADP_hNo1,Q9SA18,Shared
2520,pmet_HSerDHNADP_h,HSerDHNADP_hNo2,O81852,Shared
2521,pmet_HSerDHNADP_h,HSerDHNADP_hNo3,O81852,Shared
2522,pmet_HSerDHNADP_h,HSerDHNADP_hNo3,Q9SA18,Shared
2523,pmet_HSerDHNAD_h,HSerDHNAD_hNo1,Q9SA18,Shared
2524,pmet_HSerDHNAD_h,HSerDHNAD_hNo2,O81852,Shared
2525,pmet_HSerDHNAD_h,HSerDHNAD_hNo3,O81852,Shared
2526,pmet_HSerDHNAD_h,HSerDHNAD_hNo3,Q9SA18,Shared
2527,pmet_5M-THFOR_c,5M-THFOR_cNo1,O80585,Unique
2528,pmet_5M-THFOR_c,5M-THFOR_cNo2,Q9SE60,Unique
2529,pmet_MetS_c,MetS_cNo1,Q0WNZ5,Unique
2530,pmet_MetS_c,MetS_cNo2,O50008,Unique
2531,pmet_MetS_c,MetS_cNo3,Q9SRV5,Unique
2532,pmet_GlyHMT_c,GlyHMT_cNo1,O23254,Unique
2533,pmet_GlyHMT_c,GlyHMT_cNo2,Q9SVM4,Unique
2534,pmet_HCysMT_c,HCysMT_cNo1,Q9SDL7,Unique
2535,pmet_HCysMT_c,HCysMT_cNo2,Q9M1W4,Unique
2536,pmet_HCysMT_c,HCysMT_cNo3,Q8LAX0,Unique
2537,pmet_Cysase_c,Cysase_cNo1,Q9LK36,Unique
2538,pmet_Cysase_c,Cysase_cNo2,O23255,Unique
2539,pmet_AGNDA_h,AGNDA_hNo1,Q9SGD6,Unique
2540,pmet_AGNDA_h,AGNDA_hNo2,Q9SSE7,Unique
2541,pmet_AGNDA_h,AGNDA_hNo3,Q9SA96,Unique
2542,pmet_AGNDA_h,AGNDA_hNo4,Q9ZUY3,Unique
2543,pmet_AGNDA_h,AGNDA_hNo5,O22241,Unique
2544,pmet_AGNDA_h,AGNDA_hNo6,Q9FNJ8,Unique
2545,pmet_Arginase_m,Arginase_mNo1,P46637,Unique
2546,pmet_Arginase_m,Arginase_mNo2,Q9ZPF5,Unique
2547,pmet_GluK_c,GluK_cNo1,P54887,Unique
2548,pmet_GluK_c,GluK_cNo2,P54888,Unique
2549,pmet_GluK_h,GluK_hNo1,P54887,Unique
2550,pmet_GluK_h,GluK_hNo2,P54888,Unique
2551,pmet_GluK_m,GluK_mNo1,P54887,Unique
2552,pmet_GluK_m,GluK_mNo2,P54888,Unique
2553,pmet_GluSeADH_c,GluSeADH_cNo1,P54888,Unique
2554,pmet_GluSeADH_c,GluSeADH_cNo2,P54887,Unique
2555,pmet_GluSeADH_h,GluSeADH_hNo1,P54888,Unique
2556,pmet_GluSeADH_h,GluSeADH_hNo2,P54887,Unique
2557,pmet_GluSeADH_m,GluSeADH_mNo1,P54888,Unique
2558,pmet_GluSeADH_m,GluSeADH_mNo2,P54887,Unique
2559,pmet_ProDHNAD_m,ProDHNAD_mNo1,P92983,Unique
2560,pmet_ProDHNAD_m,ProDHNAD_mNo2,Q6NKX1,Unique
2561,pmet_ProDHNADP_m,ProDHNADP_mNo1,P92983,Unique
2562,pmet_ProDHNADP_m,ProDHNADP_mNo2,Q6NKX1,Unique
2563,pmet_PGADH_h,PGADH_hNo1,Q9LT69,Unique
2564,pmet_PGADH_h,PGADH_hNo2,O49485,Unique
2565,pmet_PGADH_h,PGADH_hNo3,O04130,Unique
2566,pmet_PSerAT_h,PSerAT_hNo1,Q96255,Unique
2567,pmet_PSerAT_h,PSerAT_hNo2,Q9SHP0,Unique
2568,pmet_ThrS_h,ThrS_hNo1,Q9S7B5,Unique
2569,pmet_ThrS_h,ThrS_hNo2,Q9SSP5,Unique
2570,pmet_ANTS_h,ANTS_hNo1,P32068,Unique
2571,pmet_ANTS_h,ANTS_hNo2,P32069,Unique
2572,pmet_PRANTI_h,PRANTI_hNo1,Q42527,Unique
2573,pmet_PRANTI_h,PRANTI_hNo2,Q8LPI9,Unique
2574,pmet_PRANTI_h,PRANTI_hNo3,Q42440,Unique
2575,pmet_IndGPL_h,IndGPL_hNo1,Q42529,Unique
2576,pmet_IndGPL_h,IndGPL_hNo2,O22765,Unique
2577,pmet_TrpS_h,TrpS_hNo1,Q42529,Obligate
2578,pmet_TrpS_h,TrpS_hNo1,P25269,Unique
2579,pmet_TrpS_h,TrpS_hNo2,Q42529,Obligate
2580,pmet_TrpS_h,TrpS_hNo2,P14671,Unique
2581,pmet_BAATA3_h,BAATA3_hNo1,Q9M401,Unique
2582,pmet_BAATA3_h,BAATA3_hNo2,Q9M439,Unique
2583,pmet_BAATA3_h,BAATA3_hNo3,Q9FYA6,Unique
2584,pmet_ATase_h,ATase_hNo1,Q9SI61,Unique
2585,pmet_ATase_h,ATase_hNo2,Q9STG9,Unique
2586,pmet_ATase_h,ATase_hNo3,Q9T0J5,Unique
2587,pmet_DCAMPL1_h,DCAMPL1_hNo1,A0A654FQL5,Unique
2588,pmet_DCAMPL1_h,DCAMPL1_hNo1,Q8RY94,Unique
2589,pmet_DCAMPL1_h,DCAMPL1_hNo2,F4I1L9,Unique
2590,pmet_IMPDH_c,IMPDH_cNo1,P47996,Unique
2591,pmet_IMPDH_c,IMPDH_cNo2,Q9SA34,Unique
2592,pmet_DCAMPL2_h,DCAMPL2_hNo1,A0A654FQL5,Unique
2593,pmet_DCAMPL2_h,DCAMPL2_hNo1,Q8RY94,Unique
2594,pmet_DCAMPL2_h,DCAMPL2_hNo2,F4I1L9,Unique
2595,pmet_CTPS_c,CTPS_cNo1,A0A384K8P2,Unique
2596,pmet_CTPS_c,CTPS_cNo1,Q9LTW8,Unique
2597,pmet_CTPS_c,CTPS_cNo2,A0A1P8B6F9,Unique
2598,pmet_CTPS_c,CTPS_cNo3,Q0WRY1,Unique
2599,pmet_CTPS_c,CTPS_cNo4,O64753,Unique
2600,pmet_CTPS_c,CTPS_cNo5,A0A178WJZ2,Unique
2601,pmet_CTPS_c,CTPS_cNo5,F4I6G9,Unique
2602,pmet_AMPK_c,AMPK_cNo1,Q9ZUU1,Unique
2603,pmet_AMPK_c,AMPK_cNo2,Q9FK35,Unique
2604,pmet_AMPK_c,AMPK_cNo3,O82514,Unique
2605,pmet_AMPK_h,AMPK_hNo1,Q8VYL1,Unique
2606,pmet_AMPK_h,AMPK_hNo2,Q9ZUU1,Unique
2607,pmet_AMPK_h,AMPK_hNo3,Q9FIJ7,Unique
2608,pmet_GMPK_c,GMPK_cNo1,P93757,Unique
2609,pmet_GMPK_c,GMPK_cNo2,Q9M682,Unique
2610,pmet_ADPR_c,ADPR_cNo1,P50651,Unique
2611,pmet_ADPR_c,ADPR_cNo1,Q9SJ20,Obligate
2612,pmet_ADPR_c,ADPR_cNo2,Q9SJ20,Obligate
2613,pmet_ADPR_c,ADPR_cNo2,Q9LSD0,Unique
2614,pmet_CDPR_c,CDPR_cNo1,P50651,Unique
2615,pmet_CDPR_c,CDPR_cNo1,Q9SJ20,Obligate
2616,pmet_CDPR_c,CDPR_cNo2,Q9SJ20,Obligate
2617,pmet_CDPR_c,CDPR_cNo2,Q9LSD0,Unique
2618,pmet_GDPR_c,GDPR_cNo1,P50651,Unique
2619,pmet_GDPR_c,GDPR_cNo1,Q9SJ20,Obligate
2620,pmet_GDPR_c,GDPR_cNo2,Q9SJ20,Obligate
2621,pmet_GDPR_c,GDPR_cNo2,Q9LSD0,Unique
2622,pmet_UDPR_c,UDPR_cNo1,P50651,Unique
2623,pmet_UDPR_c,UDPR_cNo1,Q9SJ20,Obligate
2624,pmet_UDPR_c,UDPR_cNo2,Q9SJ20,Obligate
2625,pmet_UDPR_c,UDPR_cNo2,Q9LSD0,Unique
2626,pmet_GDPK_c,GDPK_cNo1,P39207,Unique
2627,pmet_GDPK_c,GDPK_cNo2,O64903,Unique
2628,pmet_GDPK_h,GDPK_hNo1,P39207,Unique
2629,pmet_GDPK_h,GDPK_hNo2,O64903,Unique
2630,pmet_UDPK_c,UDPK_cNo1,P39207,Unique
2631,pmet_UDPK_c,UDPK_cNo2,O64903,Unique
2632,pmet_dADPK_c,dADPK_cNo1,P39207,Unique
2633,pmet_dADPK_c,dADPK_cNo2,O64903,Unique
2634,pmet_dCDPK_c,dCDPK_cNo1,P39207,Unique
2635,pmet_dCDPK_c,dCDPK_cNo2,O64903,Unique
2636,pmet_dGDPK_c,dGDPK_cNo1,P39207,Unique
2637,pmet_dGDPK_c,dGDPK_cNo2,O64903,Unique
2638,pmet_dTDPK_c,dTDPK_cNo1,P39207,Unique
2639,pmet_dTDPK_c,dTDPK_cNo2,O64903,Unique
2640,pmet_dUDPK_c,dUDPK_cNo1,P39207,Unique
2641,pmet_dUDPK_c,dUDPK_cNo2,O64903,Unique
2642,pmet_AOX1A_m,AOX1A_mNo1,Q39219,Unique
2643,pmet_AOX1A_m,AOX1A_mNo2,O23913,Unique
2644,pmet_AOX1A_m,AOX1A_mNo3,O22048,Unique
2645,pmet_AOX1A_m,AOX1A_mNo4,O22049,Unique
2646,pmet_AOX1A_m,AOX1A_mNo5,Q8LEE7,Unique
2647,pmet_AspAT2_c,AspAT2_cNo1,Q8GYY0,Unique
2648,pmet_AspAT2_c,AspAT2_cNo2,Q9LQ10,Unique
2649,pmet_AspAT2_c,AspAT2_cNo3,P46646,Unique
2650,pmet_AspAT2_c,AspAT2_cNo4,P46645,Unique
2651,pmet_AspAT2_c,AspAT2_cNo5,P46644,Unique
2652,pmet_AspAT2_c,AspAT2_cNo6,Q9SIE1,Unique
2653,pmet_AspAT2_h,AspAT2_hNo1,Q9SIE1,Unique
2654,pmet_AspAT2_h,AspAT2_hNo2,P46248,Unique
2655,pmet_AspAT2_h,AspAT2_hNo3,P46644,Unique
2656,pmet_AspAT2_m,AspAT2_mNo1,P46643,Unique
2657,pmet_AspAT2_m,AspAT2_mNo2,P46248,Unique
2658,pmet_CHRM_h,CHRM_hNo1,P42738,Unique
2659,pmet_CHRM_h,CHRM_hNo2,Q9C544,Unique
2660,pmet_MetAdT_c,MetAdT_cNo1,P23686,Unique
2661,pmet_MetAdT_c,MetAdT_cNo2,Q9SJL8,Unique
2662,pmet_MetAdT_c,MetAdT_cNo3,P17562,Unique
2663,pmet_MetAdT_c,MetAdT_cNo4,Q9LUT2,Unique
2664,pmet_NDA2_1_m,NDA2_1_mNo1,Q8GWA1,Unique
2665,pmet_NDA2_1_m,NDA2_1_mNo2,O80874,Unique
2666,pmet_NDA2_1_m,NDA2_1_mNo3,Q1JPL4,Unique
2667,pmet_NDA2_1_m,NDA2_1_mNo4,Q94BV7,Unique
2668,pmet_NDA2_1_m,NDA2_1_mNo5,F4JJJ3,Unique
2669,pmet_NDA2_1_m,NDA2_1_mNo6,Q9SKT7,Unique
2670,pmet_NDA2_1_m,NDA2_1_mNo7,Q8GXR9,Unique
2671,pmet_NDA2_2_m,NDA2_2_mNo1,Q8GWA1,Unique
2672,pmet_NDA2_2_m,NDA2_2_mNo2,O80874,Unique
2673,pmet_NDA2_2_m,NDA2_2_mNo3,Q1JPL4,Unique
2674,pmet_NDA2_2_m,NDA2_2_mNo4,Q94BV7,Unique
2675,pmet_NDA2_2_m,NDA2_2_mNo5,F4JJJ3,Unique
2676,pmet_NDA2_2_m,NDA2_2_mNo6,Q9SKT7,Unique
2677,pmet_NDA2_2_m,NDA2_2_mNo7,Q8GXR9,Unique
2678,pmet_ATPase_h_REV,ATPase_h_REVNo1,P09468,Obligate
2679,pmet_ATPase_h_REV,ATPase_h_REVNo1,P19366,Obligate
2680,pmet_ATPase_h_REV,ATPase_h_REVNo1,P56757,Obligate
2681,pmet_ATPase_h_REV,ATPase_h_REVNo1,P56758,Obligate
2682,pmet_ATPase_h_REV,ATPase_h_REVNo1,P56759,Obligate
2683,pmet_ATPase_h_REV,ATPase_h_REVNo1,P56760,Obligate
2684,pmet_ATPase_h_REV,ATPase_h_REVNo1,Q01908,Unique
2685,pmet_ATPase_h_REV,ATPase_h_REVNo1,Q9SSS9,Obligate
2686,pmet_ATPase_h_REV,ATPase_h_REVNo2,P09468,Obligate
2687,pmet_ATPase_h_REV,ATPase_h_REVNo2,P19366,Obligate
2688,pmet_ATPase_h_REV,ATPase_h_REVNo2,P56757,Obligate
2689,pmet_ATPase_h_REV,ATPase_h_REVNo2,P56758,Obligate
2690,pmet_ATPase_h_REV,ATPase_h_REVNo2,P56759,Obligate
2691,pmet_ATPase_h_REV,ATPase_h_REVNo2,P56760,Obligate
2692,pmet_ATPase_h_REV,ATPase_h_REVNo2,Q9SSS9,Obligate
2693,pmet_ATPase_h_REV,ATPase_h_REVNo2,Q01909,Unique
2694,pmet_PGAK_h_REV,PGAK_h_REVNo1,Q9LD57,Unique
2695,pmet_PGAK_h_REV,PGAK_h_REVNo2,P50318,Unique
2696,pmet_TPI_h_REV,TPI_h_REVNo1,P48491,Unique
2697,pmet_TPI_h_REV,TPI_h_REVNo2,Q9SKP6,Unique
2698,pmet_FBPA_h_REV,FBPA_h_REVNo1,Q9ZU52,Unique
2699,pmet_FBPA_h_REV,FBPA_h_REVNo2,O65581,Unique
2700,pmet_FBPA_h_REV,FBPA_h_REVNo3,Q9LF98,Unique
2701,pmet_FBPA_h_REV,FBPA_h_REVNo4,Q944G9,Unique
2702,pmet_FBPA_h_REV,FBPA_h_REVNo5,F4KGQ0,Unique
2703,pmet_FBPA_h_REV,FBPA_h_REVNo6,Q9SJU4,Unique
2704,pmet_FTK_h_REV,FTK_h_REVNo1,Q8RWV0,Unique
2705,pmet_FTK_h_REV,FTK_h_REVNo2,F4IW47,Unique
2706,pmet_STK_h_REV,STK_h_REVNo1,Q8RWV0,Unique
2707,pmet_STK_h_REV,STK_h_REVNo2,F4IW47,Unique
2708,pmet_PGM_h_REV,PGM_h_REVNo1,O49299,Unique
2709,pmet_PGM_h_REV,PGM_h_REVNo2,Q9SGC1,Unique
2710,pmet_PGM_h_REV,PGM_h_REVNo3,Q9SCY0,Unique
2711,pmet_TPI_c_REV,TPI_c_REVNo1,P48491,Unique
2712,pmet_TPI_c_REV,TPI_c_REVNo2,Q9SKP6,Unique
2713,pmet_FBPA_c_REV,FBPA_c_REVNo1,P22197,Unique
2714,pmet_FBPA_c_REV,FBPA_c_REVNo2,O65581,Unique
2715,pmet_FBPA_c_REV,FBPA_c_REVNo3,Q9LF98,Unique
2716,pmet_FBPA_c_REV,FBPA_c_REVNo4,Q9SJQ9,Unique
2717,pmet_FBPA_c_REV,FBPA_c_REVNo5,F4KGQ0,Unique
2718,pmet_PGI_c_REV,PGI_c_REVNo1,Q8H103,Unique
2719,pmet_PGI_c_REV,PGI_c_REVNo2,P34795,Unique
2720,pmet_PGM_c_REV,PGM_c_REVNo1,O49299,Unique
2721,pmet_PGM_c_REV,PGM_c_REVNo2,Q9SGC1,Unique
2722,pmet_PGM_c_REV,PGM_c_REVNo3,Q9SCY0,Unique
2723,pmet_UGPase_c_REV,UGPase_c_REVNo1,P57751,Unique
2724,pmet_UGPase_c_REV,UGPase_c_REVNo2,Q9M9P3,Unique
2725,pmet_SucS_c_REV,SucS_c_REVNo1,P49040,Unique
2726,pmet_SucS_c_REV,SucS_c_REVNo2,Q00917,Unique
2727,pmet_SucS_c_REV,SucS_c_REVNo3,Q9LXL5,Unique
2728,pmet_MalDH1_c_REV,MalDH1_c_REVNo1,P57106,Unique
2729,pmet_MalDH1_c_REV,MalDH1_c_REVNo2,Q9FJU0,Unique
2730,pmet_MalDH1_c_REV,MalDH1_c_REVNo3,P93819,Unique
2731,pmet_PEPC2_c_REV,PEPC2_c_REVNo1,Q9MAH0,Unique
2732,pmet_PEPC2_c_REV,PEPC2_c_REVNo2,Q5GM68,Unique
2733,pmet_PEPC2_c_REV,PEPC2_c_REVNo3,Q84VW9,Unique
2734,pmet_PEPC2_c_REV,PEPC2_c_REVNo4,Q8GVE8,Unique
2735,pmet_Enol_c_REV,Enol_c_REVNo1,Q9ZW34,Unique
2736,pmet_Enol_c_REV,Enol_c_REVNo2,P25696,Unique
2737,pmet_PGAM_c_REV,PGAM_c_REVNo1,Q9SCS3,Unique
2738,pmet_PGAM_c_REV,PGAM_c_REVNo2,O04499,Unique
2739,pmet_PGAM_c_REV,PGAM_c_REVNo3,Q9M9K1,Unique
2740,pmet_PGAK_c_REV,PGAK_c_REVNo1,Q9LD57,Unique
2741,pmet_PGAK_c_REV,PGAK_c_REVNo2,Q9SAJ4,Unique
2742,pmet_GAPDH2_c_REV,GAPDH2_c_REVNo1,P25858,Unique
2743,pmet_GAPDH2_c_REV,GAPDH2_c_REVNo2,Q9FX54,Unique
2744,pmet_GAPDH2_h_REV,GAPDH2_h_REVNo1,Q9SAJ6,Unique
2745,pmet_GAPDH2_h_REV,GAPDH2_h_REVNo2,Q5E924,Unique
2746,pmet_PGAM_h_REV,PGAM_h_REVNo1,Q9LM13,Unique
2747,pmet_PGAM_h_REV,PGAM_h_REVNo2,F4I8M8,Unique
2748,pmet_Enol_h_REV,Enol_h_REVNo1,Q9C9C4,Unique
2749,pmet_Enol_h_REV,Enol_h_REVNo2,P25696,Unique
2750,pmet_cACNDHA_m_REV,cACNDHA_m_REVNo1,Q42560,Unique
2751,pmet_cACNDHA_m_REV,cACNDHA_m_REVNo2,Q9SIB9,Unique
2752,pmet_cACNDHA_m_REV,cACNDHA_m_REVNo3,Q94A28,Unique
2753,pmet_cACNHA_m_REV,cACNHA_m_REVNo1,Q42560,Unique
2754,pmet_cACNHA_m_REV,cACNHA_m_REVNo2,Q9SIB9,Unique
2755,pmet_cACNHA_m_REV,cACNHA_m_REVNo3,Q94A28,Unique
2756,pmet_FumHA_m_REV,FumHA_m_REVNo1,P93033,Unique
2757,pmet_FumHA_m_REV,FumHA_m_REVNo2,Q9FI53,Unique
2758,pmet_MalDH1_m_REV,MalDH1_m_REVNo1,Q9ZP06,Unique
2759,pmet_MalDH1_m_REV,MalDH1_m_REVNo2,Q9LKA3,Unique
2760,pmet_cplx5_m_REV,cplx5_m_REVNo1,P60112,Shared
2761,pmet_cplx5_m_REV,cplx5_m_REVNo1,P83483,Shared
2762,pmet_cplx5_m_REV,cplx5_m_REVNo1,P92549,Obligate
2763,pmet_cplx5_m_REV,cplx5_m_REVNo1,Q04613,Shared
2764,pmet_cplx5_m_REV,cplx5_m_REVNo1,Q96250,Obligate
2765,pmet_cplx5_m_REV,cplx5_m_REVNo1,Q96251,Shared
2766,pmet_cplx5_m_REV,cplx5_m_REVNo1,Q96253,Obligate
2767,pmet_cplx5_m_REV,cplx5_m_REVNo1,Q9FT52,Obligate
2768,pmet_cplx5_m_REV,cplx5_m_REVNo2,P60112,Shared
2769,pmet_cplx5_m_REV,cplx5_m_REVNo2,P92549,Obligate
2770,pmet_cplx5_m_REV,cplx5_m_REVNo2,Q04613,Shared
2771,pmet_cplx5_m_REV,cplx5_m_REVNo2,Q96250,Obligate
2772,pmet_cplx5_m_REV,cplx5_m_REVNo2,Q96251,Shared
2773,pmet_cplx5_m_REV,cplx5_m_REVNo2,Q96253,Obligate
2774,pmet_cplx5_m_REV,cplx5_m_REVNo2,Q9FT52,Obligate
2775,pmet_cplx5_m_REV,cplx5_m_REVNo2,P83484,Shared
2776,pmet_cplx5_m_REV,cplx5_m_REVNo3,P60112,Shared
2777,pmet_cplx5_m_REV,cplx5_m_REVNo3,P92549,Obligate
2778,pmet_cplx5_m_REV,cplx5_m_REVNo3,Q04613,Shared
2779,pmet_cplx5_m_REV,cplx5_m_REVNo3,Q96250,Obligate
2780,pmet_cplx5_m_REV,cplx5_m_REVNo3,Q96251,Shared
2781,pmet_cplx5_m_REV,cplx5_m_REVNo3,Q96253,Obligate
2782,pmet_cplx5_m_REV,cplx5_m_REVNo3,Q9FT52,Obligate
2783,pmet_cplx5_m_REV,cplx5_m_REVNo3,Q9C5A9,Shared
2784,pmet_cplx5_m_REV,cplx5_m_REVNo4,P60112,Shared
2785,pmet_cplx5_m_REV,cplx5_m_REVNo4,P83483,Shared
2786,pmet_cplx5_m_REV,cplx5_m_REVNo4,P92549,Obligate
2787,pmet_cplx5_m_REV,cplx5_m_REVNo4,Q04613,Shared
2788,pmet_cplx5_m_REV,cplx5_m_REVNo4,Q96250,Obligate
2789,pmet_cplx5_m_REV,cplx5_m_REVNo4,Q96253,Obligate
2790,pmet_cplx5_m_REV,cplx5_m_REVNo4,Q9FT52,Obligate
2791,pmet_cplx5_m_REV,cplx5_m_REVNo4,Q96252,Shared
2792,pmet_cplx5_m_REV,cplx5_m_REVNo5,P60112,Shared
2793,pmet_cplx5_m_REV,cplx5_m_REVNo5,P92549,Obligate
2794,pmet_cplx5_m_REV,cplx5_m_REVNo5,Q04613,Shared
2795,pmet_cplx5_m_REV,cplx5_m_REVNo5,Q96250,Obligate
2796,pmet_cplx5_m_REV,cplx5_m_REVNo5,Q96253,Obligate
2797,pmet_cplx5_m_REV,cplx5_m_REVNo5,Q9FT52,Obligate
2798,pmet_cplx5_m_REV,cplx5_m_REVNo5,P83484,Shared
2799,pmet_cplx5_m_REV,cplx5_m_REVNo5,Q96252,Shared
2800,pmet_cplx5_m_REV,cplx5_m_REVNo6,P60112,Shared
2801,pmet_cplx5_m_REV,cplx5_m_REVNo6,P92549,Obligate
2802,pmet_cplx5_m_REV,cplx5_m_REVNo6,Q04613,Shared
2803,pmet_cplx5_m_REV,cplx5_m_REVNo6,Q96250,Obligate
2804,pmet_cplx5_m_REV,cplx5_m_REVNo6,Q96253,Obligate
2805,pmet_cplx5_m_REV,cplx5_m_REVNo6,Q9FT52,Obligate
2806,pmet_cplx5_m_REV,cplx5_m_REVNo6,Q9C5A9,Shared
2807,pmet_cplx5_m_REV,cplx5_m_REVNo6,Q96252,Shared
2808,pmet_cplx5_m_REV,cplx5_m_REVNo7,P60112,Shared
2809,pmet_cplx5_m_REV,cplx5_m_REVNo7,P83483,Shared
2810,pmet_cplx5_m_REV,cplx5_m_REVNo7,P92549,Obligate
2811,pmet_cplx5_m_REV,cplx5_m_REVNo7,Q04613,Shared
2812,pmet_cplx5_m_REV,cplx5_m_REVNo7,Q96250,Obligate
2813,pmet_cplx5_m_REV,cplx5_m_REVNo7,Q96251,Shared
2814,pmet_cplx5_m_REV,cplx5_m_REVNo7,Q96253,Obligate
2815,pmet_cplx5_m_REV,cplx5_m_REVNo7,Q9FT52,Obligate
2816,pmet_cplx5_m_REV,cplx5_m_REVNo7,P92547,Shared
2817,pmet_cplx5_m_REV,cplx5_m_REVNo8,P60112,Shared
2818,pmet_cplx5_m_REV,cplx5_m_REVNo8,P92549,Obligate
2819,pmet_cplx5_m_REV,cplx5_m_REVNo8,Q04613,Shared
2820,pmet_cplx5_m_REV,cplx5_m_REVNo8,Q96250,Obligate
2821,pmet_cplx5_m_REV,cplx5_m_REVNo8,Q96251,Shared
2822,pmet_cplx5_m_REV,cplx5_m_REVNo8,Q96253,Obligate
2823,pmet_cplx5_m_REV,cplx5_m_REVNo8,Q9FT52,Obligate
2824,pmet_cplx5_m_REV,cplx5_m_REVNo8,P83484,Shared
2825,pmet_cplx5_m_REV,cplx5_m_REVNo8,P92547,Shared
2826,pmet_cplx5_m_REV,cplx5_m_REVNo9,P60112,Shared
2827,pmet_cplx5_m_REV,cplx5_m_REVNo9,P92549,Obligate
2828,pmet_cplx5_m_REV,cplx5_m_REVNo9,Q04613,Shared
2829,pmet_cplx5_m_REV,cplx5_m_REVNo9,Q96250,Obligate
2830,pmet_cplx5_m_REV,cplx5_m_REVNo9,Q96251,Shared
2831,pmet_cplx5_m_REV,cplx5_m_REVNo9,Q96253,Obligate
2832,pmet_cplx5_m_REV,cplx5_m_REVNo9,Q9FT52,Obligate
2833,pmet_cplx5_m_REV,cplx5_m_REVNo9,Q9C5A9,Shared
2834,pmet_cplx5_m_REV,cplx5_m_REVNo9,P92547,Shared
2835,pmet_cplx5_m_REV,cplx5_m_REVNo10,P60112,Shared
2836,pmet_cplx5_m_REV,cplx5_m_REVNo10,P83483,Shared
2837,pmet_cplx5_m_REV,cplx5_m_REVNo10,P92549,Obligate
2838,pmet_cplx5_m_REV,cplx5_m_REVNo10,Q04613,Shared
2839,pmet_cplx5_m_REV,cplx5_m_REVNo10,Q96250,Obligate
2840,pmet_cplx5_m_REV,cplx5_m_REVNo10,Q96253,Obligate
2841,pmet_cplx5_m_REV,cplx5_m_REVNo10,Q9FT52,Obligate
2842,pmet_cplx5_m_REV,cplx5_m_REVNo10,Q96252,Shared
2843,pmet_cplx5_m_REV,cplx5_m_REVNo10,P92547,Shared
2844,pmet_cplx5_m_REV,cplx5_m_REVNo11,P60112,Shared
2845,pmet_cplx5_m_REV,cplx5_m_REVNo11,P92549,Obligate
2846,pmet_cplx5_m_REV,cplx5_m_REVNo11,Q04613,Shared
2847,pmet_cplx5_m_REV,cplx5_m_REVNo11,Q96250,Obligate
2848,pmet_cplx5_m_REV,cplx5_m_REVNo11,Q96253,Obligate
2849,pmet_cplx5_m_REV,cplx5_m_REVNo11,Q9FT52,Obligate
2850,pmet_cplx5_m_REV,cplx5_m_REVNo11,P83484,Shared
2851,pmet_cplx5_m_REV,cplx5_m_REVNo11,Q96252,Shared
2852,pmet_cplx5_m_REV,cplx5_m_REVNo11,P92547,Shared
2853,pmet_cplx5_m_REV,cplx5_m_REVNo12,P60112,Shared
2854,pmet_cplx5_m_REV,cplx5_m_REVNo12,P92549,Obligate
2855,pmet_cplx5_m_REV,cplx5_m_REVNo12,Q04613,Shared
2856,pmet_cplx5_m_REV,cplx5_m_REVNo12,Q96250,Obligate
2857,pmet_cplx5_m_REV,cplx5_m_REVNo12,Q96253,Obligate
2858,pmet_cplx5_m_REV,cplx5_m_REVNo12,Q9FT52,Obligate
2859,pmet_cplx5_m_REV,cplx5_m_REVNo12,Q9C5A9,Shared
2860,pmet_cplx5_m_REV,cplx5_m_REVNo12,Q96252,Shared
2861,pmet_cplx5_m_REV,cplx5_m_REVNo12,P92547,Shared
2862,pmet_cplx5_m_REV,cplx5_m_REVNo13,P60112,Shared
2863,pmet_cplx5_m_REV,cplx5_m_REVNo13,P83483,Shared
2864,pmet_cplx5_m_REV,cplx5_m_REVNo13,P92549,Obligate
2865,pmet_cplx5_m_REV,cplx5_m_REVNo13,Q96250,Obligate
2866,pmet_cplx5_m_REV,cplx5_m_REVNo13,Q96251,Shared
2867,pmet_cplx5_m_REV,cplx5_m_REVNo13,Q96253,Obligate
2868,pmet_cplx5_m_REV,cplx5_m_REVNo13,Q9FT52,Obligate
2869,pmet_cplx5_m_REV,cplx5_m_REVNo14,P60112,Shared
2870,pmet_cplx5_m_REV,cplx5_m_REVNo14,P92549,Obligate
2871,pmet_cplx5_m_REV,cplx5_m_REVNo14,Q96250,Obligate
2872,pmet_cplx5_m_REV,cplx5_m_REVNo14,Q96251,Shared
2873,pmet_cplx5_m_REV,cplx5_m_REVNo14,Q96253,Obligate
2874,pmet_cplx5_m_REV,cplx5_m_REVNo14,Q9FT52,Obligate
2875,pmet_cplx5_m_REV,cplx5_m_REVNo14,P83484,Shared
2876,pmet_cplx5_m_REV,cplx5_m_REVNo15,P60112,Shared
2877,pmet_cplx5_m_REV,cplx5_m_REVNo15,P92549,Obligate
2878,pmet_cplx5_m_REV,cplx5_m_REVNo15,Q96250,Obligate
2879,pmet_cplx5_m_REV,cplx5_m_REVNo15,Q96251,Shared
2880,pmet_cplx5_m_REV,cplx5_m_REVNo15,Q96253,Obligate
2881,pmet_cplx5_m_REV,cplx5_m_REVNo15,Q9FT52,Obligate
2882,pmet_cplx5_m_REV,cplx5_m_REVNo15,Q9C5A9,Shared
2883,pmet_cplx5_m_REV,cplx5_m_REVNo16,P60112,Shared
2884,pmet_cplx5_m_REV,cplx5_m_REVNo16,P83483,Shared
2885,pmet_cplx5_m_REV,cplx5_m_REVNo16,P92549,Obligate
2886,pmet_cplx5_m_REV,cplx5_m_REVNo16,Q96250,Obligate
2887,pmet_cplx5_m_REV,cplx5_m_REVNo16,Q96253,Obligate
2888,pmet_cplx5_m_REV,cplx5_m_REVNo16,Q9FT52,Obligate
2889,pmet_cplx5_m_REV,cplx5_m_REVNo16,Q96252,Shared
2890,pmet_cplx5_m_REV,cplx5_m_REVNo17,P60112,Shared
2891,pmet_cplx5_m_REV,cplx5_m_REVNo17,P92549,Obligate
2892,pmet_cplx5_m_REV,cplx5_m_REVNo17,Q96250,Obligate
2893,pmet_cplx5_m_REV,cplx5_m_REVNo17,Q96253,Obligate
2894,pmet_cplx5_m_REV,cplx5_m_REVNo17,Q9FT52,Obligate
2895,pmet_cplx5_m_REV,cplx5_m_REVNo17,P83484,Shared
2896,pmet_cplx5_m_REV,cplx5_m_REVNo17,Q96252,Shared
2897,pmet_cplx5_m_REV,cplx5_m_REVNo18,P60112,Shared
2898,pmet_cplx5_m_REV,cplx5_m_REVNo18,P92549,Obligate
2899,pmet_cplx5_m_REV,cplx5_m_REVNo18,Q96250,Obligate
2900,pmet_cplx5_m_REV,cplx5_m_REVNo18,Q96253,Obligate
2901,pmet_cplx5_m_REV,cplx5_m_REVNo18,Q9FT52,Obligate
2902,pmet_cplx5_m_REV,cplx5_m_REVNo18,Q9C5A9,Shared
2903,pmet_cplx5_m_REV,cplx5_m_REVNo18,Q96252,Shared
2904,pmet_cplx5_m_REV,cplx5_m_REVNo19,P60112,Shared
2905,pmet_cplx5_m_REV,cplx5_m_REVNo19,P83483,Shared
2906,pmet_cplx5_m_REV,cplx5_m_REVNo19,P92549,Obligate
2907,pmet_cplx5_m_REV,cplx5_m_REVNo19,Q96250,Obligate
2908,pmet_cplx5_m_REV,cplx5_m_REVNo19,Q96251,Shared
2909,pmet_cplx5_m_REV,cplx5_m_REVNo19,Q96253,Obligate
2910,pmet_cplx5_m_REV,cplx5_m_REVNo19,Q9FT52,Obligate
2911,pmet_cplx5_m_REV,cplx5_m_REVNo19,P92547,Shared
2912,pmet_cplx5_m_REV,cplx5_m_REVNo20,P60112,Shared
2913,pmet_cplx5_m_REV,cplx5_m_REVNo20,P92549,Obligate
2914,pmet_cplx5_m_REV,cplx5_m_REVNo20,Q96250,Obligate
2915,pmet_cplx5_m_REV,cplx5_m_REVNo20,Q96251,Shared
2916,pmet_cplx5_m_REV,cplx5_m_REVNo20,Q96253,Obligate
2917,pmet_cplx5_m_REV,cplx5_m_REVNo20,Q9FT52,Obligate
2918,pmet_cplx5_m_REV,cplx5_m_REVNo20,P83484,Shared
2919,pmet_cplx5_m_REV,cplx5_m_REVNo20,P92547,Shared
2920,pmet_cplx5_m_REV,cplx5_m_REVNo21,P60112,Shared
2921,pmet_cplx5_m_REV,cplx5_m_REVNo21,P92549,Obligate
2922,pmet_cplx5_m_REV,cplx5_m_REVNo21,Q96250,Obligate
2923,pmet_cplx5_m_REV,cplx5_m_REVNo21,Q96251,Shared
2924,pmet_cplx5_m_REV,cplx5_m_REVNo21,Q96253,Obligate
2925,pmet_cplx5_m_REV,cplx5_m_REVNo21,Q9FT52,Obligate
2926,pmet_cplx5_m_REV,cplx5_m_REVNo21,Q9C5A9,Shared
2927,pmet_cplx5_m_REV,cplx5_m_REVNo21,P92547,Shared
2928,pmet_cplx5_m_REV,cplx5_m_REVNo22,P60112,Shared
2929,pmet_cplx5_m_REV,cplx5_m_REVNo22,P83483,Shared
2930,pmet_cplx5_m_REV,cplx5_m_REVNo22,P92549,Obligate
2931,pmet_cplx5_m_REV,cplx5_m_REVNo22,Q96250,Obligate
2932,pmet_cplx5_m_REV,cplx5_m_REVNo22,Q96253,Obligate
2933,pmet_cplx5_m_REV,cplx5_m_REVNo22,Q9FT52,Obligate
2934,pmet_cplx5_m_REV,cplx5_m_REVNo22,Q96252,Shared
2935,pmet_cplx5_m_REV,cplx5_m_REVNo22,P92547,Shared
2936,pmet_cplx5_m_REV,cplx5_m_REVNo23,P60112,Shared
2937,pmet_cplx5_m_REV,cplx5_m_REVNo23,P92549,Obligate
2938,pmet_cplx5_m_REV,cplx5_m_REVNo23,Q96250,Obligate
2939,pmet_cplx5_m_REV,cplx5_m_REVNo23,Q96253,Obligate
2940,pmet_cplx5_m_REV,cplx5_m_REVNo23,Q9FT52,Obligate
2941,pmet_cplx5_m_REV,cplx5_m_REVNo23,P83484,Shared
2942,pmet_cplx5_m_REV,cplx5_m_REVNo23,Q96252,Shared
2943,pmet_cplx5_m_REV,cplx5_m_REVNo23,P92547,Shared
2944,pmet_cplx5_m_REV,cplx5_m_REVNo24,P60112,Shared
2945,pmet_cplx5_m_REV,cplx5_m_REVNo24,P92549,Obligate
2946,pmet_cplx5_m_REV,cplx5_m_REVNo24,Q96250,Obligate
2947,pmet_cplx5_m_REV,cplx5_m_REVNo24,Q96253,Obligate
2948,pmet_cplx5_m_REV,cplx5_m_REVNo24,Q9FT52,Obligate
2949,pmet_cplx5_m_REV,cplx5_m_REVNo24,Q9C5A9,Shared
2950,pmet_cplx5_m_REV,cplx5_m_REVNo24,Q96252,Shared
2951,pmet_cplx5_m_REV,cplx5_m_REVNo24,P92547,Shared
2952,pmet_cplx5_m_REV,cplx5_m_REVNo25,P83483,Shared
2953,pmet_cplx5_m_REV,cplx5_m_REVNo25,P92549,Obligate
2954,pmet_cplx5_m_REV,cplx5_m_REVNo25,Q04613,Shared
2955,pmet_cplx5_m_REV,cplx5_m_REVNo25,Q96250,Obligate
2956,pmet_cplx5_m_REV,cplx5_m_REVNo25,Q96251,Shared
2957,pmet_cplx5_m_REV,cplx5_m_REVNo25,Q96253,Obligate
2958,pmet_cplx5_m_REV,cplx5_m_REVNo25,Q9FT52,Obligate
2959,pmet_cplx5_m_REV,cplx5_m_REVNo26,P92549,Obligate
2960,pmet_cplx5_m_REV,cplx5_m_REVNo26,Q04613,Shared
2961,pmet_cplx5_m_REV,cplx5_m_REVNo26,Q96250,Obligate
2962,pmet_cplx5_m_REV,cplx5_m_REVNo26,Q96251,Shared
2963,pmet_cplx5_m_REV,cplx5_m_REVNo26,Q96253,Obligate
2964,pmet_cplx5_m_REV,cplx5_m_REVNo26,Q9FT52,Obligate
2965,pmet_cplx5_m_REV,cplx5_m_REVNo26,P83484,Shared
2966,pmet_cplx5_m_REV,cplx5_m_REVNo27,P92549,Obligate
2967,pmet_cplx5_m_REV,cplx5_m_REVNo27,Q04613,Shared
2968,pmet_cplx5_m_REV,cplx5_m_REVNo27,Q96250,Obligate
2969,pmet_cplx5_m_REV,cplx5_m_REVNo27,Q96251,Shared
2970,pmet_cplx5_m_REV,cplx5_m_REVNo27,Q96253,Obligate
2971,pmet_cplx5_m_REV,cplx5_m_REVNo27,Q9FT52,Obligate
2972,pmet_cplx5_m_REV,cplx5_m_REVNo27,Q9C5A9,Shared
2973,pmet_cplx5_m_REV,cplx5_m_REVNo28,P83483,Shared
2974,pmet_cplx5_m_REV,cplx5_m_REVNo28,P92549,Obligate
2975,pmet_cplx5_m_REV,cplx5_m_REVNo28,Q04613,Shared
2976,pmet_cplx5_m_REV,cplx5_m_REVNo28,Q96250,Obligate
2977,pmet_cplx5_m_REV,cplx5_m_REVNo28,Q96253,Obligate
2978,pmet_cplx5_m_REV,cplx5_m_REVNo28,Q9FT52,Obligate
2979,pmet_cplx5_m_REV,cplx5_m_REVNo28,Q96252,Shared
2980,pmet_cplx5_m_REV,cplx5_m_REVNo29,P92549,Obligate
2981,pmet_cplx5_m_REV,cplx5_m_REVNo29,Q04613,Shared
2982,pmet_cplx5_m_REV,cplx5_m_REVNo29,Q96250,Obligate
2983,pmet_cplx5_m_REV,cplx5_m_REVNo29,Q96253,Obligate
2984,pmet_cplx5_m_REV,cplx5_m_REVNo29,Q9FT52,Obligate
2985,pmet_cplx5_m_REV,cplx5_m_REVNo29,P83484,Shared
2986,pmet_cplx5_m_REV,cplx5_m_REVNo29,Q96252,Shared
2987,pmet_cplx5_m_REV,cplx5_m_REVNo30,P92549,Obligate
2988,pmet_cplx5_m_REV,cplx5_m_REVNo30,Q04613,Shared
2989,pmet_cplx5_m_REV,cplx5_m_REVNo30,Q96250,Obligate
2990,pmet_cplx5_m_REV,cplx5_m_REVNo30,Q96253,Obligate
2991,pmet_cplx5_m_REV,cplx5_m_REVNo30,Q9FT52,Obligate
2992,pmet_cplx5_m_REV,cplx5_m_REVNo30,Q9C5A9,Shared
2993,pmet_cplx5_m_REV,cplx5_m_REVNo30,Q96252,Shared
2994,pmet_cplx5_m_REV,cplx5_m_REVNo31,P83483,Shared
2995,pmet_cplx5_m_REV,cplx5_m_REVNo31,P92549,Obligate
2996,pmet_cplx5_m_REV,cplx5_m_REVNo31,Q04613,Shared
2997,pmet_cplx5_m_REV,cplx5_m_REVNo31,Q96250,Obligate
2998,pmet_cplx5_m_REV,cplx5_m_REVNo31,Q96251,Shared
2999,pmet_cplx5_m_REV,cplx5_m_REVNo31,Q96253,Obligate
3000,pmet_cplx5_m_REV,cplx5_m_REVNo31,Q9FT52,Obligate
3001,pmet_cplx5_m_REV,cplx5_m_REVNo31,P92547,Shared
3002,pmet_cplx5_m_REV,cplx5_m_REVNo32,P92549,Obligate
3003,pmet_cplx5_m_REV,cplx5_m_REVNo32,Q04613,Shared
3004,pmet_cplx5_m_REV,cplx5_m_REVNo32,Q96250,Obligate
3005,pmet_cplx5_m_REV,cplx5_m_REVNo32,Q96251,Shared
3006,pmet_cplx5_m_REV,cplx5_m_REVNo32,Q96253,Obligate
3007,pmet_cplx5_m_REV,cplx5_m_REVNo32,Q9FT52,Obligate
3008,pmet_cplx5_m_REV,cplx5_m_REVNo32,P83484,Shared
3009,pmet_cplx5_m_REV,cplx5_m_REVNo32,P92547,Shared
3010,pmet_cplx5_m_REV,cplx5_m_REVNo33,P92549,Obligate
3011,pmet_cplx5_m_REV,cplx5_m_REVNo33,Q04613,Shared
3012,pmet_cplx5_m_REV,cplx5_m_REVNo33,Q96250,Obligate
3013,pmet_cplx5_m_REV,cplx5_m_REVNo33,Q96251,Shared
3014,pmet_cplx5_m_REV,cplx5_m_REVNo33,Q96253,Obligate
3015,pmet_cplx5_m_REV,cplx5_m_REVNo33,Q9FT52,Obligate
3016,pmet_cplx5_m_REV,cplx5_m_REVNo33,Q9C5A9,Shared
3017,pmet_cplx5_m_REV,cplx5_m_REVNo33,P92547,Shared
3018,pmet_cplx5_m_REV,cplx5_m_REVNo34,P83483,Shared
3019,pmet_cplx5_m_REV,cplx5_m_REVNo34,P92549,Obligate
3020,pmet_cplx5_m_REV,cplx5_m_REVNo34,Q04613,Shared
3021,pmet_cplx5_m_REV,cplx5_m_REVNo34,Q96250,Obligate
3022,pmet_cplx5_m_REV,cplx5_m_REVNo34,Q96253,Obligate
3023,pmet_cplx5_m_REV,cplx5_m_REVNo34,Q9FT52,Obligate
3024,pmet_cplx5_m_REV,cplx5_m_REVNo34,Q96252,Shared
3025,pmet_cplx5_m_REV,cplx5_m_REVNo34,P92547,Shared
3026,pmet_cplx5_m_REV,cplx5_m_REVNo35,P92549,Obligate
3027,pmet_cplx5_m_REV,cplx5_m_REVNo35,Q04613,Shared
3028,pmet_cplx5_m_REV,cplx5_m_REVNo35,Q96250,Obligate
3029,pmet_cplx5_m_REV,cplx5_m_REVNo35,Q96253,Obligate
3030,pmet_cplx5_m_REV,cplx5_m_REVNo35,Q9FT52,Obligate
3031,pmet_cplx5_m_REV,cplx5_m_REVNo35,P83484,Shared
3032,pmet_cplx5_m_REV,cplx5_m_REVNo35,Q96252,Shared
3033,pmet_cplx5_m_REV,cplx5_m_REVNo35,P92547,Shared
3034,pmet_cplx5_m_REV,cplx5_m_REVNo36,P92549,Obligate
3035,pmet_cplx5_m_REV,cplx5_m_REVNo36,Q04613,Shared
3036,pmet_cplx5_m_REV,cplx5_m_REVNo36,Q96250,Obligate
3037,pmet_cplx5_m_REV,cplx5_m_REVNo36,Q96253,Obligate
3038,pmet_cplx5_m_REV,cplx5_m_REVNo36,Q9FT52,Obligate
3039,pmet_cplx5_m_REV,cplx5_m_REVNo36,Q9C5A9,Shared
3040,pmet_cplx5_m_REV,cplx5_m_REVNo36,Q96252,Shared
3041,pmet_cplx5_m_REV,cplx5_m_REVNo36,P92547,Shared
3042,pmet_cplx5_m_REV,cplx5_m_REVNo37,P83483,Shared
3043,pmet_cplx5_m_REV,cplx5_m_REVNo37,P92549,Obligate
3044,pmet_cplx5_m_REV,cplx5_m_REVNo37,Q96250,Obligate
3045,pmet_cplx5_m_REV,cplx5_m_REVNo37,Q96251,Shared
3046,pmet_cplx5_m_REV,cplx5_m_REVNo37,Q96253,Obligate
3047,pmet_cplx5_m_REV,cplx5_m_REVNo37,Q9FT52,Obligate
3048,pmet_cplx5_m_REV,cplx5_m_REVNo38,P92549,Obligate
3049,pmet_cplx5_m_REV,cplx5_m_REVNo38,Q96250,Obligate
3050,pmet_cplx5_m_REV,cplx5_m_REVNo38,Q96251,Shared
3051,pmet_cplx5_m_REV,cplx5_m_REVNo38,Q96253,Obligate
3052,pmet_cplx5_m_REV,cplx5_m_REVNo38,Q9FT52,Obligate
3053,pmet_cplx5_m_REV,cplx5_m_REVNo38,P83484,Shared
3054,pmet_cplx5_m_REV,cplx5_m_REVNo39,P92549,Obligate
3055,pmet_cplx5_m_REV,cplx5_m_REVNo39,Q96250,Obligate
3056,pmet_cplx5_m_REV,cplx5_m_REVNo39,Q96251,Shared
3057,pmet_cplx5_m_REV,cplx5_m_REVNo39,Q96253,Obligate
3058,pmet_cplx5_m_REV,cplx5_m_REVNo39,Q9FT52,Obligate
3059,pmet_cplx5_m_REV,cplx5_m_REVNo39,Q9C5A9,Shared
3060,pmet_cplx5_m_REV,cplx5_m_REVNo40,P83483,Shared
3061,pmet_cplx5_m_REV,cplx5_m_REVNo40,P92549,Obligate
3062,pmet_cplx5_m_REV,cplx5_m_REVNo40,Q96250,Obligate
3063,pmet_cplx5_m_REV,cplx5_m_REVNo40,Q96253,Obligate
3064,pmet_cplx5_m_REV,cplx5_m_REVNo40,Q9FT52,Obligate
3065,pmet_cplx5_m_REV,cplx5_m_REVNo40,Q96252,Shared
3066,pmet_cplx5_m_REV,cplx5_m_REVNo41,P92549,Obligate
3067,pmet_cplx5_m_REV,cplx5_m_REVNo41,Q96250,Obligate
3068,pmet_cplx5_m_REV,cplx5_m_REVNo41,Q96253,Obligate
3069,pmet_cplx5_m_REV,cplx5_m_REVNo41,Q9FT52,Obligate
3070,pmet_cplx5_m_REV,cplx5_m_REVNo41,P83484,Shared
3071,pmet_cplx5_m_REV,cplx5_m_REVNo41,Q96252,Shared
3072,pmet_cplx5_m_REV,cplx5_m_REVNo42,P92549,Obligate
3073,pmet_cplx5_m_REV,cplx5_m_REVNo42,Q96250,Obligate
3074,pmet_cplx5_m_REV,cplx5_m_REVNo42,Q96253,Obligate
3075,pmet_cplx5_m_REV,cplx5_m_REVNo42,Q9FT52,Obligate
3076,pmet_cplx5_m_REV,cplx5_m_REVNo42,Q9C5A9,Shared
3077,pmet_cplx5_m_REV,cplx5_m_REVNo42,Q96252,Shared
3078,pmet_cplx5_m_REV,cplx5_m_REVNo43,P83483,Shared
3079,pmet_cplx5_m_REV,cplx5_m_REVNo43,P92549,Obligate
3080,pmet_cplx5_m_REV,cplx5_m_REVNo43,Q96250,Obligate
3081,pmet_cplx5_m_REV,cplx5_m_REVNo43,Q96251,Shared
3082,pmet_cplx5_m_REV,cplx5_m_REVNo43,Q96253,Obligate
3083,pmet_cplx5_m_REV,cplx5_m_REVNo43,Q9FT52,Obligate
3084,pmet_cplx5_m_REV,cplx5_m_REVNo43,P92547,Shared
3085,pmet_cplx5_m_REV,cplx5_m_REVNo44,P92549,Obligate
3086,pmet_cplx5_m_REV,cplx5_m_REVNo44,Q96250,Obligate
3087,pmet_cplx5_m_REV,cplx5_m_REVNo44,Q96251,Shared
3088,pmet_cplx5_m_REV,cplx5_m_REVNo44,Q96253,Obligate
3089,pmet_cplx5_m_REV,cplx5_m_REVNo44,Q9FT52,Obligate
3090,pmet_cplx5_m_REV,cplx5_m_REVNo44,P83484,Shared
3091,pmet_cplx5_m_REV,cplx5_m_REVNo44,P92547,Shared
3092,pmet_cplx5_m_REV,cplx5_m_REVNo45,P92549,Obligate
3093,pmet_cplx5_m_REV,cplx5_m_REVNo45,Q96250,Obligate
3094,pmet_cplx5_m_REV,cplx5_m_REVNo45,Q96251,Shared
3095,pmet_cplx5_m_REV,cplx5_m_REVNo45,Q96253,Obligate
3096,pmet_cplx5_m_REV,cplx5_m_REVNo45,Q9FT52,Obligate
3097,pmet_cplx5_m_REV,cplx5_m_REVNo45,Q9C5A9,Shared
3098,pmet_cplx5_m_REV,cplx5_m_REVNo45,P92547,Shared
3099,pmet_cplx5_m_REV,cplx5_m_REVNo46,P83483,Shared
3100,pmet_cplx5_m_REV,cplx5_m_REVNo46,P92549,Obligate
3101,pmet_cplx5_m_REV,cplx5_m_REVNo46,Q96250,Obligate
3102,pmet_cplx5_m_REV,cplx5_m_REVNo46,Q96253,Obligate
3103,pmet_cplx5_m_REV,cplx5_m_REVNo46,Q9FT52,Obligate
3104,pmet_cplx5_m_REV,cplx5_m_REVNo46,Q96252,Shared
3105,pmet_cplx5_m_REV,cplx5_m_REVNo46,P92547,Shared
3106,pmet_cplx5_m_REV,cplx5_m_REVNo47,P92549,Obligate
3107,pmet_cplx5_m_REV,cplx5_m_REVNo47,Q96250,Obligate
3108,pmet_cplx5_m_REV,cplx5_m_REVNo47,Q96253,Obligate
3109,pmet_cplx5_m_REV,cplx5_m_REVNo47,Q9FT52,Obligate
3110,pmet_cplx5_m_REV,cplx5_m_REVNo47,P83484,Shared
3111,pmet_cplx5_m_REV,cplx5_m_REVNo47,Q96252,Shared
3112,pmet_cplx5_m_REV,cplx5_m_REVNo47,P92547,Shared
3113,pmet_cplx5_m_REV,cplx5_m_REVNo48,P92549,Obligate
3114,pmet_cplx5_m_REV,cplx5_m_REVNo48,Q96250,Obligate
3115,pmet_cplx5_m_REV,cplx5_m_REVNo48,Q96253,Obligate
3116,pmet_cplx5_m_REV,cplx5_m_REVNo48,Q9FT52,Obligate
3117,pmet_cplx5_m_REV,cplx5_m_REVNo48,Q9C5A9,Shared
3118,pmet_cplx5_m_REV,cplx5_m_REVNo48,Q96252,Shared
3119,pmet_cplx5_m_REV,cplx5_m_REVNo48,P92547,Shared
3120,pmet_GlyHMT_m_REV,GlyHMT_m_REVNo1,Q9SZJ5,Unique
3121,pmet_GlyHMT_m_REV,GlyHMT_m_REVNo2,Q94C74,Unique
3122,pmet_MalDH1_p_REV,MalDH1_p_REVNo1,O82399,Unique
3123,pmet_MalDH1_p_REV,MalDH1_p_REVNo2,Q9ZP05,Unique
3124,pmet_6PGDHNAD_h_REV,6PGDHNAD_h_REVNo1,Q9FWA3,Unique
3125,pmet_6PGDHNAD_h_REV,6PGDHNAD_h_REVNo2,Q9SH69,Unique
3126,pmet_6PGDHNAD_h_REV,6PGDHNAD_h_REVNo3,Q9FFR3,Unique
3127,pmet_6PGDHNADP_h_REV,6PGDHNADP_h_REVNo1,Q9FWA3,Unique
3128,pmet_6PGDHNADP_h_REV,6PGDHNADP_h_REVNo2,Q9SH69,Unique
3129,pmet_6PGDHNADP_h_REV,6PGDHNADP_h_REVNo3,Q9FFR3,Unique
3130,pmet_TA_h_REV,TA_h_REVNo1,A0A178UD24,Unique
3131,pmet_TA_h_REV,TA_h_REVNo1,Q9LYR4,Unique
3132,pmet_TA_h_REV,TA_h_REVNo2,F4IC59,Unique
3133,pmet_MalDH1_h_REV,MalDH1_h_REVNo1,Q9SN86,Unique
3134,pmet_MalDH1_h_REV,MalDH1_h_REVNo2,Q9ZP05,Unique
3135,pmet_PPIF6PK_c_REV,PPIF6PK_c_REVNo1,Q9SYP2,Unique
3136,pmet_PPIF6PK_c_REV,PPIF6PK_c_REVNo2,Q9C9K3,Unique
3137,pmet_PPIF6PK_c_REV,PPIF6PK_c_REVNo3,Q8W4M5,Unique
3138,pmet_PPIF6PK_c_REV,PPIF6PK_c_REVNo4,F4JGR5,Unique
3139,pmet_NO3R2_c_REV,NO3R2_c_REVNo1,P11832,Unique
3140,pmet_NO3R2_c_REV,NO3R2_c_REVNo2,P11035,Unique
3141,pmet_AlaTA_m_REV,AlaTA_m_REVNo1,Q9LDV4,Unique
3142,pmet_AlaTA_m_REV,AlaTA_m_REVNo2,Q9SR86,Unique
3143,pmet_AlaTA_m_REV,AlaTA_m_REVNo3,F4I7I0,Unique
3144,pmet_AlaTA_p_REV,AlaTA_p_REVNo1,Q9LR30,Unique
3145,pmet_AlaTA_p_REV,AlaTA_p_REVNo2,Q9S7E9,Unique
3146,pmet_AspAT_c_REV,AspAT_c_REVNo1,Q8GYY0,Unique
3147,pmet_AspAT_c_REV,AspAT_c_REVNo2,Q9LQ10,Unique
3148,pmet_AspAT_c_REV,AspAT_c_REVNo3,P46646,Unique
3149,pmet_AspAT_c_REV,AspAT_c_REVNo4,P46645,Unique
3150,pmet_AspAT_h_REV,AspAT_h_REVNo1,Q9SIE1,Unique
3151,pmet_AspAT_h_REV,AspAT_h_REVNo2,P46248,Unique
3152,pmet_AspAT_m_REV,AspAT_m_REVNo1,P46644,Unique
3153,pmet_AspAT_m_REV,AspAT_m_REVNo2,P46643,Unique
3154,pmet_GluDH1NADP_m_REV,GluDH1NADP_m_REVNo1,Q43314,Unique
3155,pmet_GluDH1NADP_m_REV,GluDH1NADP_m_REVNo2,Q38946,Unique
3156,pmet_GluDH1NADP_m_REV,GluDH1NADP_m_REVNo3,Q9S7A0,Unique
3157,pmet_BAATA1_h_REV,BAATA1_h_REVNo1,Q9M401,Unique
3158,pmet_BAATA1_h_REV,BAATA1_h_REVNo2,Q9M439,Unique
3159,pmet_BAATA1_h_REV,BAATA1_h_REVNo3,Q9FYA6,Unique
3160,pmet_BAATA2_h_REV,BAATA2_h_REVNo1,Q9M401,Unique
3161,pmet_BAATA2_h_REV,BAATA2_h_REVNo2,Q9M439,Unique
3162,pmet_BAATA2_h_REV,BAATA2_h_REVNo3,Q9FYA6,Unique
3163,pmet_GlyHMT_c_REV,GlyHMT_c_REVNo1,O23254,Unique
3164,pmet_GlyHMT_c_REV,GlyHMT_c_REVNo2,Q9SVM4,Unique
3165,pmet_Cysase_c_REV,Cysase_c_REVNo1,Q9LK36,Unique
3166,pmet_Cysase_c_REV,Cysase_c_REVNo2,O23255,Unique
3167,pmet_PGADH_h_REV,PGADH_h_REVNo1,Q9LT69,Unique
3168,pmet_PGADH_h_REV,PGADH_h_REVNo2,O49485,Unique
3169,pmet_PGADH_h_REV,PGADH_h_REVNo3,O04130,Unique
3170,pmet_BAATA3_h_REV,BAATA3_h_REVNo1,Q9M401,Unique
3171,pmet_BAATA3_h_REV,BAATA3_h_REVNo2,Q9M439,Unique
3172,pmet_BAATA3_h_REV,BAATA3_h_REVNo3,Q9FYA6,Unique
3173,pmet_AspAT2_c_REV,AspAT2_c_REVNo1,Q8GYY0,Unique
3174,pmet_AspAT2_c_REV,AspAT2_c_REVNo2,Q9LQ10,Unique
3175,pmet_AspAT2_c_REV,AspAT2_c_REVNo3,P46646,Unique
3176,pmet_AspAT2_c_REV,AspAT2_c_REVNo4,P46645,Unique
3177,pmet_AspAT2_c_REV,AspAT2_c_REVNo5,P46644,Unique
3178,pmet_AspAT2_c_REV,AspAT2_c_REVNo6,Q9SIE1,Unique
3179,pmet_AspAT2_h_REV,AspAT2_h_REVNo1,Q9SIE1,Unique
3180,pmet_AspAT2_h_REV,AspAT2_h_REVNo2,P46248,Unique
3181,pmet_AspAT2_h_REV,AspAT2_h_REVNo3,P46644,Unique
3182,pmet_AspAT2_m_REV,AspAT2_m_REVNo1,P46643,Unique
3183,pmet_AspAT2_m_REV,AspAT2_m_REVNo2,P46248,Unique
